            0.500687 0 0 0 0.000260388 6.78657e-05 1.56531e-05       0       0 90.0066   -0.011 -0.02329  0.04412   0.00193743 -0.000164458  -0.00102591   -0.023564 -0.00223613 -0.00114938 0 0 0 0.00148368  -0.361801   -9.80233 
            0.599756 -0.652179 -0.283504  -0.13709    0.027342 -0.00718999 -0.00710541 -6.59458e-06  8.16688e-06      90.0066 -0.0109997 -0.0232901  0.0441199 -0.00864612   0.0326312 -0.00193334  -0.0235637 -0.00223594 -0.00114934 -5.57522e-07  2.35772e-07  1.32092e-07 0.00148421  -0.361801   -9.80233 
            0.699879   0.210561   -0.67617 -0.0324529    0.0848977   -0.0036694 -7.91909e-05 -0.000927384  3.55071e-05      90.0067  -0.011001 -0.0232907  0.0441205  0.571438 0.0489063 0.0279785  -0.0239129 -0.00199916 -0.00120643 -0.000147215 -7.76343e-06 -7.03395e-06 0.0016253 -0.361794  -9.80233 
            0.801847 -0.0771673   -0.66429  -0.237132    0.219676 -0.00457092 -0.00486797 -0.00170582  0.00086269     90.0065 -0.0109957 -0.0232867  0.0441223    0.621102   0.0186161 0.000329142  -0.0238002 -0.00200859 -0.00110602 -0.000166803  1.92625e-06  4.38389e-07 0.00164414  -0.361803   -9.80233 
            0.899668 -0.942441 -0.963978   -1.2629   0.380583 -0.0178296 -0.0469335 -0.00790516 9.42728e-05     90.0067 -0.0109938 -0.0232694  0.0441317    0.877041 -0.00108847   -0.125224   -0.0234567  -0.00191523 -0.000858263  -0.00126491 -0.000110728  0.000480395 0.00270315  -0.361685   -9.80233 
            0.999674    1.0658  -1.69867 -0.575757    0.18767 0.00278654 -0.0232168  0.0867565 0.00505339    90.0026 -0.0109519 -0.0232716  0.0444436   0.099439  0.0106345 -0.0208215   -0.0244197  -0.00145682 -0.000916474   0.0155972 0.000721777 -0.00175911 -0.0135266  -0.362439   -9.80229 
             1.09966  0.366318 -0.803961  -1.16058   0.175294 0.00399919 0.00176571   0.10618 0.0124481   90.0013 -0.0109843 -0.0232414  0.0444147   0.0519649 -0.00338218   0.0589567   -0.0242397  -0.00180666 -0.000722979  0.0190726 0.00194286 -0.0053867 -0.016924 -0.363681  -9.80224 
             1.20026  0.520464 -0.779929 -0.980414   0.181752 0.00128206  0.0202459  0.107907 0.0141481   90.0013 -0.0109874 -0.0232335  0.0444165 0.0118124 -0.027546 0.0756465   -0.0243069  -0.00181823 -0.000781358   0.0193528   0.0022296 -0.00587993 -0.0172025  -0.363968   -9.80223 
             1.29962 0.0316696 -0.767725  -1.51048   0.136155 -0.0218362 0.00552606   0.16369 0.0469665   89.9993 -0.0109859 -0.0232327    0.04438  -0.121227 -0.0769263  0.0275811   -0.0241381   -0.0017838 -0.000733729   0.0293055  0.00820884 -0.00264238 -0.0267644  -0.369464     -9.802 
             1.40029 -0.162644  -0.79481  -1.44898    0.108876  -0.0311181 -0.00476575  0.182618 0.0508955   89.9987 -0.0109845 -0.0232276  0.0443735   -0.171123  -0.0745951 -0.00148635   -0.0240911  -0.00177987 -0.000712558   0.0326794  0.00901073 0.000106196 -0.0299617   -0.37008   -9.80197 
             1.49982 -0.803146  -1.37482 -0.703198    0.12201 -0.0294371  -0.022541  0.126989 0.0343801   90.0005 -0.0109678   -0.02326  0.0443673   -0.12605 -0.0220075 -0.0352784  -0.0237167 -0.00121738 -0.00151958  0.0227587 0.00619295 0.00364033 -0.0203477  -0.367427   -9.80209 
             2.89957 -0.233434  -2.42593 -0.905075  -0.417802 0.00860923 -0.0234526   0.136278 0.00393876    90.0005 -0.0109578 -0.0232555  0.0443543  -0.858668  0.0635336 -0.0319573   -0.0240865 -0.000719196  -0.00142242   0.0244561 0.000576378 -0.00129737  -0.02194 -0.362221  -9.80229 
              2.9997 -1.14997 -2.38075 -1.46808  -0.0973956 -0.00514938  -0.0413275   0.115728 0.00585383    90.0013 -0.0109574 -0.0232543  0.0443559  0.0737786  0.0492034 -0.0240723   -0.0240152 -0.000572051  -0.00138829    0.0207385  0.000970802 -0.000146254 -0.0183853  -0.362627   -9.80228 
             3.09993 -0.949402 -0.715702  -1.24293   0.216704 -0.0266598 -0.0569404   0.141626 0.00321776    89.9982 -0.0109326 -0.0232756  0.0443721   1.16359 -0.044185 -0.117803  -0.0251373 -0.00620418 -0.00131323  0.0253236 0.00057141 0.00205564 -0.0226706  -0.362096   -9.80229 
             3.20313 -0.554891  -1.32748  -1.04667   0.142715 -0.0148873 -0.0386355  0.0986002 0.00659449    90.0004 -0.0108976 -0.0233115  0.0444353   0.275452  0.0287014 -0.0513042  -0.0258675 0.000699653 -0.00319197    0.0177295    0.0010797 -0.000775743 -0.0154062  -0.362798   -9.80228 
             3.30146 -0.578321 -0.769552   -1.1686   0.144503 -0.0186182 -0.0325624 0.0960607 0.0101803   90.0003 -0.0109019 -0.0233103  0.0444332   0.195563  0.0112235 -0.0213219  -0.0249867  -0.0032394 -0.00221927   0.0172796  0.00179068 -0.00266639 -0.0150126  -0.363458   -9.80225 
             3.39966 -0.642752  -1.36235   -1.1385   0.131562 -0.0158376 -0.0111498  0.100581 0.0155419   90.0011 -0.0108667  -0.023322  0.0444474  0.0846139 0.00668089  0.0290028  -0.0246128  0.00165512 -0.00226955   0.0181744  0.00263283 -0.00757518 -0.0158768  -0.364287   -9.80222 
             3.49968  0.207647 -0.755181  -1.31065   0.108495  -0.016418 0.00189317      0.11 0.0223878   90.0012   -0.01086 -0.0233212  0.0444538  0.0111129 -0.0155465  0.0480631  -0.0266211  0.00202879 -0.00235974    0.020053  0.00387125 -0.00965178 -0.0175405  -0.365389   -9.80218 
             3.60078 -0.249342 -0.702727  -1.43478   0.0976664  -0.0183039 -0.00706538  0.121493 0.0252435   90.0009 -0.0108626  -0.023318  0.0444504 -0.0213675 -0.0116194  0.0214414  -0.0243441  0.00200752 -0.00214625   0.0223392  0.00451718 -0.00653623 -0.0194788  -0.365838   -9.80216 
             3.69954 0.567798 -1.40031 -1.21902   0.0830271  -0.0147918 -0.00158869   0.135109 0.00753434    90.0003 -0.0108729 -0.0233252  0.0444543 -0.0678831 -0.0247186   0.024171   -0.028285  0.00533022 -0.00312753   0.0249978  0.00111939 -0.00499716 -0.0217288  -0.362747   -9.80227 
             3.80185  0.372738 -0.936617  -1.09416  0.0926938 -0.0190238 0.00267385  0.107174 0.0114321    90.001 -0.0108775 -0.0233338  0.0444572 -0.0286672 -0.0369166  0.0323282  -0.0263857  0.00227472 -0.00403411   0.0195055  0.00181786 -0.00724369 -0.0169471  -0.363547   -9.80225 
             3.89954 0.0727568 -0.555938  -1.13927  0.0960304 -0.0252243 -0.0124578  0.096924 0.0235281   90.0018 -0.0108731 -0.0233204  0.0444557 -0.00743094  -0.0405833 -0.00302621    -0.024477 -0.000351573  -0.00370291  0.0176138 0.00441518 0.00134676 -0.0151814  -0.365616   -9.80217 
             3.99967 0.0400876 -0.657384  -1.25585  0.0920716 -0.0256603 -0.0141373  0.106591 0.0101585   90.0013 -0.0108752  -0.023321  0.0444598   -0.015384  -0.0380535 -0.00488514  -0.0239015 0.000198147 -0.00277312  0.0194892 0.00183165 0.00153508 -0.0167797  -0.363294   -9.80226 
             4.09968 -0.234133 -0.916593  -1.14417   0.100432 -0.0281209 -0.0108989  0.0728918 0.00609192     90.002 -0.0108689 -0.0233284  0.0444575 0.00279516 -0.0359345 0.00559007   -0.021662  0.00211239 -0.00338764   0.0128644 0.000884305  -0.0042747 -0.0110059    -0.3628   -9.80228 
             4.20034 -0.555281 -0.773284  -1.02378  0.0926908 -0.0245793 -0.0179208   0.101115 -0.0119223    90.0011 -0.0108691 -0.0233231  0.0444659  -0.0116656 -0.00396572 -0.00691693  -0.0195866  0.00089485 -0.00405051    0.0184153   -0.0024916 -0.000326104 -0.0157771   -0.35958   -9.80239 
             4.30404 -0.0894085  -0.893511   -1.19082  0.0965493 -0.0219781 -0.0194469   0.083193 -0.0356076    90.0011 -0.0108746 -0.0233282  0.0444594 -0.00373475 -0.00848667  -0.0122774  -0.0222081  0.00165678 -0.00290128   0.0149739 -0.00702386  0.00225512 -0.0126285  -0.355577   -9.80254 
             4.40069 0.0160045 -0.786315    -1.202  0.0954063 -0.0243129 -0.0149811  0.086443 -0.035475   90.0009 -0.0108744  -0.023327  0.0444622  -0.0042291  -0.0187461 -0.00189686  -0.0224889 0.000923332 -0.00278845   0.0155232  -0.0071495 -0.00308132 -0.0131786  -0.355628   -9.80254 
             4.49975  0.16313 -0.85938 -1.42325  0.0965534 -0.0171576 -0.0127609  0.0809639 -0.0767491    90.0002  -0.010888 -0.0233262   0.044443  -0.00505583 -0.000702657   0.00335974  -0.0230603  0.00130494 -0.00148658    0.014394  -0.0152937 -0.00681694 -0.0120879  -0.348608    -9.8028 
             4.60045  0.384405 -0.262438  -1.14175    0.102406  -0.0232207 -0.00897087  0.0678886 -0.0625814    90.0008 -0.0108928 -0.0233242  0.0444539  0.0258333 -0.0297397 0.00786775  -0.0238902 -0.00185291  -0.0029232    0.011802  -0.0125907 -0.00894342 -0.00987887   -0.351106    -9.80271 
             4.69958 -0.106416   -0.4461  -1.21695   0.112989  -0.023446 -0.0112764  0.0444853 -0.0603836    90.0014 -0.0108912 -0.0233245  0.0444592   0.042823 -0.0178769 0.00675377   -0.0209108 -0.000739719  -0.00244773  0.00724747  -0.0121511 -0.00848376 -0.00586251   -0.351566     -9.8027 
             4.79989  0.213802 -0.748829  -1.01009   0.0983216  -0.0249208 -0.00603216  0.0932046 -0.0685217    89.9995 -0.0108931 -0.0233214  0.0444682 0.00600578 -0.0263971  0.0121116   -0.022316 0.000498479 -0.00345115 0.0166483 -0.013862 -0.012592 -0.0141642   -0.35001   -9.80274 
             4.90004 -0.330504  -1.03418  -1.31779  0.0957049 -0.0200006 -0.0108167   0.100072 -0.0724215    89.9992 -0.0108947 -0.0233221  0.0444832 -0.00835477  0.00615147  0.00392706   -0.019301  0.00181517 -0.00184671   0.0179645   -0.014552 -0.00952867 -0.0152715  -0.349278   -9.80277 
             4.99964 0.609114 -1.38072 -1.10647  0.0934157 -0.0171884 -0.0135357  0.0993184 -0.0956761    89.9984 -0.0109121 -0.0233495  0.0444785  -0.0265502  -0.0144774 -0.00307077  -0.0235895  0.00334542 -0.00280875   0.0178928  -0.0188655 -0.00392415 -0.0150916  -0.345302   -9.80291 
             5.09968 0.298185 -1.42819 -1.48842   0.0939129  -0.0191373 -0.00664029 0.0921437 -0.091974   89.9988 -0.0109084 -0.0233421  0.0444752 -0.0308326 -0.0175192  0.0115751 -0.0217402  0.0034908 -0.0009599  0.0163815 -0.0184208 -0.0119939 -0.013846 -0.345986  -9.80289 
             5.19977  0.347118 -0.335033  -1.07782  0.0919958  -0.022609 -0.0170005  0.0966815 -0.0836712    89.9991  -0.010883 -0.0233498  0.0444728 -0.00609107  -0.0276258 -0.00925464  -0.0218367 -0.00161052 -0.00278142   0.0174868  -0.0164779 -0.00100089 -0.0147304  -0.347304   -9.80284 
             5.30199 0.0841254 -0.375066  -1.39567  0.0957773 -0.0243216 -0.0199287  0.0883727 -0.0811558    89.9994 -0.0108839 -0.0233501  0.0444802 0.00569347 -0.0260488 -0.0104915  -0.0203875 -0.00140467 -0.00130083    0.0158703   -0.0159329 -2.89753e-05 -0.0133108  -0.347783   -9.80282 
             5.39964 -0.113901 -0.689924  -1.37124   0.098488 -0.0307063 -0.0185183   0.083761 -0.0706156    89.9997 -0.0108783 -0.0233536  0.0444736   0.0134092  -0.0499281 -0.00701498   -0.0193202 -6.40174e-05  -0.00138291   0.0149438  -0.0139576 -0.00259531 -0.012566 -0.349631  -9.80276 
             5.50808 -0.080153 -0.619805  -1.14793  0.0835905 -0.0311983 -0.0138273   0.112478 -0.0831532    89.9983 -0.0108756 -0.0233472  0.0444768  -0.0386502   -0.042499 -0.00494884    -0.019255 -0.000441494  -0.00249367   0.0204176  -0.0165835 -0.00772724 -0.017391  -0.34741  -9.80283 
             5.59963  0.722324 -0.939286  -1.78351   0.0837699  -0.0323061 -0.00654197    0.10739 -0.0989723    89.9982 -0.0108878  -0.023333  0.0444566 -0.0251412  -0.056032  0.0136404  -0.0202214  -0.0003443 -0.00226005  0.0193244 -0.0198656 -0.0132547 -0.0164218  -0.344757   -9.80293 
              5.7015 0.233698 -1.09878 -2.04218   0.0881287  -0.0324602 -0.00291712 0.0962997 -0.104303   89.9986 -0.0108929 -0.0233311   0.044457 -0.0266158 -0.0265507  0.0237192  -0.0188654 -3.5436e-05 -0.00206674  0.0171583 -0.0209466 -0.0146312 -0.0144958  -0.343914   -9.80296 
             5.80223   0.48254 -0.929907   -2.0894   0.0777095  -0.0280429 -0.00172293  0.105025 -0.116045   89.9983 -0.0108937 -0.0233348  0.0444536 -0.0435776 -0.0354224  0.0484705   -0.0194323 -0.000621692  -0.00189944  0.0188701 -0.0232084  -0.013529 -0.0159094  -0.341838   -9.80303 
             5.89981  0.540152 -0.013136   -1.1983   0.0793311  -0.0278682 0.000733118 0.0982631 -0.119965   89.9986 -0.0108643 -0.0233491  0.0444666 -0.0651025 -0.0282116   0.100842   -0.0190643 -0.000582715  -0.00200557  0.0176025 -0.0238668 -0.0108529 -0.0147256  -0.341217   -9.80305 
              5.9999  0.631995  0.491574 -0.717498  0.0706546 -0.0178566 0.00624723 0.0982377 -0.121859   89.9989 -0.0108548 -0.0233435  0.0444572 -0.0830126  0.0278273    0.12206   -0.0136629 -0.000379571  -0.00311282  0.0179491 -0.0239448 -0.0079089 -0.0149199  -0.341054   -9.80306 
             6.09992   3.29219   1.53975 -0.669482  0.0873819 0.00316677  0.0267728 0.0848265 -0.132319   90.0049 -0.0108723 -0.0232426  0.0443139 0.00384958   0.148439   0.146388 -0.00801421 -0.00627156 -0.00278777    0.015798  -0.0255279 -0.00956513 -0.0128698  -0.340007    -9.8031 
             6.19964   5.97651    1.4364 -0.954195 0.0885889 0.0404459 0.0198366   0.08638 -0.147539   90.0066 -0.0108788  -0.023306  0.0441211 0.0336607   0.32076 0.0451216 -0.00508748  -0.0071376 -0.00266174   0.0159712  -0.0278777 -0.00389333 -0.0129821   -0.33765   -9.80318 
             6.29984   7.57775   1.53791 -0.715361  0.151229 0.0727181 0.0113802 0.0511372 -0.136118   90.0163 -0.0108712 -0.0233374  0.0442402    0.182741    0.468444 -0.00179082 -0.00099905 -0.00827744 -0.00495011  0.00990967  -0.0260615 -0.00237872 -0.00775963   -0.339369    -9.80312 
             6.40048    8.33513 -0.0589051  -0.790026    0.124635    0.129711 -0.00507087 0.0709063 -0.133963    89.999 -0.0108877 -0.0234167    0.04435   0.082729    0.60192 -0.0424275  -0.0020574 -0.00284296 -0.00493427   0.0135122  -0.0248644 0.000862496 -0.0110893  -0.339657   -9.80311 
             6.49949  8.71809 0.661222 0.204085    0.21511   0.156502 0.00219285 0.0342766 -0.076396   90.0358 -0.0109203 -0.0234925  0.0442345   0.243186   0.646112 -0.0431454 -0.00163181 -0.00524942 -0.00784278  0.00537236  -0.0134318 -0.00527703 -0.00392306   -0.349979    -9.80275 
             6.60036   9.5236  1.59414 0.833545   0.235608   0.219711 -0.0438413  0.0408039 -0.0855941    90.0246  -0.010903 -0.0236063  0.0442483  0.282914  0.741762 -0.108155 -0.00519429 -0.00929135 -0.00909245  0.00616479 -0.00968828  0.00293296 -0.00525925   -0.350421    -9.80274 
             6.69955 12.6751  3.1265 1.70413   0.264588   0.224991 0.00829201  0.048823 -0.030001   90.0011 -0.0110805 -0.0234673  0.0440118  0.382171  0.578773 -0.035504 -0.0143077  -0.015377 -0.0106367   0.0087696   0.0029854 -0.00782157 -0.00672792    -0.36241     -9.8023 
             6.79965 14.1404 3.30577 2.00599  0.274714  0.243936 0.0458498  0.0623338 0.00184908    89.9538 -0.0110299 -0.0234052  0.0439274  0.402671   0.48339 0.0124482 -0.0189159 -0.0163656 -0.0111749  0.0133325 0.00920706 -0.0139939 -0.00974199   -0.369311    -9.80204 
             6.89997 15.5307  3.9793 1.65264   0.30423  0.235275 0.0685395  0.068771 0.0519189   89.9237 -0.0109254 -0.0233845  0.0438934 0.451656  0.34575 0.032408  -0.0233605  -0.0179578 -0.00941625  0.0159869  0.0245844 -0.0172834 -0.0107405  -0.381696   -9.80156 
             6.99981  19.805 4.83018 3.02839  0.293923  0.226746 0.0867942 0.0899428 0.0738693   89.8197 -0.0109638 -0.0233053  0.0441996  0.439337  0.157404 0.0424567 -0.0255198 -0.0174735 -0.0108511 0.0239044 0.0337289 -0.018081 -0.0166103  -0.389659   -9.80124 
             7.09944 19.2961  5.3032 2.76961  0.300739  0.208509 0.0999889  0.102261 0.0950857   89.7564 -0.0109415  -0.023372  0.0440409  0.450919 0.0237755 0.0443804 -0.0256335 -0.0163682 -0.0105087  0.0286705  0.0405436 -0.0190697 -0.0196615   -0.39608   -9.80098 
             7.20449 18.4757 5.28685 2.26193 0.317705 0.157822 0.120416 0.112384 0.133547  89.7086  -0.010825 -0.0235298  0.0437204  0.480928 -0.136447 0.0538314  -0.0252563    -0.01403 -0.00933061  0.0325578  0.0487455 -0.0218467 -0.0208664  -0.404779   -9.80062 
             7.30054 18.8878 5.47129  2.4755 0.331405 0.127543 0.138954 0.122686 0.137911  89.6511 -0.0108198 -0.0235903  0.0436483  0.508844 -0.231343 0.0528793  -0.0259335  -0.0134948 -0.00965358  0.0368281   0.047135 -0.0234083 -0.0239229  -0.406276   -9.80055 
             7.39973 18.5559 5.34673 1.74535 0.343465 0.116484 0.139186 0.131466 0.124735  89.5926 -0.010861 -0.023656   0.04381  0.517862 -0.248263 0.0196196 -0.0254823 -0.0115715 -0.0073544  0.0405446  0.0455494 -0.0220301 -0.0278239  -0.405864   -9.80056 
             7.49958 16.6453 5.37223 1.57468 0.359036 0.102676 0.126154 0.138806 0.111534   89.539 -0.0108802 -0.0236522  0.0439461  0.533594 -0.268375 -0.013777  -0.0243113  -0.0106112 -0.00635435 0.0438555 0.0470772 -0.019294 -0.0316542  -0.405922   -9.80055 
             7.60367 14.5538 5.64013 1.67851  0.428176 0.0769654  0.116385 0.134898 0.102029  89.5554 -0.0108931 -0.0235727  0.0439826   0.655661  -0.362952 -0.0143432  -0.0264351  -0.0110725 -0.00622737   0.042316  0.0482474 -0.0174633 -0.0313089  -0.403872   -9.80063 
             7.69954 11.9131 5.38379 1.58533  0.496549 0.0369391  0.103003 0.134035 0.099163  89.5527 -0.0108953 -0.0235062    0.04393   0.745024  -0.444735 -0.0333868  -0.0256569 -0.00964959 -0.00535411  0.0423031  0.0513516 -0.0156919 -0.0319732   -0.40365   -9.80064 
             7.79997   8.99849   4.58828 0.0389644  0.564616 0.0115585 0.0637123  0.133702 0.0841281    89.544 -0.0109471 -0.0233065  0.0439343   0.810819  -0.446771 -0.0738566  -0.0231504 -0.00702574 -0.00125759  0.0419522  0.0579464 -0.0102058 -0.0340062  -0.401325   -9.80073 
             7.89971    7.6254   5.28414 0.0511461    0.64114 -0.0429992  0.0632145  0.137221 0.0897433   89.5337 -0.0109426 -0.0233201  0.0439695    0.89686  -0.566394 -0.0689662  -0.0244837  -0.0088361 -0.00116373  0.0429314  0.0574545 -0.0109403 -0.0345667  -0.402204   -9.80069 
             7.99966    5.01698    3.63993 -0.0773256  0.749208 -0.103045 0.0907768  0.136687 0.0979877   89.5566 -0.0108263 -0.0236481  0.0440008   0.950137  -0.612342 -0.0157331  -0.0209074 -0.00354632 -0.00142183  0.0421188  0.0478044 -0.0184399 -0.0295342  -0.405571   -9.80057 
             8.09965  3.28215  2.90867 -0.36657  0.851238 -0.156892 0.0861372  0.131892 0.0928133   89.5673 -0.0108194 -0.0236524  0.0439402     1.01146   -0.656382 -0.00709616  -0.0201399 -0.00194077  -0.0012845  0.0407924  0.0475652 -0.0180075 -0.0285703  -0.404377   -9.80062 
              8.1996  2.42361  3.92858 -0.79793  0.962049 -0.190451  0.056851  0.128718 0.0397095   89.5629 -0.0108407 -0.0236002  0.0437882    1.10638  -0.630325 -0.0373444   -0.0197662  -0.00486491 -6.66311e-05  0.0400887  0.0451977 -0.0108471 -0.0314392  -0.394652   -9.80101 
             8.30159  1.74302  3.97418 -1.79297   1.09145 -0.232304 0.0341317 0.121298 0.016265  89.5691 -0.0108748 -0.0235626  0.0435813    1.20101  -0.610608 -0.0610358  -0.0180255 -0.00476655  0.00249569  0.0383084  0.0453162 -0.0068241 -0.0318754  -0.389421   -9.80122 
             8.39958 0.175457  2.35731 -1.89529   1.18485 -0.259177 0.0213017    0.126414 -0.00534583     89.5604 -0.0108281 -0.0235503  0.0434061   1.17871 -0.526764 -0.064041   -0.0135122 -0.000409474   0.00269598   0.0394266   0.0435512 -0.00534777 -0.0331481   -0.38614   -9.80134 
             8.49954  0.82873  2.50977 0.127483     1.25514   -0.264028 -0.00891723   0.139521 -0.0609947    89.5435 -0.0107213 -0.0235726  0.0430471    1.17642  -0.477879 -0.0919173  -0.0153638 -0.00131314 -0.00288972  0.0423244  0.0386998 0.00269143 -0.0388341  -0.375723   -9.80172 
             8.60331 -0.332021  0.217653 -0.590683     1.2923  -0.271368 -0.0141318   0.165412 -0.0858328    89.5391  -0.010635 -0.0235482  0.0429699   1.04373   -0.3963 -0.083528   -0.0122272   0.00465321 -0.000865032  0.0476853  0.0344783 0.00297895 -0.0427901  -0.372289   -9.80184 
             8.70035 -1.65806 -0.84758 -1.80145    1.32754  -0.265863 -0.0391982 0.192572 -0.10498  89.5417 -0.0107017 -0.0235827  0.0430043   0.92784  -0.26593 -0.102426 -0.00858327  0.00710347    0.002517 0.0528777 0.0335125 0.0081531 -0.0492867  -0.367063   -9.80201 
             8.79985 -2.15174 -1.76785  -1.0647    1.34465  -0.268977 -0.0366195  0.229911 -0.124984    89.553 -0.0106165  -0.023552  0.0430186   0.785831  -0.202886 -0.0890414 -0.00737013  0.00915208 0.000600146  0.0600684  0.0298193 0.00613359 -0.0539687   -0.36526   -9.80205 
             8.89976 -2.14213 -1.13432 -2.38218    1.41034  -0.278512 -0.0312067  0.243182 -0.141107   89.5565 -0.0106068 -0.0235359  0.0428955   0.772436  -0.170006 -0.0746008 -0.00732011  0.00694162   0.0042796  0.0623814  0.0270586 0.00187354 -0.0539814  -0.364066   -9.80209 
             8.99968 -2.63461 -1.70716 -4.61833    1.48176  -0.280229 -0.0392798  0.246345 -0.152316   89.5604 -0.0107329 -0.0235361  0.0428211   0.724191 -0.0917815 -0.0771294 -0.00578558  0.00820437   0.0104551  0.0629359  0.0259926 0.00127334 -0.0541448  -0.362175   -9.80216 
             9.10386 -3.44667 -3.25353 -3.16856    1.47444  -0.263315 -0.0164959  0.294444 -0.167219   89.5961 -0.0106909 -0.0234594  0.0426821    0.506764 0.000393636  -0.0335749 -0.00360724   0.0117974  0.00604432   0.0716013   0.0246749 -0.00753649 -0.059066 -0.360103  -9.80221 
             9.19969  -3.3562 -5.22754 -1.99409   1.49719 -0.250729 -0.012569  0.31554 -0.17579   89.613 -0.0106264 -0.0233427  0.0426942   0.417892  0.0825431 -0.0268123 -0.00373603   0.0136312    0.003502   0.0752223   0.0237253 -0.00987319 -0.0615594  -0.357754   -9.80228 
             9.29952  -2.22616  -7.63423 -0.778982     1.51134   -0.237188 -0.00603294  0.335352 -0.179648   89.6291  -0.010564 -0.0231286  0.0427297    0.33154   0.104815 -0.0207447 -0.00470592   0.0131456  0.00324486  0.0786538  0.0237575 -0.0126296 -0.0640922  -0.356136   -9.80232 
             9.39956    0.0473  -10.3292 -0.843772   1.51656 -0.248064 0.0150947  0.347784 -0.178934   89.6403  -0.010461 -0.0229712  0.0428575    0.171071 0.000959534   0.0131221 -0.00764452   0.0145332  0.00372166  0.0809316  0.0251809 -0.0180549 -0.0654762  -0.356352   -9.80231 
             9.49959 -0.183471  -11.9067  -1.14349   1.54141 -0.260832 0.0192027  0.341595 -0.172758   89.6356 -0.0104758 -0.0229966  0.0428539  0.121303 -0.030764 0.0179346 -0.00759237   0.0138708  0.00423144 0.0799821 0.0260968  -0.01826 -0.0649266  -0.357882   -9.80225 
             9.59957  1.13104 -15.0776 -2.32279   1.52326 -0.286846 0.0136524  0.353929 -0.163908   89.6501 -0.0103979 -0.0230661  0.0430066  0.0733835  -0.131533 -0.0185598 -0.00997266   0.0142943  0.00668319  0.0826816  0.0265657 -0.0173756 -0.0663063  -0.359008    -9.8022 
             9.70066   2.6099 -15.3803 -2.38173   1.52952 -0.326767 0.0285869   0.35498 -0.163635    89.656 -0.0102877  -0.023001  0.0429826 0.00143134  -0.267585  0.0102555 -0.0129533   0.013234 0.00698415  0.0828201  0.0275783 -0.0199105 -0.0662601   -0.35919    -9.8022 
             9.80099  3.50259 -14.1053 -2.01287   1.49471 -0.376957 0.0405883  0.367529 -0.158981   89.6737 -0.0102117 -0.0229323  0.0428175 -0.0895121  -0.397617  0.0255672 -0.0149717  0.0110721 0.00650245  0.0851619  0.0290511 -0.0220025 -0.0676711    -0.3594   -9.80218 
             9.89973  3.94187 -14.8792 -1.79658   1.48853 -0.386297 0.0364213 0.368472 -0.17458  89.6499 -0.0102023 -0.0229301  0.0429384 -0.0782643  -0.432879  0.0142677 -0.0162933 0.00950918 0.00596558  0.0855023  0.0253319 -0.0203602  -0.06743 -0.355856  -9.80231 
              9.9996  5.19491 -15.2445 -1.94927   1.46265 -0.437543 0.0275214  0.374083 -0.175897    89.658 -0.0101138   -0.02291  0.0427895  -0.0915306   -0.570941 -0.00743584 -0.0193736  0.0070978 0.00612157  0.0890399   0.024498 -0.0198578 -0.0665768  -0.355407   -9.80233 
             10.1022  5.38793 -15.9215 -2.23561   1.43469 -0.451801 0.0360913  0.379486 -0.201787   89.6067 -0.0102392 -0.0229103   0.042955  -0.151622  -0.601992 0.00520798 -0.0200339 0.00813301 0.00664947  0.0874383  0.0189745 -0.0196505 -0.0685603  -0.349114   -9.80255 
             10.1999  5.19243 -13.5085 -3.00062   1.44435  -0.50098 0.0139012   0.37251 -0.207293    89.583 -0.0102153   -0.02287  0.0431978 -0.0515723  -0.657714 -0.0185323 -0.0194239 0.00222719 0.00866143  0.0891087  0.0157372 -0.0164521 -0.0663056  -0.347773   -9.80261 
             10.2999  4.90528 -14.0991 -2.33746    1.47417  -0.521351 -0.0219074   0.35681 -0.233949   89.4976 -0.0101321 -0.0229158  0.0437424  0.0504912   -0.65434 -0.0590535 -0.0200805 0.00128369 0.00707545   0.089762 0.00595489 -0.0104607 -0.0624991  -0.341533   -9.80285 
             10.3997  5.09742 -13.6504 -2.34051    1.47981   -0.56951 -0.0302351  0.357679 -0.248703    89.459 -0.0101627 -0.0229224  0.0438571   0.107854  -0.708158 -0.0584271   -0.0207891 -0.000699347   0.00683322   0.0898245  0.00185698 -0.00952351 -0.0625962   -0.33791   -9.80298 
             10.4995   5.3974 -12.3648 -2.08776   1.50539 -0.573609 -0.047429  0.352322 -0.301152   89.3101 -0.0102081 -0.0229765  0.0443026   0.246919  -0.677708 -0.0693212  -0.022455 -0.0043659 0.00661741   0.0881178  -0.0129198 -0.00576441 -0.0618728  -0.325801   -9.80339 
              10.604   5.5408 -10.9824 -5.80482   1.53037 -0.637764 -0.051789  0.356865 -0.309524     89.29 -0.0103515 -0.0230346  0.0443283   0.325729  -0.775374 -0.0759208  -0.0225995 -0.00466493  0.00701485   0.0872145  -0.0147354 -0.00609237 -0.0629346  -0.323999   -9.80345 
             10.6997  4.50569 -11.3204 -5.92042    1.56522  -0.674513 -0.0759771  0.349895 -0.325504   89.2344 -0.0104788 -0.0229974  0.0444872  0.397636 -0.738342 -0.108904  -0.0214252 -0.00401909  0.00763787   0.0902901  -0.0207285 -0.00354465 -0.0606839  -0.318939   -9.80363 
             10.7996  3.05827 -11.4644 -6.39944    1.58882   -0.70416 -0.0817093   0.36643 -0.345038    89.179 -0.0106113 -0.0231084  0.0447264   0.386726  -0.656571 -0.0920492  -0.0183484 -0.00190328  0.00866855   0.0884028  -0.0255378 -0.00449151 -0.0629199  -0.314226   -9.80376 
             10.8997  3.86962 -10.0191 -8.94864   1.60799 -0.698906 -0.115202  0.364557 -0.364712   89.1028 -0.0107881 -0.0231535  0.0447901  0.371835 -0.590795  -0.13452  -0.0176254 -0.00116467   0.0141539   0.0941297  -0.0335146 -0.00159267 -0.0604627   -0.30602   -9.80404 
             11.0057  3.02779  -9.1138 -8.97386   1.64953 -0.707807 -0.120147  0.374212 -0.384032   89.0516 -0.0109437 -0.0232171  0.0447876  0.446755 -0.544013 -0.122415  -0.0150962 -0.00218806   0.0143808   0.0924137  -0.0382613 -0.00223323 -0.060967 -0.301924  -9.80416 
             11.0997  3.45813 -8.03697  -8.9608   1.69416 -0.703903 -0.122268 0.386407 -0.40815  88.9895 -0.0110105 -0.0232771  0.0447184   0.53072 -0.525953 -0.115138 -0.0151415 -0.0040649  0.0145476   0.0910799  -0.0441251 -0.00254267 -0.060427 -0.296881  -9.80432 
             11.1993  3.02777 -9.69723 -9.14083    1.7102  -0.70057 -0.135288  0.409679 -0.424276   88.9492 -0.0108403 -0.0231954   0.044805  0.504522 -0.487252 -0.115709   -0.0132468 -0.000262263    0.0147603   0.0938604  -0.0484795 -0.00299286 -0.0600258  -0.289505   -9.80454 
             11.3002  1.19019 -11.2116 -10.0844   1.75805 -0.741318 -0.136417  0.424326 -0.425519   88.9534 -0.010666 -0.023218 0.0449292   0.509361  -0.458703 -0.0952408 -0.00897222  0.00281306   0.0163415   0.0925121  -0.0478903 -0.00463077 -0.0604181  -0.288867   -9.80456 
             11.3997  1.62945 -12.1075 -12.1581   1.79574 -0.759729 -0.133871  0.446453 -0.435859   88.9265 -0.0105732 -0.0232393  0.0450272   0.477886  -0.447134 -0.0790038 -0.00887313  0.00501659   0.0201213   0.0929498  -0.0509002 -0.00571587 -0.0593199  -0.283723   -9.80472 
             11.5004 -0.0360199   -11.1358   -11.0795   1.80153 -0.737193 -0.185461  0.461619 -0.431617   88.9245 -0.0103263 -0.0230674  0.0451909  0.486178 -0.299848 -0.127092 -0.0059909 0.00274213  0.0178907    0.105319  -0.0519483 -0.00376744 -0.0569664  -0.272929   -9.80504 
             11.6015 -0.110486   -12.113  -12.7268   1.83856 -0.732787 -0.225297  0.466116 -0.432148   88.9147 -0.0102525 -0.0230342  0.0452557  0.490571 -0.228858 -0.158749 -0.00537309  0.00414704   0.0208162    0.112774  -0.0534922 -0.00158375 -0.0537266  -0.267165   -9.80521 
             11.6996  -1.6384 -12.4356 -10.4694    1.8565 -0.750133 -0.222903 0.495987 -0.42205  88.9232 -0.0102143 -0.0229177  0.0453736  0.450672 -0.186074 -0.138486 -0.00435577  0.00433906    0.018794    0.112021  -0.0505618 -0.00483328 -0.0573977  -0.261743   -9.80534 
             11.7996 -1.42376 -12.7502 -11.7305   1.88032 -0.744498 -0.259358  0.500561 -0.411764   88.9259 -0.0101744 -0.0227936  0.0454412  0.427397 -0.113566 -0.170189 -0.00411833  0.00459366   0.0199801   0.119422 -0.0500781 -0.0031024 -0.0564037  -0.255309   -9.80551 
             11.8997 -3.23507 -10.3332 -10.0261   1.91221 -0.760931  -0.25126  0.522475 -0.404484   88.9335 -0.0102134  -0.022749  0.0454744   0.503862 -0.0707478  -0.149022 -0.0033524 0.00318172   0.019038    0.115854   -0.047409 -0.00645953 -0.0599049  -0.253047   -9.80555 
             12.0002 -3.93355 -12.7224 -11.8043    1.9157 -0.711535 -0.284874  0.548794 -0.392206   88.9282 -0.0101635 -0.0225954  0.0455673  0.408764  0.117271 -0.173665 -0.00190395  0.00523944   0.0201859    0.124352  -0.0466214 -0.00598915 -0.058432 -0.241631  -9.80585 
             12.0995 -3.05549  -12.464 -11.8357    1.9399 -0.710958 -0.269934  0.571653 -0.393866   88.9241  -0.010088 -0.0225962  0.0455797  0.406247  0.111791 -0.141006 -0.00324096  0.00489309   0.0199295    0.120233  -0.0455331 -0.00934848 -0.060211 -0.239569  -9.80589 
             15.7744 -2.16323 -13.3351 -11.3453   2.95135 -0.126642 -0.862918  0.606067 -0.367311   88.9379 -0.0100378 -0.0224077  0.0456051 0.444802  1.94812 -1.00374 -0.00472419  0.00620837   0.0188384   0.127059 -0.0413216 -0.0109614 -0.0630148  -0.226084   -9.80619 
             15.9995  1.47724 -28.1762 -20.5475  3.01099 0.313897 -1.09536 0.606071  -0.3673  88.9379 -0.0100376 -0.0224077  0.0456051 -0.121921   2.08126  -1.08145 -0.00473462  0.00620785   0.0188506   0.127054 -0.0413173 -0.0109644 -0.0630201  -0.226086   -9.80619 
             16.1001  8.37133 -33.0523 -21.6129  3.00628 0.601973 -2.01393   0.59908 -0.368306   88.9372 -0.010065 -0.022433 0.0456133 -0.606825   2.11296  -2.95796 -0.00476243  0.00607816   0.0188869    0.129466  -0.0422518 -0.00918191 -0.0619425  -0.226867   -9.80618 
             16.1997  2.65185 -32.3046 -20.0639  2.95226 0.485734 -2.28424 0.598727 -0.36983  88.9335 -0.0101568 -0.0224205  0.0454795 -0.854407   1.35811  -2.89246 -0.0133618  0.0144558 0.00665457   0.129724 -0.0408587 -0.0090047 -0.061057 -0.225991  -9.80621 
             16.2996  3.94554 -31.8579 -18.6989   2.8457 0.461635 -2.50475  0.596084 -0.369697   88.9292 -0.0102778 -0.0223992  0.0454132 -1.17606 0.629017  -2.7595 -0.0312425 -0.0140864 -0.0465929   0.130419 -0.0359785 -0.0080423 -0.0601372  -0.223504   -9.80627 
             16.4002  5.15067 -31.9156 -20.0048  2.85069 0.404551 -2.46451 0.589627 -0.36807  88.9273 -0.0102185 -0.0223806  0.0455378 -1.20568 0.301711 -2.59745  -0.0245839 -0.00402168 -0.00714597   0.131276 -0.0305812   -0.00821 -0.0598262  -0.223202   -9.80628 
             16.4998  5.49828 -32.0757 -20.6925  2.56772  0.42948 -2.97004  0.586054 -0.366802   88.9274 -0.0101806 -0.0223766  0.0455776 -1.85445 0.257434 -2.62661 -0.0181153 0.00178318  0.0101272    0.131745  -0.0292191 -0.00819948 -0.0596842  -0.223045   -9.80628 
             16.6018  8.65944 -35.3271 -20.6358  2.42778 0.510704 -3.05137  0.561363 -0.368226   88.9294 -0.0102452 -0.0223955  0.0453422 -2.11883 0.405998  -2.2881 -0.0740698  0.0458448 0.00848217   0.129538 -0.0458548 -0.0102665 -0.058472 -0.224447  -9.80626 
             16.7009  8.40476  -34.982 -20.9664  2.28385 0.528612 -3.24043  0.560114 -0.368791   88.9276 -0.0102723 -0.0223839  0.0453613 -2.32191  0.39473 -2.28577 -0.0694322  0.0452798   0.010412    0.123101  -0.0512073 -0.00625253 -0.0577765  -0.224159   -9.80627 
             16.7996  10.4836 -34.6597 -20.9502  2.06546 0.632201 -3.46039  0.565069 -0.380053   88.9087 -0.0102728 -0.0223935  0.0453706 -2.63244 0.487242 -2.35441 -0.113027 0.0320588 0.0133416    0.12122  -0.078856 0.00228688 -0.0533345  -0.224621   -9.80628 
             16.9025   9.1573 -35.3502 -21.5183   1.7785 0.723143 -3.73765 0.573383 -0.38852  88.8966 -0.0102636  -0.022373  0.0454184 -3.01431 0.620424 -2.46084 -0.0718136  0.0452404  0.0187414   0.122878  -0.101255 0.00544138 -0.0503639  -0.223483   -9.80632 
             16.9996  10.4957 -35.4605 -20.4634  1.45238 0.837153 -3.95458  0.580012 -0.403199   88.8737 -0.0102559 -0.0223548  0.0455548  -3.4279 0.664722 -2.50377   -0.105936   0.0421556 -0.00132989   0.125547  -0.136559 0.00210635 -0.0469504  -0.222405   -9.80637 
             17.0996   10.081 -36.2886 -17.7608  1.17154  0.86192 -4.22665  0.583485 -0.416911   88.8656 -0.0102102 -0.0225606  0.0455593  -3.7186 0.581649 -2.64184  -0.122781   0.046435 -0.0474611 0.0993782 -0.137547 0.0414809 -0.0406037  -0.227732   -9.80627 
             17.1996   13.819 -36.6679 -16.7553 0.792965  0.94408 -4.43409 0.582017 -0.44281  88.8286 -0.00999416  -0.0227565   0.0454436 -4.12617 0.462151  -2.6631  -0.193503  0.0471174 -0.0561951 0.0730875  -0.18669 0.0397697 -0.0378416  -0.229282   -9.80625 
             17.2994  15.1043 -37.6038 -16.2268 0.797646 0.938453 -4.41547  0.576094 -0.445861   88.8295 -0.00998807  -0.0227606   0.0454595 -4.12856 0.439419 -2.63862  -0.202847  0.0575633 -0.0612245 0.0609869 -0.186636 0.0333096 -0.0400492  -0.230464   -9.80621 
             17.3992  13.5804 -38.3929 -14.4832 -0.0607467    1.01245   -4.95154  0.579886 -0.444891   88.8318 -0.0100013 -0.0227571  0.0454679 -4.99586 0.260515  -2.8683  -0.195221  0.0648214 -0.0861278  0.063065 -0.184938 0.0359824 -0.0393486  -0.230354   -9.80622 
             17.4996  12.2042 -37.8735 -13.2463 -0.539132   1.03032  -5.24508  0.569732 -0.458504   88.8289 -0.00995149  -0.0227677   0.0455179 -5.30735 0.191437 -2.95834  -0.184884  0.0671986 -0.0829619 0.0195953 -0.187879 0.0669321 -0.0356562  -0.236517   -9.80608 
             17.5999  13.0594 -38.9028 -10.0476 -1.02425   1.0268 -5.50902  0.554647 -0.472424   88.8239 -0.00993862  -0.0229108     0.04559   -5.62037 0.00792828   -3.00838  -0.187219  0.0669085 -0.0917497 -0.0292624   -0.19408  0.0751323 -0.0369516  -0.241693   -9.80595 
             17.6998  13.3978 -38.7135 -9.40803  -1.0116  1.03659 -5.53155  0.564545 -0.470444   88.8225 -0.00991734   -0.022866   0.0455879  -5.58082 0.0455866  -3.07037  -0.187769  0.0582844 -0.0906919 -0.0192534  -0.196723    0.09943 -0.0303643  -0.240969   -9.80599 
             17.8064  14.0001 -38.8411  -9.4424 -2.17584   1.0319 -6.16387  0.563792 -0.473718    88.818 -0.00990619  -0.0228763   0.0456124  -6.45133 -0.249136  -3.31343  -0.193989  0.0595179 -0.0901823 -0.0261235  -0.202044   0.104819 -0.0292308  -0.241405   -9.80599 
             17.8994   16.449 -36.8119 -9.34859 -2.17672  1.03104 -6.17485  0.567959 -0.471158   88.8188  -0.009883 -0.0229028  0.0455904  -6.43191 -0.257639  -3.33862 -0.193775 0.0583155 -0.089611 -0.0180906  -0.199948   0.110924 -0.0271851  -0.240902     -9.806 
              18.002  16.8524 -37.0323 -9.01721 -3.51694 0.963535 -6.86017 0.569117 -0.47034  88.8196 -0.00988685  -0.0229118   0.0455778   -7.3105 -0.652168  -3.57709  -0.194292  0.0582725 -0.0898127 -0.0155543  -0.199117   0.108956 -0.0274244  -0.240801   -9.80601 
             18.1004  5.29386 -37.3953 -7.30332 -4.20297  0.94547  -7.2746   0.57587 -0.469582   88.8139 -0.00990721  -0.0223966   0.0458496  -7.60063 -0.475507   -3.7931  -0.188353  0.0587846 -0.0908444 -0.0112194  -0.206288   0.138075 -0.0205307  -0.238656   -9.80607 
             18.1999  5.19104 -37.4727 -6.14993  -4.2106  0.95751 -7.36299  0.592348 -0.463218   88.8146 -0.00989249   -0.022114    0.045846  -7.65601 -0.399876  -4.10019  -0.190857  0.0524419 -0.0924622 0.0179939 -0.204417  0.162104 -0.0123606  -0.236486   -9.80614 
             18.2998  5.32361 -37.3606  -5.2495 -4.19734 0.953641 -7.36279   0.59074 -0.463339   88.8148 -0.00989107  -0.0221028   0.0458196   -7.6092 -0.417857  -4.09789 -0.193424 0.0491254 -0.098158 0.0139321 -0.203282  0.164982 -0.0119371  -0.236441   -9.80614 
             18.4023  4.95509 -37.3109 -5.16978 -6.57497 0.813691 -8.62601  0.590356 -0.463053   88.8159 -0.00989114  -0.0220797   0.0457884  -8.81122 -0.519094   -4.4226  -0.192746  0.0482151 -0.0985679 0.0111774 -0.201563  0.167226 -0.0114124   -0.23647   -9.80614 
             18.5004 0.444638 -37.6678 -2.67643 -7.41783 0.777142 -9.05014  0.588743 -0.461868   88.8156 -0.00990237  -0.0220754   0.0457591 -9.08881 -0.39413 -4.46478  -0.189805  0.0484875 -0.0983267 0.00349863  -0.200933   0.169261 -0.0112323  -0.235985   -9.80615 
             18.5996  2.20414 -38.8894 -2.81276 -7.42635 0.777935 -9.06795  0.592353 -0.462542   88.8117 -0.00990191  -0.0221321   0.0457666  -9.14152 -0.410971  -4.52356  -0.189818   0.052064 -0.0950241 0.00735315  -0.200734   0.170562 -0.0105238   -0.23609   -9.80615 
             18.6997  2.65027 -38.8788 -2.89021 -9.23946 0.709203 -9.96208  0.591524 -0.462727   88.8112 -0.00990498  -0.0221139   0.0457505  -9.94707 -0.406449  -4.73295  -0.190303   0.051611 -0.0949709 0.00509501  -0.202544   0.171287 -0.0106583  -0.235826   -9.80616 
             18.7996  1.03499 -34.8262 -10.0288 -10.2296 0.688381 -10.4059  0.590459 -0.462284    88.811 -0.0099078 -0.0220494  0.0457385   -10.257 -0.308799  -4.74895   -0.18766   0.050821 -0.0910045 -0.00135476   -0.203612    0.169407 -0.0113878  -0.235409   -9.80617 
             18.8996 0.202779 -34.8146 -2.92426 -11.1228  0.63809 -10.8349 0.58606  -0.456 88.8087 -0.00987003  -0.0219387    0.045856   -10.403 -0.301729  -4.74402   -0.18537  0.0545752 -0.0992834 -0.0164747  -0.200487    0.17188 -0.0112666  -0.234311   -9.80619 
             18.9999  4.20779 -35.1127 -3.36375 -11.0893 0.629852 -10.8677  0.580112 -0.457747   88.8036 -0.00991287  -0.0221893   0.0460008    -10.33 -0.427694  -4.85766  -0.199792  0.0470758 -0.0866316 -0.0148931  -0.196231   0.182317 -0.00965241   -0.234989    -9.80618 
             19.1007   4.3794 -35.1868 -4.03878 -13.1878 0.560147 -11.8726  0.579309 -0.456286   88.7999 -0.00992785  -0.0222752   0.0459982  -11.0822 -0.438559  -5.06578  -0.199751  0.0464336 -0.0844113 -0.0159613  -0.197417     0.1851 -0.00921254   -0.234746    -9.80619 
             19.1996  1.39457 -35.7601   3.1551  -14.255 0.511589 -12.4224 0.581641 -0.45654     88.8 -0.00999994  -0.0224453   0.0459768 -11.3466  -0.4408 -5.25148  -0.198377  0.0473936 -0.0864606 -0.0170377   -0.19763   0.195157 -0.00702983   -0.235079    -9.80618 
             19.2998  3.72946 -37.3181  2.57247 -15.0828 0.402415 -12.8774  0.574019 -0.449688   88.8068 -0.0101946 -0.0230706  0.0458785  -11.1353 -0.671002  -5.28454   -0.20564  0.0535737 -0.0772751 -0.0539198  -0.190279   0.215384 -0.00419155   -0.234285     -9.8062 
             19.4025 4.91072 -37.932 4.40885 -15.0261  0.43054 -12.8898 0.575141 -0.45054  88.8033 -0.0102532 -0.0231182  0.0457931  -10.9474 -0.626716  -5.33361  -0.218529  0.0542381 -0.0854734 -0.0619596  -0.193829   0.226517 -0.00225761   -0.233581    -9.80622 
             19.5022  4.57005 -37.1868  5.23391 -17.4113 0.279749 -14.0313 0.577026  -0.4542  88.8009 -0.0102522 -0.0231313   0.045804   -11.801 -0.836162  -5.55045  -0.218843  0.0464691 -0.0890773 -0.0618421  -0.193195   0.225439 -0.00231728   -0.233935    -9.80621 
             19.5995  2.20345 -37.5113  10.5781 -18.5728 0.209254 -14.5807  0.578263 -0.455659   88.8001 -0.0102518 -0.0231311  0.0458061  -12.2065 -0.875423  -5.67646  -0.217854  0.0458166 -0.0922522 -0.0582203  -0.194774   0.225795 -0.00220168   -0.234199     -9.8062 
             19.7014  13.4058 -40.6258  12.7309   -19.8059 -0.0719879   -15.1939  0.582895 -0.449976   88.8108 -0.0102962  -0.023125  0.0460434 -12.5563 -1.72559 -5.92168 -0.224721 0.0484923 -0.090382 -0.0550664  -0.176007   0.231976 0.00109678  -0.235498   -9.80617 
             19.7996  16.1924 -39.4669  12.1505 -20.9634 -0.23195 -15.7574  0.574127 -0.448875   88.7999 -0.0102921 -0.0232242   0.046063 -12.8032  -2.0304 -6.05956  -0.232689  0.0376909 -0.0800557 -0.060068 -0.176717  0.238152 0.00133632  -0.234045   -9.80621 
              19.902  18.1107 -38.8136  11.5502  -22.3213 -0.459563  -16.4428  0.578844 -0.437225   88.8022 -0.0101732 -0.0231906   0.046087 -13.0697 -2.39209 -6.25335  -0.239967  0.0285242 -0.0684749 -0.0652406  -0.172642   0.249299 0.00446731  -0.231449   -9.80627 
                  20  18.7363 -39.2406   13.218  -23.7325 -0.744892  -17.0752  0.579271 -0.449942   88.7979 -0.0102204 -0.0232519  0.0460301 -13.5352 -2.81189  -6.4093  -0.238288  0.0291393 -0.0777923 -0.0466897  -0.179866   0.238838 0.00154315  -0.236169   -9.80616 
             20.0996  19.1389 -37.9698  13.9552 -25.0233 -1.01561 -17.7307  0.585031 -0.444253   88.8042  -0.010179 -0.0231968  0.0460223 -13.7915 -3.12692 -6.58947  -0.236655   0.016569 -0.0746596 -0.0435251  -0.177086   0.248228 0.00442627  -0.234753   -9.80619 
             20.1997   18.934 -36.7183  14.6796 -25.0559   -1.018 -17.7173  0.580722 -0.452282   88.8007 -0.0102351 -0.0232741  0.0460096 -13.8286  -3.1033  -6.5525  -0.224631 0.00902593 -0.0720285 -0.0396806  -0.183667   0.240616 0.00171381  -0.237338   -9.80613 
             20.2997  18.2925 -36.6557  14.6144 -27.9187  -1.7141 -19.0708  0.583918 -0.451139   88.7996 -0.0102286 -0.0232916   0.045966 -14.4559 -3.87704 -6.83169  -0.217127 0.00838914 -0.0711967 -0.0410781  -0.179598   0.238918 0.00280715  -0.237473   -9.80612 
             20.3997  17.2167 -32.2036  17.5475 -29.2814 -2.09669 -19.7346  0.587727 -0.428805   88.8046 -0.0101241 -0.0230982  0.0460283 -14.6169 -4.19279 -6.93316   -0.21319 0.00784395 -0.0711782 -0.0562648  -0.166646    0.24847 0.0068465 -0.229828   -9.8063 
             20.4996  17.1478 -31.4612  18.3978 -30.8201 -2.54159 -20.4482  0.583577 -0.431752   88.8036 -0.0101681 -0.0231343  0.0460732 -14.8654 -4.51006  -7.0222  -0.212635 0.00642778 -0.0706084 -0.0610024  -0.169986   0.244387 0.00490039  -0.230415   -9.80629 
             20.5997   15.743 -28.6726  21.1608  -30.854 -2.57791 -20.4455  0.593517 -0.454993   88.8054 -0.0102377 -0.0232771  0.0458356 -14.9316 -4.52121 -6.99363    -0.21086 -0.00233871  -0.0791287 -0.0427247  -0.172034   0.230082 0.00490128  -0.240793   -9.80604 
             20.7002  16.0461 -28.2933  21.3546 -30.8665 -2.58455 -20.4333  0.591022 -0.468477   88.8142 -0.0102774  -0.023309  0.0458263 -14.9475 -4.54334 -6.96759   -0.213922 -0.00497335  -0.0795379 -0.041304   -0.1764  0.221557 0.00263265  -0.244908   -9.80594 
             20.7995  16.0791 -28.1825  21.4064 -35.2466 -3.93905 -22.4808  0.591148 -0.472361   88.8174 -0.0102631 -0.0232996  0.0458021 -15.5698 -5.61264 -7.50822   -0.214374 -0.00586434  -0.0795469 -0.038744 -0.177555  0.220896   0.00237 -0.245984  -9.80591 
             20.9009  12.7323 -20.4436  23.8947 -36.9796  -4.5834 -23.2681  0.588519 -0.490872   88.8179 -0.0103289 -0.0233553  0.0457632 -15.8441 -5.97533 -7.50972   -0.214713 -0.00688718  -0.0795812 -0.0411323  -0.182902   0.203916 -0.000249408    -0.252953     -9.80574 
             20.9998  14.9855 -18.1379  24.7731 -38.5297 -5.20397 -23.9833  0.592799 -0.485514   88.8377 -0.0103646 -0.0233063  0.0457492 -15.8567 -6.33222 -7.52007  -0.221862 -0.0226943 -0.0776142 -0.0523311  -0.181617   0.195272 -0.000584591    -0.252741     -9.80574 
             21.0995  15.5907 -19.2886  26.1609  -39.978 -5.77463 -24.7257  0.593501 -0.465191   88.8354 -0.0103397 -0.0233155  0.0456633 -15.8252 -6.54851 -7.64216  -0.221717  -0.017794 -0.0867359 -0.0614568  -0.178286   0.206864 0.000107998   -0.244375    -9.80596 
             21.1998  14.3321 -21.3879  27.3016 -41.5498 -6.39312 -25.5447  0.589789 -0.451757   88.8316 -0.0102626 -0.0233406  0.0455949 -15.9681 -6.75004 -7.80313  -0.210301 -0.0062365 -0.0958595 -0.0642994  -0.177846   0.218075 0.000335828   -0.238069    -9.80611 
             21.2993  15.6124 -22.7876  26.3709 -42.9847 -6.94073 -26.2905   0.58367 -0.440462   88.8359 -0.0102823 -0.0233406  0.0454356 -16.1099 -6.94166 -7.95435  -0.210452  0.0043687 -0.0891703 -0.0697823  -0.181442    0.22687 -0.00180897   -0.232861    -9.80624 
             21.4025  14.7316 -24.5741  26.9372  -44.775 -7.72061  -27.186  0.580417 -0.432324   88.8334  -0.010213 -0.0233798  0.0451071 -16.3044 -7.28842 -8.04878   -0.19926  0.0145594 -0.0926927 -0.0772853  -0.178516   0.224357 -0.000703425    -0.228216     -9.80634 
             21.4998  16.9507 -25.0946  26.6752 -46.3782 -8.40106 -27.9979  0.575119 -0.429679   88.8393 -0.0103318 -0.0233913  0.0450421 -16.5356 -7.62443 -8.21828  -0.207127  0.0180556 -0.0886016 -0.080368 -0.184049  0.232254 -0.0045272  -0.226177   -9.80639 
             21.5995  17.1173 -24.7413  27.6524 -47.9488 -9.12517 -28.7979  0.574917 -0.424066   88.8416 -0.0103625 -0.0234121  0.0450271 -16.7335 -7.96583 -8.35298   -0.20382  0.0132757 -0.0903366  -0.08316 -0.183997  0.235865 -0.0051647   -0.22399   -9.80644 
             21.6997  19.8486 -25.0052  25.7566 -49.7464 -9.97509 -29.7223  0.582582 -0.450046   88.8462 -0.0104364 -0.0235299  0.0452817 -17.0472 -8.45743 -8.58942 -0.210654 0.0187086 -0.077688 -0.059781 -0.194568  0.250261 -0.00803637   -0.234502    -9.80619 
             21.8008  20.5783 -27.8944  25.7088 -51.4538 -10.7897  -30.575  0.566181 -0.458901   88.8669 -0.0104306 -0.0234705  0.0451445 -17.3274 -8.86824 -8.75173  -0.209066  0.0334049 -0.0806205 -0.0646138   -0.20647   0.250835 -0.0134898  -0.234009    -9.8062 
             21.9035  20.8995 -29.4782  27.4428 -53.2485 -11.7391 -31.5184  0.567876 -0.403626   88.8567 -0.0105313  -0.023634  0.0447963 -17.4947 -9.35572 -8.94797 -0.209614 0.0369837 -0.089824 -0.101091  -0.18596  0.248912 -0.0106483  -0.213062   -9.80668 
             21.9996  19.8078 -29.8239  28.7486 -54.9561 -12.5956 -32.4138  0.554814 -0.392378    88.873 -0.0105785 -0.0236836  0.0447126 -17.7714 -9.67935 -9.12219  -0.199068  0.0348779 -0.0932759 -0.113153 -0.195009  0.262774 -0.0175452  -0.205613   -9.80683 
             22.0997  19.2127 -30.4494  31.7738 -56.6433 -13.5666 -33.2953   0.55541 -0.363296    88.863 -0.0106183 -0.0238159  0.0447427 -17.9367 -10.1682 -9.28693 -0.197906 0.0315871 -0.106137 -0.128508 -0.181338  0.259048 -0.0141648  -0.196349   -9.80702 
             22.2003  19.8323 -28.3811  32.1727 -58.4452 -14.5414 -34.2969   0.57346 -0.328319   88.8647 -0.0105305 -0.0239892  0.0446453 -18.1529 -10.5298 -9.52432 -0.196316 0.0197046 -0.100526 -0.132636 -0.175588  0.298888 -0.0176743  -0.182251   -9.80729 
             22.2996   19.124 -30.8722  33.9414 -60.1766 -15.6098 -35.2316  0.593976 -0.317037   88.8459 -0.0105689 -0.0240429  0.0446763  -18.357 -11.0512  -9.7216 -0.191183 0.0275454 -0.109437 -0.129337 -0.161274  0.293794 -0.0103886   -0.18187   -9.80731 
             22.4002  20.7292 -31.0964  34.6281 -62.1631 -16.7923 -36.3615  0.61811 -0.29467  88.8449 -0.0106587 -0.0241459  0.0446826 -18.5921 -11.5823 -10.0437 -0.197499 0.0270499 -0.109827 -0.118748 -0.158247  0.334617 -0.0129121  -0.173833   -9.80745 
             22.4995  20.8834 -30.8309  34.0233 -64.0014 -17.8986 -37.3932 0.617742 -0.20725  88.8414 -0.010673 -0.024305 0.0446838 -18.7487 -11.9578 -10.2414 -0.189157 0.0254748 -0.103224 -0.162709 -0.137189  0.356352 -0.0142738   -0.14058   -9.80798 
             22.5996  21.6193 -30.6726  34.1453  -65.792  -19.046 -38.3974  0.637365 -0.212432   88.8395 -0.0106873 -0.0243768  0.0446527 -18.9565 -12.4412 -10.4728 -0.187945 0.0239897 -0.100522  -0.14615 -0.137326   0.37107 -0.0127095  -0.143596   -9.80794 
             22.6999  21.3873 -29.6896  35.6595 -65.7889 -19.0507  -38.393   0.63731 -0.210641   88.8393 -0.0106836 -0.0243679  0.0446659 -18.9446 -12.4217 -10.4506 -0.185443 0.0166827 -0.101978 -0.147182  -0.13594  0.369027 -0.0119554  -0.143426   -9.80794 
             22.7997   21.144 -29.6137  35.4952 -65.7901 -19.0491 -38.3943  0.638553 -0.210828   88.8382 -0.0106839 -0.0243745  0.0446614  -18.952 -12.4132 -10.4491 -0.183623 0.0165505 -0.101158 -0.146457 -0.135561  0.369465 -0.011635 -0.143518  -9.80794 
             22.9021  21.1524 -29.4855  35.2724 -65.7897 -19.0451 -38.3942  0.638299 -0.208179   88.8384 -0.0106652 -0.0243772  0.0446632 -18.9528 -12.4054 -10.4475 -0.182991 0.0163027 -0.100035 -0.14787 -0.13516 0.370185 -0.0117861  -0.142459   -9.80796 
             23.0005  21.1335 -29.4171  35.1018 -73.5479 -24.2132 -42.6941  0.639122 -0.203889   88.8383 -0.0106411 -0.0243779  0.0446622 -19.6723 -14.4566 -11.2214  -0.182364  0.0162219 -0.0992219 -0.149709 -0.134035  0.371187 -0.0117053  -0.140897   -9.80798 
             23.0992  21.0937 -30.4177  38.0652 -75.3289 -25.5512 -43.6937  0.621306 -0.179317    88.837 -0.0105973 -0.0242609  0.0446487  -19.584 -14.8341 -11.1977 -0.182736 0.0160375 -0.098994 -0.171788 -0.127836  0.363338 -0.0139823  -0.130543   -9.80812 
             23.1995  19.0487 -28.8306  40.0371 -77.3045 -27.0012 -44.8048 0.605666 -0.18345  88.8746  -0.010581 -0.0241685  0.0446863  -19.797   -15.14 -11.3306 -0.182789 0.0072465 -0.101391 -0.175443 -0.133954  0.364987 -0.0184219  -0.130536   -9.80811 
             23.3039  18.5237 -29.2002  42.7622 -79.4057 -28.7064 -46.1589  0.616051 -0.165755   88.8674 -0.0105424 -0.0241198  0.0446647 -19.8125  -15.741 -11.8155  -0.185289 0.00495808  -0.109577 -0.166913 -0.122976  0.370795 -0.0130692   -0.12652   -9.80818 
              23.402  19.5572 -30.7479  44.4747  -81.335 -30.3477 -47.2731  0.619153 -0.164957   88.8726 -0.0105435 -0.0240961  0.0446788  -19.766 -16.3431  -11.836  -0.186733 0.00949065  -0.115997  -0.16718 -0.120997  0.365238 -0.0112539  -0.127088   -9.80817 
             23.4997   17.687 -28.4459  45.0658  -83.334 -32.0264 -48.5074  0.630753 -0.165273   88.8716 -0.0105439 -0.0240395  0.0446668 -20.0179 -16.8831 -12.1023    -0.176138 -0.000860554    -0.111293  -0.16568 -0.119556  0.368039 -0.00876063   -0.126875    -9.80818 
             23.5999   19.059 -29.8723  45.8019  -83.319 -32.0517 -48.5245 0.631727 -0.16499  88.8721 -0.0105467 -0.0240463  0.0446966 -19.9826 -16.9525 -12.1487  -0.180189 0.00407114  -0.113271 -0.164637 -0.118016  0.366708 -0.00775412   -0.127085    -9.80817 
             23.6998   18.714 -29.8049  45.7525  -87.227 -35.3607 -50.9142  0.632653 -0.163876   88.8718 -0.0105493 -0.0240501  0.0446894 -20.1646 -17.9074  -12.513  -0.178743 0.00387507  -0.112959 -0.164662 -0.117873  0.367205 -0.00772224   -0.126711    -9.80818 
             23.7996  20.9756 -31.3571  46.8325  -89.146 -37.0978 -52.1393  0.633988 -0.156406    88.869 -0.0105594 -0.0240158  0.0446154 -20.1886 -18.3963 -12.7075  -0.177688 0.00420944   -0.11335  -0.16399 -0.112951  0.362097 -0.00626352    -0.12439    -9.80821 
             23.8997  21.2248 -32.5625   47.375 -91.2692 -39.0554 -53.5011  0.632928 -0.152184   88.8679 -0.0105913 -0.0240395  0.0445701 -20.2359 -18.9438 -12.9263  -0.17556 0.0075918 -0.114319 -0.164567 -0.110924  0.360265 -0.00617978   -0.122838    -9.80823 
             23.9996  21.0091 -31.7549  47.1472 -93.3616 -40.9638 -54.8541  0.625102 -0.150948   88.8708 -0.0106357 -0.0240598  0.0445203  -20.378  -19.368 -13.1739  -0.171148 0.00470745   -0.10912 -0.166401 -0.113802  0.363833 -0.00952681   -0.122257    -9.80823 
             24.0996  21.1296 -32.2278  47.2327 -93.4073 -40.9477 -54.8843  0.620495 -0.160235   88.8744 -0.0106929 -0.0241195  0.0445501 -20.5317 -19.3345 -13.2488 -0.168183 0.0063304 -0.107344 -0.165267 -0.119442  0.368603 -0.0121037  -0.125184   -9.80819 
                24.2  21.5849 -32.0047  47.0209 -93.4014 -40.9494 -54.8887  0.621937 -0.157693   88.8735 -0.0106858 -0.0241196  0.0445559 -20.5093 -19.3399  -13.265  -0.169668 0.00567273  -0.106189 -0.165011 -0.118388  0.368476 -0.0116105   -0.12466    -9.8082 
             24.2998  21.9702 -31.8958   46.892 -99.5168 -46.8433 -58.8765  0.622735 -0.157711   88.8732 -0.0106711  -0.024116   0.044565 -20.7166 -21.0259 -13.8944  -0.170972 0.00542619  -0.105545 -0.164836 -0.118222  0.368222 -0.0113238  -0.124796    -9.8082 
              24.402  25.1271 -38.6995  46.2424 -101.639  -49.013 -60.3145  0.610874 -0.141585   88.8716 -0.0106713 -0.0241189  0.0446328 -20.7376 -21.6194 -14.1608 -0.170653 0.0068464  -0.10445 -0.172106 -0.114444  0.367648 -0.0144071  -0.118181   -9.80828 
             24.4997  19.6677 -35.1571  48.1745 -103.692 -51.1246 -61.7296  0.611403 -0.135038   88.8717 -0.0106891 -0.0240998  0.0446852 -20.9453 -22.0233 -14.3545  -0.168627 0.00624331  -0.101607 -0.169217 -0.114317  0.369838 -0.0137655  -0.117773   -9.80828 
             24.5996  20.5776 -35.6949  50.1752 -105.658 -53.2959 -63.1295 0.625146  -0.1401  88.8686 -0.0107057  -0.024098  0.0446824 -20.9685  -22.699 -14.6446  -0.170258 0.00471817  -0.107153 -0.165518  -0.11065  0.368317 -0.00951848   -0.118812    -9.80828 
             24.7001  18.7867 -35.4904  52.5911 -107.642  -55.554  -64.551  0.633492 -0.129484   88.8645 -0.0107565 -0.0241655  0.0446653 -20.9543 -23.2513 -14.8121 -0.168642 0.0022923 -0.112118 -0.165721  -0.10297  0.364309 -0.0054312  -0.115033   -9.80832 
             24.8043  21.3339 -35.0979  52.6105 -109.959 -58.2586 -66.2898 0.648939 -0.13164  88.8595  -0.010754 -0.0241779  0.0447146 -20.9386 -24.0478  -15.207   -0.173714 -0.00045862   -0.109154  -0.157196 -0.0970842   0.364597 0.000781991   -0.115906    -9.80832 
             24.9004  21.9563 -33.2125  53.6492 -109.935 -58.2507 -66.2715  0.647294 -0.119982   88.8521 -0.0107047 -0.0242083  0.0448185 -20.8768 -24.0071 -15.1645  -0.174681 -0.0087487  -0.106589 -0.159535 -0.093179   0.36418 0.00090861  -0.112066   -9.80836 
             24.9996  21.8775 -33.3494  53.5162 -114.002 -63.0124 -69.2688  0.648244 -0.114707   88.8502 -0.0106877 -0.0242124  0.0448594 -20.8924 -25.1276 -15.6085   -0.17415 -0.0080091   -0.10633  -0.160159 -0.0906685   0.363958 0.00140798  -0.110024   -9.80838 
             25.0996  17.7534 -31.2902  55.2257 -115.919 -65.3216 -70.6982  0.649117 -0.115868   88.8502 -0.0106935 -0.0242243   0.044856 -20.9843 -25.5545 -15.7411   -0.172469 -0.00870803   -0.106168  -0.159759 -0.0910806   0.363827 0.00169632  -0.110496   -9.80838 
             25.2044  19.7195 -29.4535  55.8848 -118.296 -68.2822 -72.5198  0.659558 -0.113108   88.8421 -0.0106729  -0.024296  0.0447949 -20.9233 -26.1708 -15.9898  -0.174348 -0.0144617  -0.106818  -0.155986 -0.0894838   0.364886 0.00467773  -0.110865   -9.80837 
             25.2998  23.7384 -29.9582   56.751 -120.245 -70.8525 -74.0808  0.672332 -0.111355   88.8348 -0.0106705 -0.0243255  0.0448015  -20.711 -26.8263 -16.2721  -0.177108 -0.0164408  -0.105985  -0.150898 -0.0855177   0.363372 0.00966392  -0.111208   -9.80836 
             25.3998  25.0349 -29.5272  56.7959 -122.236 -73.4829 -75.7082   0.674169 -0.0936569    88.8298 -0.0106301   -0.02438  0.0448406 -20.5769 -27.3524 -16.5375  -0.177696 -0.0182316   -0.10281  -0.149831 -0.0790072    0.36686 0.0105271 -0.105239  -9.80843 
             25.4997  26.2086 -30.1644  55.6813 -122.299 -73.4674 -75.7693  0.675623 -0.114108   88.8392 -0.0106871 -0.0245185  0.0448435 -20.7332 -27.3423 -16.6438  -0.178799 -0.0143361 -0.0986836  -0.141444 -0.0888351   0.381227 0.00760961  -0.112797   -9.80835 
             25.5996  26.2001 -30.1144  55.7487 -126.339 -78.8947 -79.0476   0.67737 -0.115631   88.8391 -0.0106843 -0.0245119  0.0448499 -20.5548 -28.4654 -17.0782  -0.178714 -0.0145925 -0.0987641  -0.141014 -0.0889549   0.380002 0.0084092 -0.113513  -9.80834 
             25.6997  30.0229 -31.1712  57.4241 -128.469 -81.8792 -80.8332   0.655308 -0.0920821    88.8402 -0.0107138 -0.0246896  0.0447049 -20.3094 -29.0177 -17.3119  -0.179997 -0.0142332 -0.0987686  -0.151375 -0.0842104   0.378799 0.00205605  -0.103791   -9.80845 
             25.7996  28.0287 -29.8491  58.9774  -130.52 -84.7559 -82.5676   0.638372 -0.0922037    88.8498 -0.0106728 -0.0246654  0.0446884 -20.2677 -29.4783   -17.52  -0.179757 -0.0185532 -0.0989109  -0.154552 -0.0893468    0.38678 -0.00511416   -0.103752    -9.80845 
              25.902  32.0685 -29.9874   59.615 -130.506 -84.7099  -82.524   0.602248 -0.0722819    88.8564 -0.0106291  -0.024714  0.0446213 -20.1388 -29.3934 -17.4583  -0.186732 -0.0197532 -0.0986226  -0.170641 -0.0884452   0.383886 -0.0159963 -0.0947063   -9.80853 
             25.9996  32.0001 -29.8919   59.676 -130.509 -84.7071 -82.5246   0.600995 -0.0698477    88.8509 -0.0106382 -0.0247428  0.0446057  -20.145 -29.3859 -17.4585  -0.186735 -0.0201249 -0.0986268 -0.171075 -0.089118  0.384652 -0.0166887 -0.0945794   -9.80853 
             26.0996   31.771 -29.8533  59.7224 -136.441 -93.3865 -87.6925 0.600247  -0.0649  88.8488  -0.010647 -0.0247676  0.0446117 -19.5272 -31.0842 -18.2479  -0.186336 -0.0203164 -0.0987068  -0.170861 -0.0882165   0.386202 -0.0171101 -0.0932749   -9.80854 
             26.2034   59.127 -33.6222  62.5901 -136.401 -93.3336 -87.5993   0.551791 -0.0262621    88.8563 -0.0105461 -0.0246976   0.044385 -19.2576 -30.9071 -18.0614  -0.190402 -0.0197561 -0.0981545  -0.195895 -0.0822442    0.37289 -0.0293765 -0.0764857   -9.80866 
             26.3011 59.1482 -33.591 62.5968 -140.317   -99.85  -91.438   0.536188 -0.0194352    88.8368 -0.0105893 -0.0246696  0.0447011 -18.0065 -32.1616  -19.201  -0.190325 -0.0197745 -0.0982218  -0.194276 -0.0787481   0.372114 -0.0297572 -0.0739836   -9.80868 
             26.4004  64.1646 -29.4663  61.9635 -142.023 -103.036 -93.3422   0.538848 -0.0173067    88.8344 -0.0105786 -0.0246928  0.0446845 -17.2609 -32.7209 -19.7724  -0.190936 -0.0199686 -0.0972877  -0.193715 -0.0774216   0.370427 -0.028284 -0.073356  -9.80868 
             26.4996  68.0387 -32.3448  61.3899 -143.817  -106.28 -95.4813   0.533718 -0.0123608    88.8566 -0.0106218 -0.0246134  0.0448225 -16.7621 -33.0936  -20.707  -0.191297 -0.0166456 -0.0988563 -0.196161 -0.077943  0.378413 -0.0344304  -0.071453   -9.80868 
             26.5994  68.6869 -33.1553  63.7775 -143.873 -106.329 -95.4742    0.53103 -0.0259343    88.8547 -0.0105065 -0.0244485  0.0448846 -16.8958 -33.2054 -20.7051 -0.193194 -0.023194 -0.103168  -0.195298 -0.0828029   0.380742 -0.0351917 -0.0768377   -9.80864 
             26.7041  68.4959 -33.2475  63.8618 -147.315 -113.123 -99.7256  0.531224 -0.023527   88.8532 -0.0105118 -0.0244682  0.0448983 -15.4764 -34.3471 -22.0323  -0.193008 -0.0232443    -0.1035 -0.195452  -0.08195  0.380696 -0.0352213 -0.0759621   -9.80864 
             26.7996  63.8164 -34.2657  65.5574  -148.79  -116.32 -101.837   0.509887 -0.0138965    88.8457 -0.0104965 -0.0240698  0.0448439 -14.9446 -34.7517 -22.5655  -0.191331 -0.0226638  -0.102867   -0.19871 -0.0781756   0.384039 -0.0422219 -0.0716447   -9.80865 
             26.9006  63.1884 -34.1831  65.6733 -148.811 -116.349 -101.859   0.520044 -0.0231131    88.8541 -0.0104903 -0.0239473  0.0449673 -15.0335 -34.8597  -22.617  -0.190811 -0.0221804  -0.100753  -0.195761 -0.0810973   0.386226 -0.0404989 -0.0756926   -9.80862 
             26.9997   63.389 -34.2273  65.6301 -151.774  -123.24 -106.341   0.516233 -0.0195335    88.8517 -0.0104885 -0.0239329  0.0449134 -13.6999 -35.8837 -23.7755  -0.190742 -0.0220726   -0.10073  -0.196533 -0.0798148    0.38593 -0.0414352  -0.074197   -9.80863 
             27.1027  56.2223 -34.0861  70.0146 -153.093 -126.824 -108.729   0.521159 -0.0197569    88.8539 -0.0104966 -0.0239314  0.0448327 -13.0832 -36.4482 -24.3096 -0.190072 -0.022387 -0.101014  -0.194718 -0.0797615   0.385064 -0.0396453 -0.0744924   -9.80864 
             27.1999  58.1289 -36.2777  68.8518 -154.395 -130.547  -111.24   0.51841 -0.017038   88.8513 -0.0104828 -0.0238477  0.0447828 -12.4482 -37.0162 -24.8871 -0.189165 -0.014766 -0.104384   -0.19425 -0.0785579   0.384967 -0.0402176  -0.073496   -9.80864 
             27.2995 55.5775 -36.496 68.3766 -155.858 -134.194 -113.698   0.475243 -0.0301103    88.8462 -0.0103965 -0.0235071  0.0449399  -12.374  -37.427 -25.1791  -0.183451 -0.0118803  -0.102571  -0.203981 -0.0842533   0.400166 -0.0581174  -0.077923   -9.80852 
             27.4015  54.3443 -36.2022  70.9782  -155.84 -134.272 -113.629   0.492978 -0.0489144     88.854 -0.0104256 -0.0236711  0.0449808   -12.34 -37.5789 -25.0012  -0.180273 -0.0188014  -0.104106  -0.204344 -0.0944954   0.397541 -0.0521736 -0.0858476   -9.80849 
             27.4998  55.0053 -36.1316  70.8613 -158.236 -141.891 -118.698   0.493067 -0.0501535    88.8548   -0.01043 -0.0236972  0.0450173 -11.0841  -38.669 -26.0037  -0.181859 -0.0187238  -0.103615  -0.204503 -0.0945846   0.396717 -0.0515717 -0.0859682   -9.80849 
             27.5996  54.4209 -38.4402  71.5036 -158.307 -141.863 -118.759   0.469942 -0.0507998    88.8527 -0.0105022 -0.0238626  0.0451155 -11.3454  -38.643  -26.167  -0.178591 -0.0178613  -0.103894 -0.202096 -0.092947  0.409765 -0.0615603 -0.0868602   -9.80842 
             27.7022  54.2407 -38.3326  71.4482 -158.306 -141.863  -118.76   0.469869 -0.0493987    88.8529  -0.010501 -0.0238635  0.0451186  -11.345 -38.6428  -26.168  -0.178544 -0.0178674    -0.1039  -0.201958 -0.0928615    0.40968 -0.0615022 -0.0866416   -9.80842 
             27.8002  54.3137 -38.3158  71.4546 -161.585 -153.653 -126.765   0.471787 -0.0500349    88.8527 -0.0104942 -0.0238512  0.0451153 -9.54072 -40.3391 -27.7052  -0.178713 -0.0179105  -0.103908  -0.201805 -0.0931877   0.409036  -0.060736 -0.0869101   -9.80843 
             27.8996  57.5559 -34.0708  70.6955 -162.465 -157.515 -129.425   0.471528 -0.0496527    88.8527  -0.010492 -0.0238492  0.0451169 -8.92624 -40.8066 -28.1866  -0.178678 -0.0180649  -0.103347  -0.201856 -0.0930835   0.409017 -0.0608011  -0.086781   -9.80843 
             27.9999   57.436 -35.7316  73.1381 -163.403 -161.777 -132.399   0.453678 -0.0494217    88.8513 -0.0104872 -0.0238922  0.0450583 -8.31394 -41.2096 -28.7078  -0.178751 -0.0213044  -0.103938 -0.206502 -0.093351  0.413257 -0.0676671 -0.0862553   -9.80839 
             28.0995  55.8419 -36.2063  74.8857 -163.377 -161.713 -132.276   0.431709 -0.0451802    88.8536 -0.0104919 -0.0237187  0.0450664 -8.27907 -41.0388 -28.3582  -0.178706 -0.0237319  -0.107402  -0.216031 -0.0947964   0.410839 -0.0734044 -0.0839653   -9.80837 
             28.2004  56.3895 -36.1589  74.7107 -163.377  -161.71 -132.271  0.430306 -0.045748   88.8542 -0.0104957 -0.0237083  0.0450563 -8.27191 -41.0296 -28.3549  -0.179251 -0.0234499  -0.107101  -0.216593 -0.0951364   0.410975 -0.0738738 -0.0841702   -9.80836 
             28.2994  56.6163 -36.1178  74.5652  -165.77 -174.004 -140.789   0.428609 -0.0456586    88.8544  -0.010497 -0.0237079  0.0450491 -6.33151 -42.5298 -29.9176  -0.179449 -0.0231822  -0.106791  -0.217046 -0.0952248   0.411312  -0.074498 -0.0841581   -9.80836 
             28.3999  49.2689 -39.2172  77.0135 -166.388 -178.293 -143.812   0.456988 -0.0648951    88.8521 -0.0104904 -0.0233857  0.0453568  -5.8926 -43.3638 -30.5495  -0.178562 -0.0239037  -0.107932  -0.20588 -0.100003  0.412995 -0.0653931 -0.0923762   -9.80835 
             28.4996  46.3515 -39.9553  79.3994 -166.954 -182.458 -146.725   0.440952 -0.0732533    88.8613 -0.0104412 -0.0233327  0.0454746 -5.46278 -43.8722 -30.8926  -0.176525 -0.0264915  -0.112976 -0.206273 -0.102426  0.414864 -0.0680749 -0.0945808   -9.80831 
             28.6065  43.3645 -40.1982  82.3449 -167.463 -186.995 -149.915   0.451207 -0.0741343    88.8675 -0.0104655 -0.0233543  0.0453941 -4.89157 -44.5097 -31.3514  -0.172861 -0.0315365  -0.117679 -0.202632 -0.102766  0.412728 -0.0637111 -0.0949998   -9.80833 
             28.7041  41.4156 -41.1727  84.3014 -167.928 -191.729 -153.282   0.458192 -0.0701149    88.8664 -0.0105201  -0.023334  0.0453013 -4.31082  -45.116 -31.8613   -0.16802 -0.0319494  -0.122106 -0.199216 -0.101086  0.411277 -0.0607197 -0.0936158   -9.80837 
             28.8013   40.736 -41.7398  89.2006  -168.21  -196.25 -156.676   0.451266 -0.0421277    88.8605 -0.0106461 -0.0234431  0.0451049 -3.49702  -45.439 -32.5246  -0.173869 -0.0402972  -0.132583  -0.193451 -0.0877166   0.408516 -0.0592975 -0.0825757   -9.80847 
             28.9002  43.4834 -41.3809  89.3504 -168.548 -200.789 -159.921    0.45028 -0.0489903    88.8588 -0.0105951 -0.0235199  0.0451472 -2.89317 -45.9441 -33.0142   -0.18219 -0.0404936  -0.128823  -0.190919 -0.0891963   0.410563 -0.0586912  -0.085659   -9.80845 
             28.9995  41.2216 -39.9414  89.2831 -168.957 -205.311 -163.176   0.440969 -0.0561141    88.8563 -0.0105129 -0.0236511  0.0451079 -2.59294 -46.4237 -33.3747  -0.167678 -0.0441165  -0.121403  -0.192629 -0.0935974   0.418063  -0.064221 -0.0889575   -9.80839 
             29.0997  41.8055 -40.0464  91.3272 -169.124 -209.821 -166.365   0.466827 -0.0715994    88.8554 -0.0105557 -0.0236089  0.0450805 -1.92589 -46.9122 -33.7629  -0.172236 -0.0467576   -0.12367  -0.186889 -0.0989419   0.415261 -0.0550739 -0.0952856   -9.80838 
             29.2017  40.5474 -38.7458  93.4131 -169.349 -214.886 -170.064    0.42829 -0.0472558    88.8556 -0.0104809 -0.0236114  0.0451212 -1.34992 -47.2598 -34.1562  -0.168295 -0.0543631  -0.122338  -0.195984 -0.0917865   0.419129  -0.068556 -0.0863039   -9.80838 
             29.3003   39.504 -36.6629  96.6463 -169.356 -219.532 -173.492   0.403038 0.00182788    88.8532 -0.0104402  -0.023507  0.0453464 -0.636706  -47.4916  -34.5136  -0.166875 -0.0652232  -0.121635  -0.201419 -0.0741687   0.411624 -0.0744671 -0.0668839   -9.80849 
             29.3995  37.8048 -36.8324  97.5726 -169.491 -224.051 -176.767    0.377462 -0.00677493     88.8522 -0.0103795 -0.0235397  0.0453219 -0.232363  -47.8511  -34.7903  -0.157611 -0.0653976  -0.121872  -0.207493 -0.0778507   0.419227 -0.0844152 -0.0697465   -9.80839 
             29.4994  39.4299 -37.1606  98.5221 -169.504 -224.065 -176.747   0.380847 -0.0218077    88.8554 -0.0104003 -0.0235156  0.0452965 -0.212523  -47.8515  -34.7927  -0.164088 -0.0646566  -0.122325  -0.208303 -0.0829359   0.420454 -0.0839016 -0.0754095   -9.80835 
             29.6002  39.695  -36.99 98.5477 -169.506  -233.88 -183.877   0.377714 -0.0185092    88.8554 -0.0103995 -0.0234762  0.0453214  1.06449 -48.5616 -35.5385   -0.16526 -0.0651442  -0.121986  -0.209718 -0.0818175   0.418302 -0.0842415 -0.0738447   -9.80836 
             29.6998  64.8356 -41.1482  98.1595 -169.332 -238.556  -187.34    0.45948 -0.0573337    88.8498 -0.0104091 -0.0235155  0.0455447  2.00012 -48.7781 -36.2857  -0.168687 -0.0642475  -0.122816  -0.186897 -0.0941475   0.417705 -0.0570708 -0.0899454   -9.80842 
             29.7996  63.0964 -41.0763   99.416 -169.074 -243.643 -191.155    0.45929 -0.0518428    88.8411 -0.0104063  -0.023512  0.0456496  2.88244 -48.9359   -36.92  -0.167926 -0.0654151   -0.12224  -0.185028 -0.0921566   0.416963 -0.0560135 -0.0881205   -9.80844 
             29.8998 69.6106 -42.259 98.5376 -168.754 -248.501 -194.817   0.485551 -0.0905297    88.8525 -0.0103794 -0.0233924  0.0452533   3.8015 -49.0873 -37.7003  -0.173337 -0.0620295  -0.121082 -0.182647 -0.106735  0.417084 -0.0478182  -0.102912   -9.80834 
             29.9995  69.9783 -42.0256  100.324 -168.261 -253.431 -198.598   0.517296 -0.0846739    88.8406 -0.0102411 -0.0228927  0.0452326  4.83449 -49.1551 -38.3533  -0.176224 -0.0653665  -0.119445 -0.177868 -0.106767  0.404321 -0.0346036  -0.100519   -9.80842 
             30.0996  72.3865 -43.8979  98.9281 -167.746 -257.933   -202.2   0.535802 -0.0737025    88.8433 -0.0102514 -0.0230906  0.0453947    5.731 -49.2143 -39.1407  -0.176572 -0.0588567  -0.122005 -0.171507 -0.101804    0.4027 -0.0290563 -0.0961411   -9.80849 
             30.2024  73.9569 -44.0093  98.7452  -167.11 -263.327 -206.541   0.495997 -0.0683985    88.8463 -0.0102867 -0.0231521  0.0451194  6.66515 -49.1522 -39.9183  -0.177999 -0.0574047  -0.119923 -0.181835 -0.100529  0.406837 -0.0430514 -0.0946813   -9.80845 
             30.3015  76.1637 -45.3379  98.5462 -166.375 -268.279 -210.696   0.496099 -0.0555126    88.8459 -0.0103231 -0.0232352  0.0451839  7.61874 -49.1223 -40.8233  -0.181014 -0.0545183  -0.121506  -0.178993 -0.0939215   0.408027 -0.0438243 -0.0897288   -9.80849 
             30.3996  77.8813 -45.9774  98.4312 -165.718 -272.822 -214.593   0.435563 -0.0435669    88.8514 -0.0103704 -0.0231739  0.0450743  8.35812  -49.025 -41.6126  -0.182802 -0.0527565  -0.121229  -0.190834 -0.0857054   0.417905 -0.0663137 -0.0854503    -9.8084 
             30.5005   77.956 -45.8243  97.8886 -165.078 -277.788  -218.85   0.336669 -0.0601215    88.8649 -0.0104556 -0.0227982  0.0450327  8.97786 -49.0896  -42.394  -0.178287 -0.0508562   -0.11843  -0.210717 -0.0838512    0.44418  -0.104301 -0.0932261     -9.808 
             30.5994  80.0499 -46.0468  99.1822 -164.204 -282.262 -222.817   0.300933 -0.0366701     88.863 -0.0103764 -0.0225919  0.0449636  9.82919 -48.9251 -43.1905  -0.185763 -0.0522684  -0.117551  -0.219022 -0.0736933   0.441596  -0.116225 -0.0842863   -9.80795 
             30.7015  77.8083 -47.1275    100.6 -163.217 -287.724 -227.659   0.248538 -0.0665077    88.8692 -0.0102642 -0.0220374  0.0451467  10.6511 -49.0177   -44.04  -0.177796 -0.0541481  -0.119673  -0.227076 -0.0746372   0.465315  -0.137919 -0.0964493   -9.80756 
             30.7996  79.2045 -47.4074  101.981 -162.138 -292.526 -232.065   0.260772 -0.0746288    88.8689 -0.0102725 -0.0220237  0.0451348  11.5382 -48.9488 -44.9237  -0.183028 -0.0557015  -0.118656  -0.222167 -0.0758865   0.469789 -0.134799 -0.100238  -9.80756 
             30.8996  76.4633 -47.5232  105.819  -161.03 -297.176 -236.326   0.253686 -0.0859911    88.8707 -0.0101905 -0.0218824   0.045153  12.3515 -48.9042 -45.6008  -0.179567 -0.0628167   -0.11868  -0.223109 -0.0776287   0.475779 -0.138118 -0.104809  -9.80747 
             31.0001  79.5051 -48.9978  105.991 -159.725 -302.226 -241.238  0.155108 -0.054186   88.8718 -0.0100019 -0.0214488  0.0453685  13.2315 -48.5982 -46.5557  -0.18824 -0.060761 -0.121264  -0.243218 -0.0560333   0.482413  -0.172906 -0.0931624   -9.80703 
             31.0996 76.8464 -49.579 110.026 -158.398  -307.09 -245.908   0.132305 -0.0666824    88.8715 -0.00986527  -0.0212452    0.045441  14.0585 -48.4773 -47.2909   -0.18556 -0.0668093  -0.122361  -0.247527 -0.0558643    0.49228  -0.182373 -0.0987646   -9.80681 
             31.1995   79.693 -49.4752  108.877 -156.914 -311.967 -250.641    0.18302 -0.0761833    88.8746 -0.00994213  -0.0214866   0.0453901  14.9961  -48.336 -48.1215  -0.189391 -0.0635589  -0.119549  -0.238636 -0.0669321   0.484501 -0.163312 -0.102307  -9.80711 
             31.2999  81.0761 -49.7797  109.969 -155.417 -316.802 -255.462    0.16854 -0.0933765    88.8728 -0.00987459  -0.0213684   0.0454719  15.8304 -48.1481 -48.9697  -0.193768 -0.0641014  -0.118876  -0.242297 -0.0689846   0.494723 -0.170391 -0.110492   -9.8069 
                31.4  82.3683 -50.7575  110.159 -153.808 -321.474 -260.358   0.216372 -0.0997041    88.8721 -0.00994813  -0.0215506   0.0453754  16.7236 -47.9474 -49.8997  -0.195218 -0.0630141  -0.119666  -0.225673 -0.0725058   0.495149 -0.153948  -0.11319  -9.80714 
             31.5004  78.3656 -51.8832  115.907 -152.045 -326.146 -265.295   0.223489 -0.0680492    88.8784 -0.0100473 -0.0218149  0.0453743  17.6245 -47.6051 -50.6096  -0.192799 -0.0714261  -0.122525  -0.228619 -0.0713053   0.476264  -0.147536 -0.0995801   -9.80738 
              31.601 79.9591 -53.305 114.696 -150.336  -330.78 -270.307    0.19407 -0.0758477    88.8757 -0.00994966  -0.0215891   0.0454035  18.4241 -47.3901 -51.4666  -0.191767 -0.0677291    -0.1241  -0.230872 -0.0662563   0.488175 -0.159547 -0.103821  -9.80715 
             31.7007  83.0047 -54.2806  115.469 -148.357 -335.824 -275.859   0.141042 -0.0749178    88.8732 -0.00991542  -0.0215447   0.0454901  19.2726 -46.9881 -52.4181   -0.20063 -0.0672686  -0.125214  -0.244784 -0.0590939   0.494535 -0.178872 -0.104486  -9.80681 
             31.7996  88.5705 -54.4945  110.919 -146.389  -340.49 -281.145   0.173827 -0.0813995    88.8847 -0.00986327  -0.0214952   0.0455376  20.1589 -46.7088 -53.4352  -0.203421 -0.0593283  -0.123296  -0.233332 -0.0636685   0.493798 -0.166384 -0.106747  -9.80701 
             31.8996  88.9106 -55.7722  112.098 -144.417 -344.894 -286.318   0.178102 -0.0729673    88.8847 -0.00987314  -0.0215009   0.0455246  20.9755 -46.3619 -54.3439  -0.204135 -0.0601388  -0.124862  -0.229581 -0.0608432    0.49164 -0.164229 -0.103309  -9.80708 
             31.9998 89.3094 -55.224 110.781 -142.403  -349.76 -291.831  0.132302 -0.137164   88.8781 -0.00992455    -0.02112   0.0458437  21.7314 -46.3246 -55.2782  -0.199035 -0.0574741  -0.121436  -0.233706 -0.0622743   0.531713 -0.186792 -0.131801  -9.80634 
             32.0998  89.1886 -55.8428  111.821 -142.396 -349.754 -291.833  0.134538 -0.133443   88.8793 -0.00992015  -0.0211371   0.0458329  21.7391 -46.3223 -55.2684 -0.197903 -0.058165 -0.121209 -0.233085 -0.062141  0.529901 -0.185691 -0.130242  -9.80638 
             32.2018  88.3888 -56.1912  112.236 -137.889 -359.128 -303.209  0.125676 -0.131268   88.8807 -0.00991923  -0.0210752   0.0458198   23.452  -45.692 -57.1386  -0.196519 -0.0587601  -0.122083  -0.231207 -0.0579064   0.532771  -0.18888 -0.129455  -9.80633 
             32.3006  86.5307 -62.1357  118.778 -135.513 -363.662 -308.949  0.125669 -0.131679   88.8806 -0.00991548  -0.0210759   0.0458201   24.258 -45.2878 -58.0292  -0.196727 -0.0589777  -0.122567  -0.231231 -0.0579613   0.532935 -0.188892 -0.129622  -9.80632 
             32.4007  87.6857 -62.6043  122.842 -133.164 -367.959 -314.545  0.135857 -0.132263   88.8662 -0.00986541  -0.0209945   0.0457391  24.9856 -44.8196 -58.9841  -0.198532 -0.0639155  -0.122084  -0.227424 -0.0599069   0.533698 -0.184697 -0.130519  -9.80639 
             32.5003  85.7411 -61.8777  123.315 -130.459 -372.658 -320.756  0.161835 -0.127397   88.8664 -0.00978957  -0.0208881   0.0456777  25.9412 -44.4675 -59.9359  -0.195459 -0.0631653  -0.118993  -0.221543 -0.0657086   0.528577 -0.174284  -0.12756  -9.80662 
             32.6002 86.0623 -61.784  125.19 -127.947  -377.18 -326.585  0.188216 -0.197371   88.8684 -0.00953776  -0.0207327   0.0455415  26.6215  -44.383 -60.8145  -0.197505 -0.0650137  -0.117653  -0.227718 -0.0870461   0.550941 -0.169486  -0.15662  -9.80629 
             32.7033  84.9008 -60.8389  127.208 -125.123 -381.781 -333.048  0.149672 -0.186048   88.8688 -0.00955197  -0.0207931    0.045618  27.3268 -43.6938 -61.6096  -0.196395 -0.0665864  -0.113533 -0.236913 -0.077538  0.547726  -0.18288 -0.152709  -9.80611 
             32.7996  84.8588 -61.2098  129.374   -122.5 -385.858 -338.907  0.126033 -0.178908    88.872 -0.00955785  -0.0207606   0.0456691  27.9748 -43.0533 -62.3277  -0.198197 -0.0678792  -0.112858  -0.246736 -0.0732469   0.542319 -0.191291 -0.149902  -9.80599 
             32.8998  83.6739 -59.3803  126.997 -119.791 -390.064 -344.927  0.100495 -0.192554   88.8721 -0.00943708  -0.0206982   0.0455438  28.6847 -42.6953      -63  -0.186693 -0.0648868  -0.106601  -0.253634 -0.0722668   0.545122 -0.199559 -0.154649  -9.80575 
             32.9997  84.7023 -58.3634  128.831 -119.808 -390.021 -344.796 0.0911034 -0.193953    88.877 -0.00931278  -0.0204193   0.0453806  28.6327 -42.5912 -62.8518  -0.191167 -0.0663613   -0.10283 -0.267662 -0.074314  0.540058 -0.205299  -0.15608  -9.80561 
             33.1001  84.9509 -58.0406  128.753 -119.805 -390.022 -344.794  0.093025 -0.193811   88.8769 -0.00930675  -0.0204241   0.0453828  28.6354 -42.5883 -62.8532  -0.191658 -0.0663198  -0.102007  -0.267902 -0.0747037   0.539774 -0.204913 -0.156013  -9.80562 
                33.2  84.9994 -57.9606  128.701 -119.804 -390.024 -344.797 0.0938044 -0.193853    88.877 -0.00930641  -0.0204336   0.0453868   28.637 -42.5901 -62.8577  -0.191668 -0.0662736  -0.101797  -0.267588 -0.0746803   0.539844 -0.204684 -0.155951  -9.80562 
             33.2997   84.968 -57.9425  128.667 -108.233 -407.148  -370.16 0.0931445 -0.194739   88.8768 -0.00930662  -0.0204288   0.0453824   31.667 -40.5874 -66.4154  -0.191508 -0.0662456  -0.101751  -0.267669 -0.0745003   0.540205 -0.204959 -0.156266  -9.80561 
             33.3996  65.2423 -58.8194  138.367 -108.244 -407.131 -370.135 0.0833978 -0.193654   88.8784 -0.00930034  -0.0205585    0.045269  31.6614 -40.5549 -66.3156  -0.191138 -0.0662712  -0.101737 -0.272027 -0.073137  0.537189 -0.208293 -0.155579  -9.80555 
             33.4996  65.3337 -58.7388  138.304 -101.941 -415.138 -383.289 0.0900176 -0.198722   88.9482 -0.00928962  -0.0205098    0.045341  33.1925 -39.7943 -67.7639  -0.191164 -0.0662929  -0.101736  -0.270955 -0.0737822    0.53761 -0.207197 -0.155175  -9.80558 
             33.5997  57.0832 -58.0088  142.967 -98.5646 -419.101 -390.098 0.089589 -0.19811  88.9504 -0.00929149  -0.0205304   0.0453404  34.0294 -39.4628 -68.4004  -0.190644 -0.0664296   -0.10169   -0.27073 -0.0739642   0.537358 -0.207085  -0.15489  -9.80559 
             33.7024  52.5875 -57.1279  145.247 -94.9263 -422.797 -397.014 0.0817446 -0.182919   88.9419 -0.00931883  -0.0206739   0.0452414   35.029 -38.2699 -68.5471  -0.190041 -0.0666814  -0.100084  -0.270575 -0.0705709    0.53082 -0.208837 -0.148552  -9.80565 
             33.8001  52.5365 -57.4618  145.979 -91.6826 -426.207 -402.915 0.0800766 -0.191711   88.9383 -0.00928631  -0.0205661   0.0452464  35.7985 -37.8719 -68.3967  -0.190156 -0.0646149  -0.100706  -0.276168 -0.0731343   0.529879 -0.209972 -0.150909  -9.80559 
             33.9082  50.2682 -58.8975  150.387 -91.6057 -426.023 -403.158  0.079299 -0.179509   88.9422 -0.00927942  -0.0204827   0.0452156  35.9594 -37.4952 -68.8998  -0.190773 -0.0663293  -0.105678 -0.269499 -0.068024  0.527058 -0.208938 -0.144661  -9.80571 
             33.9997  50.2606 -58.8301  150.425  -84.297 -433.602 -417.131 0.0791818 -0.177802   88.9372 -0.00926985  -0.0205155   0.0452145  37.4779 -36.8212 -70.1457  -0.190826 -0.0665125  -0.105546  -0.269476 -0.0682752   0.527135 -0.208915 -0.144691  -9.80571 
             34.1034  83.6288 -63.9372  142.811 -80.1532 -437.562 -424.798 0.0904983 -0.176078   88.9194 -0.00925405  -0.0204906   0.0450713  38.2655 -36.1272 -71.2924  -0.193274 -0.0662654  -0.105437  -0.266372 -0.0701858   0.529006 -0.205569 -0.144928  -9.80577 
             34.2016  87.4803 -65.3558  145.059 -76.3766 -441.118 -431.958 0.0939273 -0.176172   88.9109 -0.00943676  -0.0212518   0.0454251  38.6859 -35.4206 -72.3483 -0.195816 -0.070399 -0.106786  -0.266028 -0.0697365   0.531501 -0.205629 -0.145753  -9.80576 
             34.3004  88.2907 -66.3131  145.401 -76.4182  -441.18 -431.958  0.093974 -0.183746   88.9146 -0.00963904  -0.0220765   0.0452648  38.5875 -35.5734 -72.3809  -0.195719 -0.0695746   -0.10767  -0.26734 -0.071151  0.534603 -0.206123 -0.148947   -9.8057 
             34.3996 88.4038 -66.335  145.37 -76.4219 -441.176 -431.962 0.0938814 -0.183021   88.9147 -0.00965278  -0.0221009   0.0453213  38.5767 -35.5662 -72.3925  -0.195753 -0.0695676  -0.107719  -0.267203 -0.0708912   0.534698 -0.206232 -0.148805   -9.8057 
             34.4996 88.5712 -66.345 145.194 -76.4318 -441.179 -431.956 0.0926894 -0.184223   88.9165 -0.00968102  -0.0222119   0.0453193  38.5516 -35.5699 -72.3792  -0.195662 -0.0693375   -0.10772  -0.267668 -0.0707416   0.534825 -0.206651  -0.14912  -9.80569 
             34.5997  88.6538 -66.3518  145.107 -76.4366  -441.18 -431.953 0.0920976 -0.184925   88.9175 -0.00969442  -0.0222653   0.0453153  38.5393 -35.5716 -72.3715  -0.195616 -0.0692227  -0.107727  -0.267918 -0.0706625   0.534875 -0.206861 -0.149283  -9.80568 
             34.6996 88.7031 -66.356 145.054 -57.1964 -458.709 -468.073 0.0917602 -0.185377   88.9181 -0.00970246   -0.022297   0.0453118  41.2475 -31.9931 -77.0197   -0.19559 -0.0691537  -0.107732  -0.268067 -0.0706187   0.534907 -0.206981 -0.149383  -9.80568 
             34.7996  128.005 -69.7358  130.533 -53.1406 -461.735 -475.585 0.0588047 -0.181363    88.917 -0.00978582  -0.0233808   0.0449088   40.973 -30.4115 -77.1867  -0.196375 -0.0689345  -0.106729  -0.283956 -0.0671179    0.52481 -0.218346 -0.149404  -9.80543 
                34.9  132.739 -70.4307  128.214 -49.2606 -464.576 -482.898 0.0618315 -0.183305   88.9188 -0.00979747  -0.0234307    0.044918  41.1397 -29.5974 -78.2285  -0.196879 -0.0681981  -0.107787  -0.285118 -0.0678696   0.524895 -0.218145 -0.149961  -9.80543 
             34.9995  134.387 -72.0646  126.611 -45.2667 -467.446 -491.261 0.0492966 -0.175935   88.9103 -0.0097187 -0.0229388  0.0447246  40.5895 -28.2873 -79.6629   -0.19371 -0.0695181  -0.111362  -0.282121 -0.0568437   0.523726 -0.223317 -0.146541  -9.80536 
             35.0997  138.876 -72.0199  126.278  -45.293 -467.371 -491.342 0.0467534 -0.170157   88.9079 -0.00968899  -0.0229639   0.0446249  40.4747 -28.1227 -79.8991  -0.202071 -0.0685144  -0.108231  -0.279486 -0.0535928    0.52236 -0.223742 -0.144012  -9.80539 
             35.2016  138.725 -72.0678  126.296 -37.0656 -473.057 -507.624 0.0468236 -0.170512   88.9077 -0.00968933  -0.0229576    0.044631  40.6856 -26.3393 -82.2229 -0.201716 -0.068628 -0.108371  -0.279672 -0.0536959   0.522484 -0.223768  -0.14421  -9.80539 
             35.3002  150.015 -71.7771  123.897  -37.055 -473.065 -507.617 0.0480686 -0.171616   88.9078 -0.00968162  -0.0228504   0.0447363  40.6956 -26.3672 -82.2103  -0.202363 -0.0684099  -0.108171  -0.279959 -0.0539789   0.523041  -0.22347 -0.144499  -9.80539 
             35.3996  150.164 -71.8949  123.731 -37.0542  -473.06 -507.616 0.0527984 -0.179767   88.7962  -0.009744 -0.0230213  0.0447184  40.6956 -26.3513 -82.2087  -0.202513 -0.0683442  -0.108171  -0.281883 -0.0515277   0.523011 -0.223366 -0.145198  -9.80538 
             35.4995  150.699 -71.8701  123.396 -25.2612 -480.565 -531.682 0.0570237 -0.182293   88.7798 -0.00975138  -0.0230891   0.0447022  40.5257 -23.7871 -85.6416  -0.202381 -0.0683257  -0.108226  -0.282645 -0.0506305    0.52315 -0.223318 -0.145376  -9.80538 
             35.6041  91.8629 -77.5545  153.779 -20.6354 -483.185 -541.404 0.0571152 -0.181803   88.7695 -0.00976133  -0.0231598   0.0446718  41.2627 -22.8033 -86.6534    -0.1991 -0.0691385  -0.108039   -0.28168 -0.0503197   0.522843  -0.22331 -0.144961  -9.80539 
             35.7002 99.3745 -76.687 151.802   -16.65 -485.121 -549.752  0.119414 -0.190061   88.7645 -0.0101155 -0.0243054   0.044896  41.5627 -21.5064 -87.6945  -0.201245 -0.0693606 -0.0996155  -0.290083 -0.0503882   0.518288 -0.222267 -0.140303  -9.80548 
                35.8  99.1282 -77.1806  151.645  -12.567  -487.38 -558.583  0.108751 -0.193023   88.7642 -0.0100035 -0.0239451  0.0446354  41.7459 -20.9721 -88.7071  -0.199435 -0.0671583 -0.0995555 -0.287987 -0.046975  0.521785  -0.22272 -0.143507  -9.80542 
             35.8998  98.5683 -77.8139  153.143 -8.72251 -489.266 -566.751  0.109705 -0.193267   88.7644 -0.0100022 -0.0239371  0.0446385  42.0199 -20.1806 -89.5775  -0.199057 -0.0672294 -0.0995975 -0.288177 -0.047121  0.521742 -0.222664 -0.143451  -9.80542 
             36.0042  109.623 -78.5664  146.324 -4.09804  -491.74 -576.962    0.0913 -0.204296   88.7642 -0.0101185  -0.024305  0.0446461   41.974 -19.5307 -90.7337   -0.20954 -0.0626808  -0.102027  -0.288743 -0.0414496   0.529039 -0.223931  -0.15145  -9.80527 
             36.0995 111.316 -80.431 146.007 -0.121857  -493.495  -585.485 0.0911328 -0.208221   88.7632 -0.0100655 -0.0242401  0.0445877  42.1094 -18.5888 -91.4516   -0.20957 -0.0635921  -0.106401 -0.295364 -0.040271  0.526273 -0.226307 -0.151812  -9.80521 
             36.1996  103.906 -79.4781  153.723  3.98123 -495.319 -594.248 0.0862103 -0.220161   88.7649 -0.0100803 -0.0243824  0.0446845  42.2699 -17.7863 -92.1214  -0.206054 -0.0662909 -0.0989822  -0.305913 -0.0372619   0.528008 -0.229916 -0.157755  -9.80504 
             36.2995  98.1834 -81.3527  160.229  8.31337 -497.096 -603.715 0.0878947 -0.223305   88.7628 -0.0100813   -0.02442  0.0446506  42.4821 -16.8897 -93.0836  -0.204489 -0.0702246  -0.102818  -0.306049 -0.0374305   0.528571 -0.229581 -0.158153  -9.80504 
             36.3997 89.2139 -82.162 169.483  12.2876 -498.624 -612.399 0.0859164 -0.222548   88.7633 -0.0100757   -0.02438  0.0446463  42.6833  -16.057 -93.8908   -0.20044 -0.0738083  -0.103241  -0.307203 -0.0375777   0.527402 -0.230302 -0.157778  -9.80503 
             36.4995   81.716 -80.2356  176.162  16.7996 -500.299 -622.266 0.089881  -0.2269  88.7657 -0.0100747  -0.024418  0.0446554  42.9738 -15.1903 -94.8158  -0.192521 -0.0767347 -0.0946016  -0.306806 -0.0368239   0.529098 -0.230114 -0.158679  -9.80502 
             36.5995  78.9058 -80.7247 -179.907  16.8018  -500.29 -622.267 0.0899039 -0.225011   88.7659 -0.0100703 -0.0243801  0.0446521   42.974 -15.1793 -94.8148  -0.192535 -0.0772017 -0.0946757  -0.306428 -0.0371489   0.528363 -0.230076 -0.157899  -9.80503 
             36.7012  78.6778  -80.619 -179.894  25.5676 -503.384 -641.612 0.0900827 -0.225826    88.766 -0.0100727 -0.0244036  0.0446526  43.3301 -13.4351 -96.6176  -0.191657 -0.0773013  -0.094285  -0.306258 -0.0371085   0.528962 -0.229958 -0.158297  -9.80503 
             36.7998  78.8884 -81.0647 -176.344  29.8185 -504.657  -651.08 0.0711637 -0.238733   88.7593  -0.010033 -0.0244593  0.0445444  43.3785 -12.5317 -97.4087  -0.193418 -0.0766486 -0.0935891  -0.322184 -0.0311734   0.524495 -0.237352 -0.163623  -9.80476 
             36.8997  78.9946 -81.5694 -174.336  33.8297 -505.777 -660.124 0.0725465 -0.237037   88.7599 -0.0100322 -0.0244431  0.0445554  43.4435 -11.6982 -98.2546  -0.195799 -0.0764502 -0.0934883  -0.320747 -0.0313952   0.524534 -0.236807 -0.162913  -9.80479 
             37.0024  81.8047 -80.3978 -177.208  38.6398 -506.967 -671.063 0.0674595 -0.225686   88.7617 -0.00995138  -0.0242889   0.0445788  43.5122 -10.5715 -99.2525  -0.193389 -0.0737405 -0.0876294  -0.319442 -0.0294158   0.517485 -0.239171 -0.157338  -9.80482 
                37.1  73.1985 -80.6607 -169.746  42.8656 -507.954 -680.664 0.0638415  -0.23022   88.7609 -0.00995193    -0.02432   0.0445276  43.6601 -9.71255 -100.016  -0.185988 -0.0756696 -0.0875291  -0.323701 -0.0299976   0.517342  -0.24031 -0.159329  -9.80476 
             37.2002  75.7481 -80.5967 -170.683   47.127 -508.827 -690.507 0.0534693 -0.227902   88.7608 -0.00991255  -0.0242991   0.0445293  43.6374 -8.74757 -100.806  -0.188867 -0.0734379 -0.0854014  -0.326672 -0.0261514   0.512922 -0.243846 -0.158403  -9.80469 
             37.2995  95.6241 -80.4221  170.796   51.378 -509.904 -700.698 0.0450677 -0.267444   88.7586 -0.0100908 -0.0247457  0.0445489  43.4581 -8.19832 -101.792  -0.190167 -0.0617074 -0.0820669  -0.336062 -0.0130511   0.529936 -0.247482 -0.177679  -9.80427 
                37.4 102.197 -81.055  164.33  51.3866 -509.847 -700.685 0.0422052 -0.260711   88.7619 -0.00997886  -0.0247032   0.0445504  43.4789 -8.10676 -101.771  -0.187468 -0.0578301 -0.0831002  -0.334893 -0.0137608   0.524959 -0.248268 -0.173528  -9.80432 
             37.5038  101.823 -80.9289  164.659  60.0835 -511.383   -721.1 0.0423909 -0.261018   88.7619 -0.00998015  -0.0247051   0.0445326  43.5964 -6.30034 -103.691  -0.187351  -0.057885 -0.0826682  -0.335629 -0.0140877   0.525026 -0.248294 -0.173871  -9.80432 
             37.5996  69.9439 -71.7554 -173.946   60.093 -511.388 -721.105 0.0451343 -0.261404   88.7623 -0.00996557  -0.0246734   0.0445131  43.7179 -6.31897 -103.646  -0.185325 -0.0585258 -0.0815755  -0.334924 -0.0148805   0.525928 -0.247551 -0.173873  -9.80433 
             37.6997  70.1969 -71.8064 -174.001  68.7472 -512.586 -741.675 0.0412333  -0.27802     88.75 -0.00999801  -0.0248011   0.0444901  44.0937 -4.56707 -105.309  -0.185463 -0.0585832 -0.0817777  -0.334015 -0.0110921   0.524956 -0.248067 -0.173533  -9.80433 
             37.7996  65.7002 -70.0917 -169.667  73.2249 -512.986 -752.449 0.0570234 -0.276737   88.7466  -0.010075 -0.0250644  0.0443094  44.4527 -3.67409 -106.508  -0.186205 -0.0585158 -0.0822299  -0.320773 -0.0126749   0.527063 -0.242936 -0.167239  -9.80456 
             37.9029   60.937 -68.8179 -165.545  77.6116 -513.222 -762.931  0.052311 -0.276458   88.7483  -0.010194 -0.0251617  0.0443716  44.6547  -2.6144 -107.123  -0.184376 -0.0631914 -0.0793891 -0.321345 -0.012012  0.521053 -0.244867 -0.163566  -9.80458 
             38.0003  59.8438 -70.4771  -162.46   82.203 -513.439 -773.837 0.0616799 -0.274899    88.749 -0.0101651 -0.0250743  0.0443445  44.9303 -1.71423 -107.991  -0.185154 -0.0626282 -0.0847339  -0.319964 -0.0161989   0.522193  -0.24219 -0.162515  -9.80466 
             38.1001  61.7431 -70.1028 -161.477  82.2005  -513.59 -773.884 0.0724179 -0.279968   88.7515 -0.0100636 -0.0251016  0.0442916  44.8709 -2.03538 -108.147  -0.189575 -0.0636364  -0.082572   -0.32133 -0.0168526    0.53161 -0.239558 -0.168991  -9.80462 
             38.2009  61.7516 -70.0291 -161.519  91.3585 -513.919 -795.993 0.0731133 -0.280129   88.7489 -0.0100712 -0.0250952  0.0442919   45.1456 -0.246921  -109.778   -0.18945 -0.0637216 -0.0823623  -0.320812 -0.0170436   0.531836 -0.239231 -0.168824  -9.80463 
                38.3  57.6562 -69.2494 -162.201  91.3447 -513.925 -795.974 0.0705202 -0.281696    88.749 -0.0100787 -0.0251573  0.0442364   45.1725 -0.267022  -109.717  -0.188359 -0.0636653   -0.08223   -0.32253 -0.0162776   0.531441 -0.240229 -0.169685  -9.80459 
             38.3998  57.5512 -69.2062 -162.234   100.07 -513.893 -817.203 0.0799137 -0.278249   88.7607 -0.0100747  -0.025149  0.0442062  45.5413  1.38857 -111.185  -0.188304 -0.0636558 -0.0822547   -0.32399 -0.0166261   0.531563 -0.240181 -0.169574  -9.80459 
             38.5018  70.8496 -71.7026 -162.174  100.121 -513.847 -817.289 0.0772643 -0.261421   88.7699 -0.0100041 -0.0248831  0.0444229  45.5902   1.5397 -111.523  -0.190731 -0.0635178 -0.0821619  -0.312651 -0.0195099   0.531145  -0.23667 -0.163476  -9.80478 
             38.6005  71.0734 -71.7509 -162.068  109.606 -513.435 -840.597 0.0492125 -0.258907   88.7386 -0.0100318 -0.0249578  0.0445084  45.5458  3.37887 -113.267  -0.190793 -0.0635378 -0.0821417  -0.308147 -0.0195533   0.531064 -0.237128 -0.163691  -9.80477 
             38.6998  102.552 -75.2329 -168.478  113.843 -513.071  -851.29 0.0529957  -0.25875   88.7469 -0.0100175 -0.0249335  0.0445028   44.953  4.19121 -114.272  -0.194127 -0.0630665 -0.0825024  -0.308822 -0.0195309   0.530774 -0.237097 -0.163518  -9.80477 
             38.8005  103.709  -75.691 -169.156  118.553 -512.572 -863.389 0.0524545 -0.258206   88.7467 -0.0100134 -0.0248689  0.0445316   44.526  5.10251 -115.296  -0.193582 -0.0614556 -0.0828028 -0.308812 -0.018886  0.530085 -0.237527 -0.163134  -9.80477 
             38.8995  112.337 -76.7024 -175.146  122.278 -512.105 -873.248 0.0388789  -0.26615   88.7651 -0.0100307 -0.0250191  0.0445289  43.8902  5.79696 -115.856  -0.195323 -0.0569965 -0.0854429  -0.317292 -0.0159052   0.526696 -0.242443 -0.166756  -9.80459 
              39.004  119.205 -77.6702 -178.481  127.391 -511.218 -886.887 0.0414695 -0.254797   88.7703 -0.0098908  -0.024653  0.0443421  43.2728  6.94596 -117.105  -0.199217 -0.0555298 -0.0878189  -0.314527 -0.0179985    0.52127  -0.24238 -0.161085  -9.80468 
             39.0995  120.276 -78.3684 -178.298  127.391 -511.218 -886.887 0.0414695 -0.254797   88.7703 -0.0098908  -0.024653  0.0443421  43.2728  6.94596 -117.105  -0.199217 -0.0555298 -0.0878189  -0.314527 -0.0179985    0.52127  -0.24238 -0.161085  -9.80468 
             39.1998  120.196 -78.3806 -178.152  127.387 -511.208 -886.882 0.0409004 -0.254439   88.7708 -0.0098847 -0.0246344  0.0443359  43.2632  6.96011 -117.095   -0.19936  -0.055608 -0.0878125  -0.314716 -0.0179101   0.520761 -0.242636 -0.160891  -9.80468 
             39.2995  119.795 -78.3822  -177.82  139.847 -509.169 -920.693 0.0403086 -0.254637    88.771 -0.00988449  -0.0246258   0.0443377  41.8559  9.25244 -120.082  -0.199165 -0.0557762 -0.0877035  -0.315021 -0.0176287   0.520454 -0.242924 -0.160925  -9.80467 
             39.4058  162.214 -77.3158  165.351  139.834 -509.185 -920.598 0.0303644 -0.276446   88.7614 -0.00987447   -0.024449   0.0447845  41.7668  9.17495 -119.838  -0.200527 -0.0555213 -0.0874287  -0.335353 -0.0145348   0.519736 -0.247961 -0.171357  -9.80437 
             39.5035 162.063 -77.303 165.456  139.833 -509.186 -920.612 0.0422975 -0.278256   88.7924 -0.00987043  -0.0244447    0.044773  41.7692  9.17441 -119.876  -0.200361  -0.055522 -0.0875034  -0.334127 -0.0139426   0.520232 -0.247141 -0.170264  -9.80441 
             39.6007 162.047 -77.279 165.511  152.673 -506.328 -957.667 0.0522501 -0.280388   88.8197 -0.00985909  -0.0244139   0.0447451  39.3728  10.7276 -123.335  -0.200255 -0.0555341 -0.0875491  -0.333963 -0.0133509   0.520228 -0.246826 -0.169527  -9.80443 
             39.6997  101.906 -80.6761 -162.252  156.468 -505.235 -969.683 0.0528038 -0.278092   88.8211 -0.00985778   -0.024441   0.0447157  38.9938  11.6085 -124.405  -0.198419 -0.0558879 -0.0873747  -0.331885 -0.0135661   0.519951  -0.24658 -0.168416  -9.80445 
             39.8003  83.8339 -80.9807 -147.574   160.27 -504.248 -982.143 0.0610644 -0.288709   88.8523 -0.00965494  -0.0238613    0.044004  38.4646  11.9921 -125.229  -0.197152 -0.0608378 -0.0871775   -0.335434 -0.00678878    0.523331 -0.246802 -0.173381  -9.80436 
             39.8995  86.3874 -80.2871 -149.771  160.159 -504.348 -982.241 0.0456883  -0.28647   88.8527 -0.0095578 -0.0237905  0.0434792  38.2099  11.7639 -125.463  -0.195357 -0.0580357 -0.0817546   -0.331727 -0.00117932    0.522476 -0.248633 -0.174765  -9.80429 
             40.0019  87.1278 -80.2909 -150.268  160.158  -504.34 -982.237 0.0455451 -0.287067   88.8528 -0.00955851  -0.0238095   0.0434958  38.2023  11.7793 -125.456   -0.19581 -0.0577713 -0.0817066   -0.331755 -0.00120823    0.522292 -0.248693  -0.17465  -9.80429 
             40.0999  87.4651 -80.2803 -150.554  160.163  -504.34 -982.239 0.0460611 -0.287873   88.8528 -0.00955776  -0.0237985   0.0435096  38.2143  11.7796 -125.461  -0.195893 -0.0576218 -0.0816571   -0.331755 -0.00122535    0.522406 -0.248577 -0.174632  -9.80429 
             40.1997  87.7144 -80.2849 -150.719  175.264   -499.5 -1032.27 0.0459935 -0.287949    88.853 -0.00955775  -0.0237993     0.04351  36.5037  15.0319 -129.178  -0.196034 -0.0575523 -0.0816524   -0.331679 -0.00120235    0.522403 -0.248567 -0.174606   -9.8043 
             40.2996  127.895 -82.3938 -167.591  175.192 -499.421 -1032.21  0.042461 -0.289882   88.8542 -0.00931825  -0.0225715   0.0433337  36.1285   15.238 -128.987   -0.19702 -0.0577463 -0.0817776   -0.334626 -0.00186581    0.518804 -0.250877 -0.174391  -9.80424 
             40.4003  127.862 -82.4028 -167.596  182.384 -496.328 -1058.15 0.0433611 -0.290992   88.8453 -0.0093223 -0.0225589  0.0433958   34.672   16.434 -131.059  -0.197038 -0.0577477 -0.0817859   -0.334569 -0.00145955    0.518796 -0.250837 -0.174401  -9.80424 
             40.5042  142.537 -83.1615 -175.018  185.964 -494.547 -1072.14 0.0310136 -0.292326   88.8587 -0.00933394   -0.022685   0.0433696   33.451  16.9055 -131.533  -0.197814 -0.0574712 -0.0817996   -0.337868 0.000149328    0.516654 -0.253179 -0.176154  -9.80415 
             40.6002  140.387 -83.3329 -170.379  189.153 -492.934 -1084.92 0.0326431 -0.293511   88.8588 -0.0093222 -0.0226363  0.0433504   32.628  17.2363 -132.536   -0.19905  -0.059022 -0.0773543 -0.338204 0.0011187  0.517174 -0.253112 -0.176699  -9.80414 
             40.6995  123.792 -82.8828  -160.99  192.229 -491.168 -1097.62 0.0265492 -0.297372   88.8635 -0.00931501  -0.0227361   0.0432588  31.8576  18.0466 -133.046  -0.189198 -0.0548405 -0.0723665  -0.341997 0.00173415   0.515061  -0.25502 -0.177995  -9.80407 
             40.7995  127.023 -82.5761 -159.904   195.01 -489.417 -1109.98 0.0182481 -0.298906    88.863 -0.00932344  -0.0229604   0.0431604 30.7436 18.4981 -133.66  -0.193241 -0.0544156 -0.0685899   -0.34626 0.00368606   0.511296 -0.257961 -0.179181  -9.80397 
             40.9057  138.701 -82.0641 -168.116  197.945 -487.444 -1124.08 0.00860362  -0.295218    88.8575 -0.0093146 -0.0232856  0.0430335  29.4852  18.9295 -134.841  -0.197768 -0.0489607  -0.068075 -0.344083 0.0067875  0.507103 -0.260661 -0.178273  -9.80392 
             41.0017  142.509  -80.855 -169.454  200.935 -485.464 -1138.17 0.00112702   -0.29659    88.8599 -0.00930302  -0.0232929   0.0429872  28.5168   19.303 -135.875  -0.201003 -0.0433072 -0.0635558   -0.34592 0.00802834   0.505586 -0.262037  -0.17932  -9.80386 
             41.1012  165.337 -79.2689   179.52  203.815  -483.85 -1152.21 0.0153005 -0.286938    88.861 -0.00933787  -0.0230875   0.0432591  27.4844  18.8486 -137.498  -0.234275 -0.0341418 -0.0662013  -0.334612 0.00767418   0.511179 -0.257122 -0.175731  -9.80405 
             41.1998  167.302 -77.7343  179.007  206.305   -482.1 -1165.33 0.00663105  -0.288691    88.8653 -0.00930727  -0.0230801   0.0432049  26.5277  18.9954 -138.596  -0.234304 -0.0272303 -0.0636527 -0.333953 0.0100056  0.509472  -0.25855 -0.176318  -9.80401 
             41.3009    163.7 -77.7943  179.279   209.31 -479.946 -1179.49 0.0159383 -0.283922   88.8744 -0.00935512  -0.0229646   0.0434665  26.0061  19.6255 -139.713  -0.218157 -0.0276647 -0.0619166  -0.328223 0.00217932   0.514855 -0.253716 -0.172941  -9.80419 
             41.3995  166.912 -78.1194  177.249  211.676 -478.129 -1192.48 0.0158133 -0.284086   88.8743  -0.009354 -0.0229611  0.0434631  25.1635  19.8551 -140.749  -0.218194 -0.0278671 -0.0623983  -0.328222 0.00235016   0.514893 -0.253731 -0.173022  -9.80419 
             41.5015  169.013 -78.4856  176.444  211.887 -478.238 -1192.33 0.0223997 -0.304233   88.8685 -0.00931584  -0.0226812   0.0433863  25.3527  19.7436 -140.623  -0.219319 -0.0287839 -0.0619957  -0.348796 0.00543637   0.521755 -0.252486 -0.182681  -9.80405 
             41.5995  168.592 -78.5334  176.327  217.055 -474.096 -1221.85 0.0224227 -0.305311   88.8685 -0.00931308   -0.022665   0.0433749  23.4644  20.2464 -142.954  -0.216984 -0.0290153 -0.0620283  -0.349545 0.00572711   0.522136 -0.252436   -0.1832  -9.80404 
             41.6996   174.25 -78.9868  172.957  219.249 -472.159  -1235.5 0.0224227 -0.305311   88.8685 -0.00931308   -0.022665   0.0433749  22.5927   20.447 -144.005  -0.216984 -0.0290153 -0.0620283  -0.349545 0.00572711   0.522136 -0.252436   -0.1832  -9.80404 
             41.7995 -171.737 -76.8589  171.878  219.206 -472.196 -1235.46 0.00561202  -0.319847    88.8693 -0.00928614  -0.0226509   0.0433485  22.4184  20.0776 -143.941  -0.221848 -0.0277275 -0.0620648 -0.366373 0.0109468  0.514078 -0.259946 -0.190096  -9.80371 
                41.9 -171.682 -76.8654   171.78  223.661 -468.156 -1264.59 0.00628372  -0.319341    88.8669 -0.00929339  -0.0226911   0.0434002  20.5396  20.0717 -146.245  -0.221526 -0.0277523 -0.0621296 -0.366036 0.0118593   0.51595   -0.2589 -0.190715  -9.80373 
             42.0034 -166.161  -77.931  168.154  225.782 -466.012 -1280.24 -0.00174889   -0.331415     88.8719 -0.0092908 -0.0227832  0.0433689  19.4641  20.0055 -147.233  -0.221476 -0.0268646 -0.0621141 -0.378594 0.0149749  0.513769 -0.262166 -0.195923  -9.80354 
             42.0997 -168.517 -78.8381  171.449  227.613 -464.101 -1294.46 -0.0117188  -0.329802    88.8707 -0.00928381  -0.0227904   0.0433492   18.549  19.9334 -148.286  -0.221162 -0.0287821 -0.0571057 -0.376939 0.0165739  0.514072  -0.26216 -0.196783  -9.80352 
             42.1996  -165.89 -78.2251  176.511  229.225 -462.272 -1308.39 -0.0437259  -0.362991    88.8809 -0.00918159  -0.0226207   0.0434986  17.3844  19.4015 -148.436  -0.225468 -0.0257891 -0.0533046  -0.41618 0.0238119  0.505545 -0.273296 -0.212093   -9.8029 
             42.3006 -165.361 -78.2162  177.125  229.188  -462.29 -1308.37 -0.0509835  -0.366764    88.8829 -0.00918179   -0.022638   0.0434451 17.3066 19.3565 -148.38  -0.224958 -0.0249535 -0.0517451 -0.418501 0.0268713  0.501606 -0.276074 -0.214017  -9.80278 
             42.4022 -165.777 -78.2786  177.459  229.185  -462.29 -1308.36 -0.0523145  -0.366828    88.8826 -0.00917848  -0.0226308   0.0434443  17.3009  19.3573 -148.351  -0.224845 -0.0250173 -0.0514422 -0.419569 0.0269117  0.501503 -0.276315 -0.214445  -9.80276 
             42.5002 -165.737 -78.3116  177.369  234.259 -456.459  -1353.5 -0.0522872  -0.366817    88.8823 -0.00917704  -0.0226288   0.0434443 14.4373 18.7685 -151.69  -0.224778 -0.0251228 -0.0514729 -0.419847 0.0270039  0.501611 -0.276291  -0.21459  -9.80276 
             42.6001 -154.618 -77.0802  176.741  235.667 -454.605 -1368.75 -0.0530593  -0.369741    88.8826 -0.00920538  -0.0227253   0.0433817  13.5632  18.3061 -152.634  -0.225596 -0.0247995  -0.051398 -0.425122 0.0277151  0.501817 -0.276807 -0.216097  -9.80271 
                42.7 -152.555 -76.7825  175.829  235.667 -454.605 -1368.75 -0.0529338  -0.369379    88.8821 -0.00920505  -0.0227254   0.0433813   13.562   18.306 -152.636  -0.225364 -0.0235341 -0.0515065 -0.425144 0.0276643  0.501791 -0.276818 -0.216094  -9.80271 
             42.7997 -152.761 -76.8027  176.085  238.224 -451.039 -1398.85 -0.0530735  -0.369153    88.8821 -0.0091988 -0.0227368  0.0433752  11.8297   17.592 -154.838  -0.225484 -0.0235075 -0.0512569 -0.425501 0.0268078  0.501733  -0.27699 -0.215898  -9.80271 
             42.8997 -177.453 -81.1251 -161.879  239.384 -449.259 -1414.63 -0.0526868  -0.369214     88.882 -0.00918545  -0.0226953   0.0433745   10.899   17.313 -155.869  -0.224305 -0.0240041 -0.0502668 -0.425855 0.0268383  0.502099 -0.276805 -0.215937  -9.80272 
             43.0015  170.116 -81.7401 -157.967  240.658 -447.416 -1430.36 -0.0409359  -0.368313    88.8759  -0.008847 -0.0215522  0.0433152  10.3334  17.5124 -156.477  -0.220539 -0.0214873    -0.0502 -0.431354 0.0295726  0.512891 -0.271212 -0.215304  -9.80289 
             43.1003  173.167 -81.9101  -159.83  241.642 -445.682    -1446 -0.0409359  -0.368313    88.8759  -0.008847 -0.0215522  0.0433152  9.40399  17.2925 -157.529  -0.220539 -0.0214873    -0.0502 -0.431354 0.0295726  0.512891 -0.271212 -0.215304  -9.80289 
             43.2005  177.876 -84.7198 -161.673  241.633 -445.699 -1446.01 -0.0443004  -0.371625    88.8831 -0.00886975  -0.0216327   0.0433123  9.39777  17.2085 -157.526  -0.223146 -0.0317263 -0.0509043 -0.430252 0.0299638  0.512244 -0.271543 -0.215331  -9.80288 
             43.2995  176.369 -84.7207 -160.104  243.477 -442.274 -1477.32 -0.0445993  -0.372079    88.8829 -0.00886864  -0.0216306   0.0433306  7.5559  16.709 -159.52  -0.223282 -0.0317534 -0.0504698 -0.430125 0.0296235  0.512317 -0.271562 -0.215143  -9.80288 
             43.4004  177.716 -84.1108 -160.403  244.161  -440.64 -1493.21 -0.0489269  -0.376226    88.8852 -0.00884574  -0.0220091    0.043259  6.59924  16.3966 -160.484  -0.223508 -0.0317959 -0.0503734 -0.433451 0.0300662  0.509619  -0.27347 -0.216973  -9.80279 
              43.503 -177.249  -85.576 -167.813  244.805 -438.929 -1510.13 -0.0439906    -0.3776    88.8812 -0.00885595  -0.0220974   0.0432068  5.61172  16.1742 -161.481  -0.221169  -0.035355 -0.0517083 -0.436388 0.0305464  0.509687 -0.273511 -0.217819  -9.80277 
             43.6002 -172.811 -85.7478 -171.616  245.301 -437.364 -1525.91 -0.0449202  -0.378155    88.8815 -0.00884741  -0.0221052   0.0432052  4.68581  15.9396 -162.444  -0.220267 -0.0351518  -0.051549 -0.436653 0.0304485  0.509081 -0.273889 -0.218034  -9.80275 
             43.6998 -177.004  -86.513 -172.275  245.645 -435.776 -1541.77 -0.0487985  -0.375102    88.8827 -0.00878051  -0.0220813    0.043299   3.6227  15.9991 -163.619 -0.206551 -0.036642 -0.050393 -0.429455 0.0274431   0.50539 -0.275459 -0.216018  -9.80275 
             43.7996 -154.134 -86.7085  164.467  245.936 -434.199 -1558.61 -0.0504267  -0.381621     88.883 -0.00878713  -0.0221663   0.0432444   2.5864  15.7688 -164.522  -0.202585 -0.0378141  -0.054225 -0.433421 0.0309729   0.50246 -0.276925 -0.219086  -9.80264 
             43.8996 -150.58 -85.694 161.253  246.138 -432.568 -1573.73 -0.0524451  -0.374427    88.8829 -0.00872169  -0.0221415   0.0432607  1.70974  15.8949 -165.394  -0.202387 -0.0337877 -0.0556023 -0.433197  0.021309  0.505586 -0.276568  -0.21511  -9.80274 
             43.9998 -177.799  -87.328  -171.18  246.012 -432.624 -1573.58 -0.0678666  -0.386927    88.8842 -0.00860937  -0.0222284   0.0432199  1.51835  15.8386 -165.119  -0.201393 -0.0367848 -0.0465833 -0.443573 0.0238288  0.497489 -0.281922 -0.221153  -9.80245 
             44.1001 -177.367 -87.3438 -171.401   246.24 -429.341  -1608.1 -0.068423   -0.3878   88.8841 -0.00859932  -0.0222305   0.0432235 -0.469146   15.4542  -167.139   -0.20224 -0.0368119 -0.0466207 -0.444061 0.0239437  0.496691 -0.282409 -0.221482  -9.80243 
             44.2001   145.18 -84.1054 -119.651  246.157 -427.926 -1623.74 -0.0688139  -0.387891    88.8839 -0.00859651  -0.0222247   0.0432244 -1.27444  14.9827 -168.083  -0.204183 -0.0364807 -0.0462055 -0.444033   0.02405  0.496492 -0.282539 -0.221526  -9.80243 
                44.3  147.833 -84.3336 -128.807  246.019 -426.379 -1641.12 -0.0630561  -0.395138    88.8811 -0.00857878  -0.0221947   0.0431805 -2.19069   14.767 -168.898   -0.20151 -0.0362161  -0.046391 -0.455895 0.0274925  0.500178 -0.280887 -0.225205  -9.80239 
             44.3998  151.702 -84.7529 -131.565  245.753 -424.906 -1658.22 -0.0631081  -0.395279    88.8811 -0.00857634  -0.0221945   0.0431864 -3.10905   14.432 -169.901  -0.201543 -0.0362817 -0.0469613 -0.455875 0.0276239  0.500148 -0.280889 -0.225252  -9.80239 
             44.5013  166.755 -84.7503 -143.748  245.372 -423.612 -1675.14 -0.0652647   -0.42416    88.8782 -0.00846871  -0.0221284   0.0430931 -4.01844  13.7407 -170.198  -0.208024 -0.0334523 -0.0502375 -0.490795 0.0384483  0.496145 -0.284441 -0.239366  -9.80195 
             44.5998  165.638 -84.7116  -139.06  244.979 -422.389 -1690.85 -0.0670492  -0.422646    88.8785 -0.00848045  -0.0221537   0.0430761 -4.77072  13.2419 -171.153  -0.211813 -0.0333123 -0.0480606 -0.489303 0.0379343   0.49635 -0.284365 -0.238759  -9.80197 
             44.7079  178.066 -86.1578 -159.439  245.108 -422.161 -1690.81 -0.0484888  -0.414464    88.8759 -0.0085717 -0.0224483  0.0429463 -4.73266  13.9371 -171.073  -0.193868 -0.0373988 -0.0525157 -0.491804 0.0323364  0.510528 -0.276974 -0.234588  -9.80228 
             44.7997  178.583 -86.2079 -160.201  244.043 -419.398 -1725.43 -0.0504223  -0.416147      88.88 -0.00857038  -0.0224261     0.04297 -6.57101  13.3288 -173.048   -0.19311 -0.0375755 -0.0526598 -0.490829  0.033403  0.510385 -0.276912 -0.234767  -9.80228 
             44.9033 -171.735 -86.5446 -177.887  243.275 -417.947 -1744.24 -0.0482278  -0.418177    88.8796 -0.00856694  -0.0224518   0.0429477 -7.63077  13.2494 -174.041  -0.190994 -0.0375648 -0.0527116 -0.495147  0.033511  0.510864 -0.276857 -0.235916  -9.80225 
             45.0013 -177.617 -86.7581 -168.242  242.477 -416.649 -1761.66  -0.04384 -0.417208   88.8787 -0.00856558  -0.0224292   0.0429423 -8.53776  12.9505 -175.029  -0.192405 -0.0382196 -0.0500505 -0.494708 0.0338749  0.511517 -0.276355  -0.23556  -9.80228 
                45.1 -107.894 -89.2698  111.297    241.5 -415.292  -1778.7 -0.0579491  -0.424169    88.8917 -0.00863048  -0.0227707   0.0430187 -9.71408  13.3495 -175.874   -0.18213 -0.0448693 -0.0501492 -0.493453 0.0312831  0.503213 -0.281203 -0.236735  -9.80211 
             45.2001 -92.6136 -88.9324  97.0742   240.55 -414.048 -1795.17 -0.0587273  -0.424811    88.8918 -0.0086296 -0.0227849  0.0430291 -10.6078  13.2715 -176.701  -0.182466 -0.0445341 -0.0504619 -0.494905 0.0312171  0.503036 -0.281421 -0.237201  -9.80209 
             45.3035 -29.1057   -88.06  35.7277  239.234 -412.632 -1814.55 -0.0711149  -0.449993    88.8997 -0.00864358  -0.0231396   0.0432657 -11.7658  13.0327 -177.123   -0.18797 -0.0481168 -0.0490149 -0.528611 0.0327417  0.496227 -0.287488 -0.249063  -9.80162 
             45.3994 -59.1097 -86.8611  62.1811  238.164 -411.393 -1830.06 -0.0707895  -0.449658    88.8978 -0.00862458  -0.0231161   0.0432644 -12.6281  13.2748 -177.789  -0.177286 -0.0468095 -0.0533279 -0.534247 0.0307539  0.496959 -0.287524  -0.25003   -9.8016 
             45.4993 -46.4743  -86.814  53.7569  236.679 -409.987    -1849 -0.077551 -0.440759      88.9 -0.00866931  -0.0232015   0.0434428 -13.7389  13.0257 -178.907  -0.186606 -0.0473248 -0.0517933 -0.519338 0.0232328  0.490924 -0.290989 -0.244567  -9.80163 
             45.5996 -35.7171   -85.96  42.1293  235.212 -408.592 -1867.47 -0.076036 -0.435863   88.8991 -0.00867362  -0.0231776   0.0434367 -14.7284  13.0523 -179.837  -0.180678 -0.0499876 -0.0508206 -0.513028 0.0210873  0.491245 -0.290578  -0.24214   -9.8017 
             45.6996 -39.5954 -85.8122  49.5699  233.905 -407.492 -1884.28 -0.0689277  -0.430218    88.8952 -0.00863852   -0.023099   0.0433377 -15.4997  12.6952 -180.742  -0.187565 -0.0485333 -0.0517265 -0.508011 0.0241989  0.497318  -0.28658 -0.240508  -9.80186 
             45.7996 -37.1826 -86.2156  45.2233  233.801 -407.554 -1884.35 -0.0817073  -0.431131    88.8991 -0.0086993 -0.0232042   0.043335 -15.6185  12.7415   -180.8   -0.17569 -0.0478021 -0.0493943 -0.499388 0.0264893  0.487166 -0.291342 -0.241475   -9.8017 
             45.8996 -37.0432  -86.215  45.2195  233.797 -407.555 -1884.35 -0.0811655  -0.427661    88.9004 -0.00870365  -0.0232035   0.0433397 -15.6223  12.7341 -180.805  -0.176127 -0.0477917 -0.0494003 -0.498979 0.0258105  0.486884 -0.291495 -0.241277   -9.8017 
             46.0013 -37.1194 -86.1929  45.1552  233.798 -407.558 -1884.35 -0.0814564  -0.427767    88.9003 -0.00870507   -0.023206   0.0433364 -15.6218  12.7376 -180.805  -0.175567 -0.0478777 -0.0494304 -0.498906 0.0260392  0.486893 -0.291458 -0.241362   -9.8017 
             46.0996 -36.9746 -86.1783  44.8999  227.148 -402.413 -1958.14 -0.081023 -0.426692   88.9006 -0.00870637  -0.0232107   0.0433359 -19.4953  12.2449 -184.366  -0.175159 -0.0479592 -0.0494143  -0.49881 0.0258987  0.486794 -0.291493 -0.241337   -9.8017 
             46.1996 -36.3183 -84.5605  48.1988  225.326   -401.3 -1975.04 -0.081023 -0.426692   88.9006 -0.00870637  -0.0232107   0.0433359 -20.3524  12.0681  -185.15  -0.175159 -0.0479592 -0.0494143  -0.49881 0.0258987  0.486794 -0.291493 -0.241337   -9.8017 
             46.3035 -31.8128 -81.2555  2.89178  223.113 -399.789 -1994.49 -0.0807639  -0.426717    88.9007 -0.00870396  -0.0232096   0.0433253 -21.3986  13.6916 -185.879   -0.17226 -0.0483531 -0.0492604 -0.499072 0.0257019  0.486798 -0.291505 -0.241374   -9.8017 
             46.4033 -31.5027 -83.2259  15.8982  220.738 -398.424 -2014.57 -0.0656649   -0.42639    88.8873 -0.00870014  -0.0232583   0.0433072 -22.4725  13.4522 -186.799    -0.1735 -0.0445113 -0.0466035 -0.501834 0.0256384  0.486189 -0.291663 -0.241413  -9.80169 
             46.4996 -28.5508 -83.2731  20.5323  218.539 -397.237 -2032.47 -0.0592433  -0.425718    88.8824 -0.00869985  -0.0232649   0.0432915 -23.4333  13.2129 -187.625  -0.175333 -0.0454811 -0.0457597 -0.502605 0.0257097  0.486262 -0.291538 -0.241363   -9.8017 
             46.5996 -42.7835 -81.3614  29.5772  216.205 -395.728 -2051.17 -0.0543227   -0.42534    88.8799 -0.0087024 -0.0232578  0.0432556  -24.221  13.9297 -188.345   -0.17311 -0.0445895 -0.0533549 -0.504782 0.0241818  0.487439 -0.290947 -0.241079  -9.80172 
             46.6996 -42.1769 -80.9774   29.893  213.938 -394.437 -2068.54 -0.0543227   -0.42534    88.8799 -0.0087024 -0.0232578  0.0432556 -25.0689  14.1132  -189.09   -0.17311 -0.0445895 -0.0533549 -0.504782 0.0241818  0.487439 -0.290947 -0.241079  -9.80172 
              46.804 -37.7592 -80.5973   19.521  211.236 -392.741 -2089.55 -0.0745134  -0.426637    88.8772 -0.0087098 -0.0233245  0.0433434 -25.7749  14.8021 -189.497  -0.163672 -0.0450912 -0.0493769 -0.510906 0.0262798  0.490174 -0.289812 -0.244287  -9.80167 
                46.9 -37.2019 -80.1753  19.9373  208.703 -391.298 -2107.91 -0.0745134  -0.426637    88.8772 -0.0087098 -0.0233245  0.0433434 -26.6379  15.0647 -190.258  -0.163672 -0.0450912 -0.0493769 -0.510906 0.0262798  0.490174 -0.289812 -0.244287  -9.80167 
             46.9999 -32.5569 -79.3207  15.2484   206.13 -389.728 -2126.16 -0.0793587   -0.42604    88.8765 -0.00871717  -0.0233503   0.0433978 -27.4342  15.4879 -190.858  -0.162912 -0.0474552 -0.0480342 -0.513143 0.0246916  0.490493 -0.289779 -0.244424  -9.80167 
             47.0999 -32.1356 -78.9671  15.6733   206.13 -389.728 -2126.16 -0.0793587   -0.42604    88.8765 -0.00871717  -0.0233503   0.0433978 -27.4342  15.4879 -190.858  -0.162912 -0.0474552 -0.0480342 -0.513143 0.0246916  0.490493 -0.289779 -0.244424  -9.80167 
             47.2018 -32.0069 -79.0106  15.7978  206.124 -389.732 -2126.16 -0.0793722  -0.426014    88.8765 -0.00871721  -0.0233467   0.0433973  -27.444  15.4715 -190.859  -0.163542  -0.047315 -0.0480061 -0.513095  0.024708   0.49037 -0.289838 -0.244396  -9.80167 
             47.2998 -31.9247 -79.0413  15.8156  206.122 -389.733 -2126.16 -0.0798298  -0.425969    88.8768 -0.00871657  -0.0233443   0.0433994 -27.4475  15.4649 -190.861  -0.163791  -0.047235 -0.0479571 -0.512971 0.0247018   0.49033 -0.289862 -0.244374  -9.80167 
             47.3995 -31.9489 -79.0492   15.868  194.899 -383.469  -2202.9 -0.0800042   -0.42596     88.877 -0.00871624  -0.0233438   0.0434003 -31.0346  16.5327 -193.942  -0.163836 -0.0472053 -0.0479643 -0.512918 0.0247348  0.490322 -0.289867 -0.244381  -9.80167 
             47.5015 -23.8322 -78.9504  21.7106   191.63 -381.759 -2222.96 -0.0792431  -0.435712    88.8751 -0.00869083  -0.0233479   0.0433792 -32.0176  16.4417 -194.174  -0.164887 -0.0469731 -0.0479098 -0.533276 0.0277822  0.487343 -0.290915 -0.249315  -9.80151 
             47.5995 -20.8884 -78.2254  12.2603  188.509 -380.194 -2241.66 -0.0851248  -0.440645    88.8754 -0.0086755 -0.0233742  0.0435343 -32.8209  16.5788 -194.444  -0.161496  -0.047351 -0.0418976 -0.541294 0.0313885  0.487706 -0.291032 -0.252717  -9.80142 
             47.6997 -25.7584 -76.9082  17.4538  185.388 -378.619 -2259.89 -0.0865849  -0.440467    88.8752 -0.00866224  -0.0233386   0.0435443 -33.6895  16.7604 -195.041   -0.16085 -0.0489605 -0.0466937 -0.542471 0.0310514  0.486949  -0.29137 -0.252763  -9.80141 
             47.8021 -23.4909 -77.0792  17.5366  181.623 -376.791  -2281.3 -0.0864009  -0.440603    88.8751 -0.00865753  -0.0233142   0.0435337 -34.7449  16.8002  -195.83    -0.1624 -0.0481578 -0.0456097 -0.542512  0.031361  0.486259 -0.291657 -0.252699  -9.80141 
             47.9003  -23.892 -76.7123  18.9857  178.243 -375.174 -2300.14 -0.0856442  -0.440536    88.8751 -0.00865671  -0.0233128   0.0435332 -35.6278  16.8797 -196.516  -0.162427 -0.0478901 -0.0461441 -0.542585 0.0313495  0.486233 -0.291662 -0.252678  -9.80141 
             51.7028 -23.6643 -77.4142   19.106  32.7798 -310.602 -3053.57 -0.0871933  -0.443685    88.8769 -0.00864933  -0.0233306   0.0435276 -70.7791   18.587 -224.379  -0.160812 -0.0447247  -0.044374 -0.550893 0.0329576  0.485178 -0.292039 -0.255017  -9.80133 
             51.8004 -13.3221 -67.0639  40.4007  25.8394 -308.806 -3075.48 -0.0871933  -0.443685    88.8769 -0.00864933  -0.0233306   0.0435276 -71.5523   18.225 -224.932  -0.160812 -0.0447247  -0.044374 -0.550893 0.0329576  0.485178 -0.292039 -0.255017  -9.80133 
             51.9001   8.6892 -67.9644  17.4152   18.203  -303.07 -3095.47 -0.0927547   -0.43872    88.8771 -0.00861586  -0.0232342   0.0434436  -72.415  22.3326 -220.769  -0.159147 -0.0456337 -0.0416201 -0.554199 0.0248432  0.479735 -0.294076  -0.25231  -9.80134 
             51.9998  8.86971 -67.7421   18.113  11.3906 -300.996 -3116.16 -0.0927547   -0.43872    88.8771 -0.00861586  -0.0232342   0.0434436 -73.1459  21.9589   -221.3  -0.159147 -0.0456337 -0.0416201 -0.554199 0.0248432  0.479735 -0.294076  -0.25231  -9.80134 
             52.1029  14.3813 -71.7794  17.7366  4.48619 -298.012 -3142.44 -0.0972867   -0.44006    88.8834 -0.00864325  -0.0232891   0.0434799 -70.8166  23.3649 -225.802  -0.194224  0.0407288 -0.0238273 -0.552722 0.0274149  0.481507 -0.294628 -0.252785  -9.80131 
             52.1996  15.2921 -72.0882  17.9918 -2.37038 -295.783 -3164.22 -0.0972867   -0.44006    88.8834 -0.00864325  -0.0232891   0.0434799  -71.544  22.8859 -226.411  -0.194224  0.0407288 -0.0238273 -0.552722 0.0274149  0.481507 -0.294628 -0.252785  -9.80131 
             52.2997  5.94806 -70.8325  32.8973  -9.2615 -296.398 -3185.97 -0.0835089  -0.441147    88.8761 -0.00865023  -0.0233191   0.0434712 -72.568 18.2187 -225.51   -0.25442  -0.035182 -0.0720415 -0.555753 0.0303199  0.479693 -0.293439 -0.252816  -9.80135 
             52.3994  6.32446 -70.1277  34.8223 -16.7442 -294.365  -3208.6 -0.0835224  -0.444368     88.876 -0.00863329  -0.0233308   0.0434787 -73.4325   17.892 -225.964  -0.269577 -0.0519134 -0.0800964 -0.556039 0.0303865  0.480018 -0.293418 -0.252883  -9.80135 
             52.5015  6.57151 -69.8054  36.2176 -23.8419 -292.655 -3230.36 -0.0836425  -0.444778    88.8761 -0.00863279  -0.0233304   0.0434791 -74.0654  17.3396 -226.527   -0.27095 -0.0536432 -0.0795575 -0.556004 0.0304543  0.480106 -0.293417 -0.252894  -9.80135 
             52.5997 -0.970569  -64.1513   32.8705 -32.4146 -291.503 -3253.23 -0.0827602  -0.448942    88.8743 -0.00872472  -0.0234687    0.043474 -76.2417  16.3281 -226.125 -0.0617551  -0.151382 -0.0507283 -0.561288 0.0293965  0.474883 -0.293063 -0.252213  -9.80138 
             52.7001  0.55725 -63.3334  32.2286 -40.2824 -289.691 -3276.37 -0.0835432  -0.448395    88.8747 -0.00871825  -0.0234593   0.0434738 -76.9914  16.0349 -226.645 -0.0724352  -0.149513 -0.0414284 -0.560597 0.0293296  0.475301 -0.293063 -0.252266  -9.80138 
             52.8011 -6.37991  -60.714  32.9349 -48.0819 -289.482 -3299.41 -0.0853367  -0.446892    88.8706 -0.00876349  -0.0235359   0.0434476 -77.7099  14.2452 -226.814  0.0323551  -0.182216 -0.0556708 -0.566475 0.0343381  0.467277 -0.293425 -0.251644  -9.80138 
             52.8994 -3.82212 -62.0595  34.6443 -55.7367 -287.937 -3321.56 -0.0848504  -0.446996    88.8706 -0.0087458 -0.0235259   0.043435  -78.445  13.9293 -227.306 -0.0357794  -0.147134 -0.0587253  -0.57201 0.0347509  0.461941 -0.293449 -0.252418  -9.80136 
             52.9998 -4.11519 -61.3384  35.1588  -55.735 -287.927 -3321.57 -0.0847809  -0.446966    88.8705 -0.0087457 -0.0235253  0.0434355 -78.4431  13.9387 -227.312 -0.0361077  -0.145566 -0.0581852 -0.571867 0.0347055  0.462067 -0.293446 -0.252418  -9.80136 
             53.1029 -4.24644 -61.3138  35.1436 -71.8152 -285.129    -3368 -0.0847116  -0.446906    88.8704 -0.00874524   -0.023522   0.0434341 -79.9047  13.1434  -228.26  -0.033884  -0.145858 -0.0580499 -0.572897 0.0351194  0.462531 -0.293405 -0.252408  -9.80136 
             53.2003 -5.01883 -59.5561  36.1892 -79.6702  -283.86 -3390.37 -0.0847116  -0.446906    88.8704 -0.00874524   -0.023522   0.0434341 -80.5961  12.7697 -228.692  -0.033884  -0.145858 -0.0580499 -0.572897 0.0351194  0.462531 -0.293405 -0.252408  -9.80136 
             53.2997  -4.8068 -58.4314  35.6163 -87.6004 -282.626  -3412.8 -0.084691   -0.4469   88.8704 -0.00874499  -0.0235214   0.0434335 -81.2832  12.4054 -229.111 -0.0333871  -0.146122  -0.057824 -0.572888 0.0352531  0.462567 -0.293404 -0.252404  -9.80136 
             53.3994  -5.0881 -57.5857  36.0857 -95.7474 -281.406 -3435.69 -0.084691   -0.4469   88.8704 -0.00874499  -0.0235214   0.0434335 -81.9714  12.0368 -229.526 -0.0333871  -0.146122  -0.057824 -0.572888 0.0352531  0.462567 -0.293404 -0.252404  -9.80136 
             53.4997 -5.36668  -56.729  36.5512 -103.307 -280.315  -3456.8 -0.084691   -0.4469   88.8704 -0.00874499  -0.0235214   0.0434335 -82.5995  11.6923 -229.902 -0.0333871  -0.146122  -0.057824 -0.572888 0.0352531  0.462567 -0.293404 -0.252404  -9.80136 
             53.6035 -5.61258 -55.9501  36.9708 -112.775 -279.004 -3483.06 -0.084691   -0.4469   88.8704 -0.00874499  -0.0235214   0.0434335 -83.3749  11.2777 -230.354 -0.0333871  -0.146122  -0.057824 -0.572888 0.0352531  0.462567 -0.293404 -0.252404  -9.80136 
             53.6996 -5.88034  -54.962  37.4605 -120.771 -277.942 -3505.08 -0.084691   -0.4469   88.8704 -0.00874499  -0.0235214   0.0434335 -84.0159  10.9256 -230.724 -0.0333871  -0.146122  -0.057824 -0.572888 0.0352531  0.462567 -0.293404 -0.252404  -9.80136 
                53.8 -15.3191 -49.7404   24.477 -129.068 -276.306 -3527.16 -0.0766409  -0.453662    88.8683 -0.00870639  -0.0234838   0.0433425 -85.1579  12.5139 -230.417  0.0127741   -0.14805 -0.0374047 -0.644056 0.0667854  0.436893 -0.292551 -0.254956  -9.80132 
             53.8999 -12.6548 -49.9293  22.1798 -137.969 -274.375 -3550.15  -0.07348 -0.458087   88.8629 -0.00876345  -0.0235904   0.0434628 -86.1275  13.1057 -230.434 -0.00585696   -0.131825 -0.00865468 -0.664075 0.0485632  0.422947 -0.292724 -0.255958  -9.80129 
             54.0023 -13.8237 -50.6337  20.7164 -137.708 -274.919 -3550.35 -0.0678687  -0.459227    88.8616 -0.00868848  -0.0234866   0.0433384 -85.9048  12.6324 -230.674   0.0218198   -0.124303 -0.00716795 -0.649426 0.0731432  0.432677 -0.292289 -0.255704  -9.80131 
             54.0999 -13.8856  -50.617  20.6827 -154.851 -272.418 -3596.22 -0.0684877  -0.458906    88.8612 -0.00868957  -0.0234893   0.0433394 -87.3432  12.5916 -231.368   0.0224189   -0.124706 -0.00727324 -0.648172 0.0729962  0.432529 -0.292338 -0.255688  -9.80131 
             54.2002 -43.1027 -46.0618 -16.4012 -163.868 -271.018 -3620.13 -0.0712948  -0.457334    88.8571 -0.00866336  -0.0234457    0.043303 -87.5639  13.8924 -231.828  0.0520104  -0.132761 0.00286866 -0.645588 0.0718258  0.432124 -0.292462 -0.255625  -9.80131 
             54.3004 -44.0335 -46.2717 -19.5904 -172.566  -269.61 -3643.16 -0.070754  -0.45802   88.8571 -0.00852928  -0.0234541   0.0429974  -87.737  14.6493 -232.319 0.0567862 -0.132927 0.0103854 -0.638464 0.0772323  0.427283 -0.292798 -0.256093  -9.80128 
             54.4002 -43.5118 -46.6318 -22.8473 -172.545 -269.559 -3643.11 -0.0690236  -0.457996    88.8545 -0.00883798  -0.0238844   0.0434009 -87.6559  14.7814 -232.195 0.0513303  -0.12861 0.0191501 -0.673574 0.0623281  0.414939 -0.292684 -0.255163  -9.80131 
             54.4997 -43.3532 -46.5727 -22.7704 -189.492 -266.643 -3687.96 -0.0706983  -0.456209    88.8547 -0.00897328  -0.0241531   0.0435233 -87.9805  16.2918 -233.071 0.0477609 -0.128248 0.0174699 -0.671383 0.0491946  0.413797 -0.293126 -0.254278  -9.80132 
             54.6019 -43.5347 -45.4907 -26.0966 -199.193 -264.803 -3713.67 -0.0706182  -0.456249    88.8546 -0.00897276  -0.0241506   0.0435214 -88.0863  17.1197 -233.565 0.0482831 -0.128492 0.0176557 -0.672274 0.0490069  0.413493 -0.293108 -0.254263  -9.80132 
             54.6996 -43.3058 -45.0237 -26.9962 -207.824 -263.092 -3736.56 -0.0706324   -0.45621    88.8546 -0.00897282  -0.0241511   0.0435215 -88.1763  17.8536 -234.006 0.0483233 -0.128162 0.0177585 -0.672147 0.0490064  0.413484 -0.293112 -0.254264  -9.80132 
             54.7995 -43.0714   -44.59 -27.8143 -216.229 -261.358 -3758.88 -0.0706658  -0.456205    88.8546 -0.00897298  -0.0241503   0.0435224 -88.2544  18.5657  -234.43  0.048267  -0.12817 0.0179029 -0.672111 0.0490617  0.413464 -0.293115 -0.254265  -9.80132 
             54.9005 -44.8925 -43.8028 -29.5117 -225.426 -259.365 -3783.43 -0.0761321  -0.454311    88.8557 -0.00896307  -0.0241885   0.0434738 -88.1754  19.3982 -234.976 0.0525631 -0.130254  0.013394 -0.668355  0.044366   0.41465 -0.293222 -0.254039  -9.80132 
             54.9996 -44.7144 -43.3123 -30.3389 -233.266 -257.612 -3804.34 -0.0761321  -0.454311    88.8557 -0.00896307  -0.0241885   0.0434738 -88.1864  20.0658 -235.378 0.0525631 -0.130254  0.013394 -0.668355  0.044366   0.41465 -0.293222 -0.254039  -9.80132 
             55.1032 -44.7698 -42.8394 -30.8716 -243.399 -255.256 -3831.41 -0.0756188  -0.454333    88.8558 -0.00896059   -0.024189    0.043468 -88.1849    20.93 -235.899 0.0530418 -0.129895 0.0125701 -0.668495 0.0439078  0.414557 -0.293205 -0.254018  -9.80133 
             55.1996  -44.607 -42.2985 -31.7488 -251.834 -253.221    -3854 -0.0756188  -0.454333    88.8558 -0.00896059   -0.024189    0.043468 -88.1745  21.6453 -236.323 0.0530418 -0.129895 0.0125701 -0.668495 0.0439078  0.414557 -0.293205 -0.254018  -9.80133 
             55.3001 -44.5797 -41.8156 -32.6265 -260.372 -251.083 -3876.93 -0.0754803  -0.454178    88.8557 -0.00895337   -0.024178   0.0434539 -88.1316  22.3689 -236.743 0.0539083 -0.130394 0.0127204 -0.669135  0.042995    0.4137 -0.293174 -0.253888  -9.80133 
             55.3999 -44.5492 -41.5017 -33.5382 -269.369 -248.761  -3901.1 -0.0759412  -0.453928    88.8556 -0.0089643 -0.0241462  0.0435012 -88.0812  23.1265 -237.179 0.0553042 -0.130415 0.0139592 -0.670836 0.0449828  0.411807 -0.293283 -0.253819  -9.80133 
             55.5016 -44.4191 -41.0206 -34.3361 -278.494 -246.326 -3925.71 -0.0759412  -0.453928    88.8556 -0.0089643 -0.0241462  0.0435012 -88.0238  23.8907 -237.626 0.0553042 -0.130415 0.0139592 -0.670836 0.0449828  0.411807 -0.293283 -0.253819  -9.80133 
             55.5998 -44.3122 -40.5354 -35.1166 -286.768 -244.049 -3948.07 -0.0759412  -0.453928    88.8556 -0.0089643 -0.0241462  0.0435012 -87.9632  24.5787 -238.028 0.0553042 -0.130415 0.0139592 -0.670836 0.0449828  0.411807 -0.293283 -0.253819  -9.80133 
             55.6998 -44.2258 -40.0933 -35.8252 -295.889 -241.461 -3972.78 -0.0759412  -0.453928    88.8556 -0.0089643 -0.0241462  0.0435012 -87.8818  25.3306 -238.464 0.0553042 -0.130415 0.0139592 -0.670836 0.0449828  0.411807 -0.293283 -0.253819  -9.80133 
             55.7998 -43.7306 -38.2558 -37.7493 -304.817 -239.024 -3996.25 -0.0821179  -0.453255    88.8563 -0.00909701  -0.0238708   0.0440367 -87.9629  25.9347 -238.763 0.0636934 -0.140804 0.0153219  -0.66131 0.0742214  0.407069 -0.295812 -0.253416  -9.80126 
             55.8996 -42.5506 -37.3529 -33.1863  -313.93 -236.312    -4020 -0.0787799  -0.448055    88.8564 -0.00882772  -0.0235359   0.0435953 -88.5606  26.7093 -239.194   0.0386798   -0.125287 -0.00193701 -0.622155 0.0604451   0.40366 -0.295923 -0.250467  -9.80134 
             55.9996 -41.1129 -37.8063 -33.3232 -322.551 -233.608 -4042.84 -0.0875279  -0.436524    88.8578 -0.00869342  -0.0232188   0.0434521 -88.7413  27.4591 -239.504   0.0297509   -0.119258 0.000176281 -0.608658 0.0600265  0.388285 -0.296348  -0.24747   -9.8014 
             56.1009 -40.9877 -37.7398 -32.6706 -332.185 -230.523  -4068.4 -0.0838076  -0.432813    88.8572 -0.00861372  -0.0229203   0.0434543 -88.8316  28.2478 -239.637   0.0265028   -0.114998 -0.00209481 -0.633557 0.0714834  0.359621 -0.295825 -0.245104  -9.80147 
             56.1997 -40.8821 -37.2008 -33.2416 -340.998 -227.687  -4092.2 -0.0838076  -0.432813    88.8572 -0.00861372  -0.0229203   0.0434543  -88.807   28.946 -240.012   0.0265028   -0.114998 -0.00209481 -0.633557 0.0714834  0.359621 -0.295825 -0.245104  -9.80147 
             56.2996 -40.6741 -36.7297  -33.849 -349.418 -224.908 -4114.98 -0.0838371  -0.432727    88.8572 -0.00860991  -0.0229166   0.0434467 -88.7781  29.6086 -240.359   0.0261064    -0.11511 -0.00180499 -0.633513 0.0711963  0.359449 -0.295799  -0.24507  -9.80148 
             56.3998 -42.5828 -36.8122 -37.6046 -358.599 -221.913 -4140.05 -0.0891168  -0.433204     88.858 -0.00878653  -0.0232178   0.0436981 -88.4635   30.319 -240.879 0.0521663 -0.123298 0.0122236 -0.633599 0.0804156  0.368675    -0.297 -0.246253  -9.80141 
             56.4999 -42.6754  -36.455 -38.1482  -367.29 -218.916 -4163.77 -0.0893675  -0.433681    88.8581 -0.00879906  -0.0232434   0.0437138 -88.3492  30.9936 -241.257 0.0522562 -0.122641 0.0122601 -0.635109 0.0813334  0.370024 -0.297004 -0.246591   -9.8014 
             56.6035 -42.6634 -36.0013 -38.7863 -376.612 -215.606 -4189.26 -0.0893675  -0.433681    88.8581 -0.00879906  -0.0232434   0.0437138 -88.2221  31.7263 -241.664 0.0522562 -0.122641 0.0122601 -0.635109 0.0813334  0.370024 -0.297004 -0.246591   -9.8014 
             56.7006 -42.6552 -35.5096 -39.4846 -385.321 -212.439 -4213.16 -0.0893675  -0.433681    88.8581 -0.00879906  -0.0232434   0.0437138 -88.0851  32.4077 -242.041 0.0522562 -0.122641 0.0122601 -0.635109 0.0813334  0.370024 -0.297004 -0.246591   -9.8014 
             56.7996 -43.4889  -35.523 -41.6892 -393.381 -209.328 -4235.78 -0.0873057  -0.432099    88.8579 -0.00880364  -0.0232534   0.0437153  -87.713  33.0927 -242.433  0.061719 -0.125482 0.0181593 -0.641509 0.0727436  0.361349 -0.296299  -0.24574  -9.80144 
             56.9004 -43.4911 -35.2379 -42.3469 -402.175 -206.025 -4259.88 -0.0907052  -0.430782    88.8579 -0.00880439   -0.023261   0.0437054 -87.6186  33.7834 -242.942   0.06241 -0.124626 0.0190106  -0.61176 0.0704042  0.374982 -0.297558 -0.245272  -9.80142 
             57.0049 -43.1442 -34.2925 -43.2531 -410.941 -202.592 -4284.16 -0.0902115  -0.430242    88.8577 -0.00878931  -0.0232233   0.0436926 -87.4379    34.46 -243.303 0.0612803 -0.126551 0.0180521 -0.611152 0.0701187  0.372458 -0.297501  -0.24479  -9.80143 
             57.1023  -43.185 -33.8386 -43.9401 -420.427 -198.811  -4310.6 -0.0902115  -0.430242    88.8577 -0.00878931  -0.0232233   0.0436926 -87.2089  35.1811 -243.708 0.0612803 -0.126551 0.0180521 -0.611152 0.0701187  0.372458 -0.297501  -0.24479  -9.80143 
             57.2001  -43.672 -32.8365   -44.34  -429.04 -195.326 -4334.54 -0.0903813  -0.429868    88.8576 -0.00879182  -0.0232229   0.0437012 -87.0098  35.8285 -244.076 0.0625561 -0.127342 0.0161367 -0.610006 0.0723012  0.372013 -0.297708  -0.24455  -9.80143 
             57.2998 -44.1105  -32.548 -46.7961 -437.203 -191.402 -4358.27 -0.0801476  -0.418929    88.8557 -0.0087031 -0.0228743  0.0437009 -86.4461  36.6501 -244.455 0.0690439 -0.130771  0.020804 -0.598862 0.0402983   0.33018 -0.295226 -0.237785  -9.80167 
             57.3998 -45.6187 -33.1171 -48.5413  -445.67 -187.704  -4382.5 -0.0806277  -0.418448    88.8545 -0.00873166  -0.0229212   0.0437387 -85.9659  37.3204 -244.906 0.0789199 -0.130745 0.0265847 -0.595844 0.0389404  0.323628  -0.29524 -0.236586   -9.8017 
             57.4996 -45.9222 -32.5928 -48.9715 -445.715 -187.715 -4382.49 -0.0812166  -0.418464    88.8546 -0.00873422  -0.0229318   0.0437392  -86.001  37.3172 -244.898 0.0789872 -0.130401 0.0256837 -0.595735 0.0414918  0.324166 -0.295418 -0.236642  -9.80169 
             57.6007 -45.8995 -32.5773 -48.8991 -463.113   -180.1 -4432.13 -0.0809684  -0.418619    88.8546 -0.00873338    -0.02293   0.0437388 -85.3714    38.64 -245.721 0.0786762 -0.130274 0.0254567 -0.596197 0.0416397  0.324095 -0.295399 -0.236686  -9.80169 
             57.7004 -38.3736 -30.6104 -35.4588 -471.775 -176.174 -4457.03 -0.0795997  -0.425807    88.8567 -0.00866346  -0.0227477   0.0437397 -85.3245  39.2266 -245.658 0.0751823 -0.131446 0.0235297 -0.681033 0.0831702   0.28913 -0.293761 -0.241957  -9.80161 
             57.7996 -38.5444 -30.1044 -36.1288 -479.745 -172.481    -4480 -0.0795997  -0.425807    88.8567 -0.00866346  -0.0227477   0.0437397 -85.2324  39.8241 -245.945 0.0751823 -0.131446 0.0235297 -0.681033 0.0831702   0.28913 -0.293761 -0.241957  -9.80161 
             57.8997 -38.1497 -30.7841 -38.0362 -488.665 -168.291 -4505.73 -0.0778513  -0.428709    88.8573 -0.00864926  -0.0227355   0.0437314 -85.0914  40.4502 -246.108 0.0729998  -0.13016 0.0272549 -0.703921 0.0992354  0.279196 -0.293464 -0.243441  -9.80159 
             58.0002 -38.0698 -30.1801 -38.9652 -497.012 -164.288 -4529.91 -0.0779628  -0.428587    88.8569 -0.0086483 -0.0227224  0.0437443  -84.967  41.0712 -246.405 0.0725514 -0.130811 0.0275301 -0.703428  0.098973  0.278311 -0.293384 -0.243286  -9.80159 
             58.1033 -38.7608 -29.0164 -39.3239 -506.026 -159.891 -4556.09 -0.0765808  -0.428947    88.8565 -0.00865565   -0.022724    0.043763 -84.7984  41.7352 -246.727 0.0738141  -0.13204 0.0253692 -0.703163 0.0988881  0.278043 -0.293372 -0.243097   -9.8016 
             58.1999 -39.0358 -28.6886 -39.9337 -514.157 -155.857 -4579.78  -0.07665 -0.428745   88.8565 -0.00865516  -0.0227247   0.0437617 -84.647 42.3342 -247.02 0.0740328 -0.131345 0.0255845 -0.702961 0.0985367  0.278052 -0.293368 -0.243104   -9.8016 
             58.3007 -39.0911 -28.6335 -40.7523 -522.446 -151.674 -4603.99 -0.0769316  -0.428015    88.8566 -0.00866362  -0.0227258   0.0437883 -84.4859  42.9496 -247.301 0.0738132 -0.130557 0.0267804 -0.702892  0.100098  0.275559 -0.293285 -0.242858  -9.80161 
             58.3998 -39.0969 -28.7989 -42.4034 -530.671 -147.474 -4628.01 -0.0780382  -0.426276    88.8569 -0.00868557  -0.0227942   0.0437995 -84.3092  43.5435  -247.58 0.0741716 -0.130417 0.0299004 -0.700663  0.108238  0.274305 -0.293705  -0.24237  -9.80161 
             58.5019 -39.2594 -28.3506 -43.0682 -538.929 -143.176  -4652.3 -0.0780382  -0.426276    88.8569 -0.00868557  -0.0227942   0.0437995 -84.1134  44.1389 -247.876 0.0741716 -0.130417 0.0299004 -0.700663  0.108238  0.274305 -0.293705  -0.24237  -9.80161 
             58.6012 -38.4862 -27.1472 -44.5971 -548.036  -138.39 -4678.96 -0.0794318  -0.424209    88.8571 -0.00871036  -0.0228435   0.0438372  -83.929   44.754 -248.126 0.0718052 -0.133428  0.029988 -0.698765  0.119959  0.271375 -0.294128 -0.241617  -9.80161 
             58.7007 -38.6803 -26.6321 -45.3292 -548.036  -138.39 -4678.96 -0.0794318  -0.424209    88.8571 -0.00871036  -0.0228435   0.0438372  -83.929   44.754 -248.126 0.0718052 -0.133428  0.029988 -0.698765  0.119959  0.271375 -0.294128 -0.241617  -9.80161 
             58.7993 -38.6383 -26.6291 -45.2753 -564.454  -129.62 -4727.52 -0.0792867  -0.424324    88.8571 -0.00870908  -0.0228365   0.0438397 -83.4762  45.8878 -248.668 0.0716175 -0.133351  0.029877 -0.699013  0.119402   0.27117 -0.294072 -0.241638  -9.80161 
             58.8999 -38.9819 -25.6999 -46.6578 -564.454  -129.62 -4727.52 -0.0792867  -0.424324    88.8571 -0.00870908  -0.0228365   0.0438397 -83.4762  45.8878 -248.668 0.0716175 -0.133351  0.029877 -0.699013  0.119402   0.27117 -0.294072 -0.241638  -9.80161 
             58.9994 -38.9745 -25.6901 -46.6172 -580.683 -120.624 -4775.97 -0.0795304  -0.424324    88.8571 -0.00870211  -0.0228306   0.0438314 -82.9704  46.9893 -249.232  0.071634 -0.133358 0.0298755 -0.698989  0.120018  0.271682 -0.294149 -0.241686  -9.80161 
             59.1005 -39.8748 -26.9064 -58.4329   -589.7 -115.474 -4803.18 -0.0796602  -0.424466    88.8571 -0.00870367   -0.022828   0.0438337 -82.4903  47.5209 -249.563 0.0726053 -0.134016 0.0311256 -0.699374  0.119566  0.271704 -0.294135 -0.241719  -9.80161 
             59.1995 -40.0649 -26.3978 -59.1976 -597.944  -110.69 -4828.19 -0.0796602  -0.424466    88.8571 -0.00870367   -0.022828   0.0438337 -82.0977  48.0242 -249.865 0.0726053 -0.134016 0.0311256 -0.699374  0.119566  0.271704 -0.294135 -0.241719  -9.80161 
             59.2996 -40.2383 -25.9317 -59.9011 -605.587 -106.188 -4851.51 -0.0796602  -0.424466    88.8571 -0.00870367   -0.022828   0.0438337 -81.7243  48.4822 -250.143 0.0726053 -0.134016 0.0311256 -0.699374  0.119566  0.271704 -0.294135 -0.241719  -9.80161 
             59.4003 -42.5855 -25.1708 -59.6887 -614.083  -101.09  -4877.7 -0.0813467  -0.424431    88.8575 -0.00869429  -0.0228017   0.0438281 -81.2076  49.0335 -250.605 0.0737121 -0.135536 0.0295413 -0.698923  0.117261  0.273653 -0.294227 -0.241672  -9.80161 
             59.5013 -42.7837 -24.7004  -60.437 -622.237 -96.1293 -4902.95 -0.0813467  -0.424431    88.8575 -0.00869429  -0.0228017   0.0438281 -80.7572  49.5149 -250.928 0.0737121 -0.135536 0.0295413 -0.698923  0.117261  0.273653 -0.294227 -0.241672  -9.80161 
              59.603 -46.0705 -27.4762 -73.0616 -630.349 -90.9943 -4929.48 -0.0777406  -0.425782     88.856 -0.00875716   -0.022836   0.0438638  -79.321  49.6272 -251.553 0.0789448 -0.136275 0.0384424 -0.702801  0.106597  0.272656 -0.293471 -0.242049  -9.80162 
                59.7 -48.3899 -31.1326 -73.7284  -637.76 -86.2147  -4953.4 -0.0800912  -0.432921    88.8567 -0.00881465  -0.0229121   0.0439827 -78.4917  50.0425  -251.73 0.0834034 -0.124399 0.0433561 -0.708945  0.110936  0.259559 -0.292502 -0.243049  -9.80162 
             59.8001  -48.368 -30.7811 -73.5644 -645.079  -81.531 -4976.83 -0.0808632  -0.433672    88.8565 -0.00880597  -0.0229027    0.043993 -77.9799  50.4387 -252.017 0.0825702 -0.123557 0.0426814 -0.710315  0.114519  0.257297 -0.292486 -0.243266  -9.80162 
             59.9037 -48.4972 -30.5184 -74.3104 -653.164 -76.2597 -5003.09 -0.0808632  -0.433672    88.8565 -0.00880597  -0.0229027    0.043993 -77.3435  50.8508 -252.443 0.0825702 -0.123557 0.0426814 -0.710315  0.114519  0.257297 -0.292486 -0.243266  -9.80162 
              60.002  -48.648 -30.2307 -75.1368 -660.699 -71.2694 -5027.79 -0.0808632  -0.433672    88.8565 -0.00880597  -0.0229027    0.043993  -76.739  51.2289 -252.838 0.0825702 -0.123557 0.0426814 -0.710315  0.114519  0.257297 -0.292486 -0.243266  -9.80162 
             60.0997 -49.0188 -30.6377 -74.1557 -661.077 -71.1772 -5027.71 -0.0899626  -0.423765    88.8587 -0.00871844  -0.0230664   0.0438762 -77.1301  51.3906 -252.766 0.0832558 -0.121008 0.0441939 -0.696114  0.141208  0.257407 -0.294504 -0.240927  -9.80162 
             60.1996 -48.9474 -30.5694 -73.9777 -661.074 -71.1734 -5027.71 -0.0897362  -0.424812    88.8589 -0.00872017  -0.0230634   0.0438807 -77.1353  51.3989 -252.759 0.0828637 -0.120872 0.0438443 -0.696407  0.140831  0.257254 -0.294441 -0.240992  -9.80162 
             60.2996  -48.906 -30.5352 -73.8665 -684.138 -55.7492 -5103.45 -0.0894627  -0.425575    88.8592 -0.00871936  -0.0230592   0.0438825  -75.322   52.656 -254.005 0.0826182 -0.120765 0.0436309 -0.696648  0.140578  0.257244 -0.294408 -0.241047  -9.80162 
             60.3996 -50.9441 -25.2586  -84.861 -691.778 -50.3751 -5129.36 -0.0895068  -0.425526    88.8592 -0.00871945  -0.0230597   0.0438825 -74.5862  52.8405 -254.421  0.082915 -0.121129 0.0437488 -0.696691  0.140587  0.257315 -0.294423 -0.241013  -9.80162 
             60.4996 -51.1744 -25.0186 -85.6397 -699.377 -44.9561 -5155.42 -0.0895068  -0.425526    88.8592 -0.00871945  -0.0230597   0.0438825 -73.8592  53.0423 -254.844  0.082915 -0.121129 0.0437488 -0.696691  0.140587  0.257315 -0.294423 -0.241013  -9.80162 
              60.601 -51.4063 -24.7787 -86.4297 -706.786 -39.6011 -5181.12 -0.0895068  -0.425526    88.8592 -0.00871945  -0.0230597   0.0438825 -73.1372   53.226 -255.264  0.082915 -0.121129 0.0437488 -0.696691  0.140587  0.257315 -0.294423 -0.241013  -9.80162 
             60.6998 -51.4267 -25.1303  -87.981 -706.786 -39.6025 -5181.12 -0.0895137  -0.425514    88.8592 -0.00872001  -0.0230598   0.0438827 -73.1366  53.2157 -255.262 0.0829472 -0.121152 0.0438293 -0.696657  0.140679  0.257329 -0.294427 -0.240994  -9.80162 
             60.8044 -51.4312 -25.1083 -87.9269 -721.261  -29.028 -5231.81 -0.089774 -0.425187   88.8593 -0.00872237  -0.0230601   0.0438854 -71.7088  53.5762 -256.108 0.0829903 -0.121167 0.0438533 -0.69649 0.141391 0.257564  -0.29451 -0.240878  -9.80162 
             60.8999 -51.8386  -24.463 -89.5762 -728.348 -23.7009 -5257.26 -0.0897709  -0.425197    88.8593 -0.00872236  -0.0230601   0.0438854 -70.9825  53.7131 -256.524  0.082983 -0.121185 0.0438462 -0.696492  0.141395  0.257564  -0.29451 -0.240878  -9.80162 
             61.0004 -52.7057 -23.8899 -90.0659 -728.347 -23.7012 -5257.26 -0.0897571   -0.42519    88.8593 -0.00872247  -0.0230603   0.0438854 -70.9748  53.7088 -256.533 0.0830494 -0.121201 0.0437938 -0.696502  0.141373  0.257565  -0.29451 -0.240877  -9.80162 
             61.1015 -52.7011 -23.8941  -90.083 -742.842 -12.6976 -5309.82 -0.0897973  -0.425127    88.8593 -0.00872041  -0.0230607   0.0438803 -69.4549  53.9565 -257.389 0.0830528  -0.12119 0.0437795 -0.696497  0.141446  0.257595 -0.294526 -0.240866  -9.80162 
             61.1997 -53.2127 -23.4865 -91.6414 -749.552 -7.45389 -5334.83 -0.0897973  -0.425127    88.8593 -0.00872041  -0.0230607   0.0438803 -68.7255  54.0476 -257.808 0.0830528  -0.12119 0.0437795 -0.696497  0.141446  0.257595 -0.294526 -0.240866  -9.80162 
             61.2997 -52.5557 -23.7085 -91.8833 -749.553 -7.45275 -5334.83 -0.0898244   -0.42511    88.8593 -0.00872043  -0.0230604   0.0438801 -68.7379  54.0674 -257.796 0.0829068 -0.121112 0.0437718 -0.696471  0.141518  0.257601 -0.294531 -0.240864  -9.80162 
             61.4029 -52.5387 -23.6928 -91.8086 -763.556  3.57318 -5387.42 -0.0898669  -0.425227    88.8593 -0.00871864  -0.0230566    0.043874 -67.2134  54.2906 -258.675 0.0829082 -0.121094 0.0437705 -0.696694  0.141371  0.257468 -0.294541 -0.240939  -9.80162 
             61.5004 -53.1568 -23.2719 -93.3677 -770.064  8.86062 -5412.62 -0.0898669  -0.425227    88.8593 -0.00871864  -0.0230566    0.043874 -66.4829  54.3546 -259.095 0.0829082 -0.121094 0.0437705 -0.696694  0.141371  0.257468 -0.294541 -0.240939  -9.80162 
             61.6001 -54.1235 -22.8831  -95.405 -776.476   14.131 -5437.77 -0.0898165  -0.425275    88.8593 -0.00871973  -0.0230576   0.0438745 -65.7291  54.3612 -259.537  0.083059 -0.121207 0.0438415 -0.696729  0.141264  0.257422 -0.294524 -0.240951  -9.80162 
             61.6997 -54.3712 -22.6931 -96.1448 -776.476   14.131 -5437.77 -0.0898165  -0.425275    88.8593 -0.00871973  -0.0230576   0.0438745 -65.7291  54.3612 -259.537  0.083059 -0.121207 0.0438415 -0.696729  0.141264  0.257422 -0.294524 -0.240951  -9.80162 
             61.7998 -54.3518 -22.6533 -96.1541 -789.248  24.7703 -5488.55 -0.0894316  -0.425185    88.8592 -0.00872734   -0.023066   0.0438797 -64.2205  54.4023 -260.394  0.082987 -0.121272 0.0438321 -0.696402  0.141896  0.256998 -0.294381 -0.240897  -9.80162 
             61.8997 -54.8513 -22.2837 -97.6288 -795.918  30.4543 -5515.78 -0.0894316  -0.425185    88.8592 -0.00872734   -0.023066   0.0438797 -63.416 54.3931 -260.87  0.082987 -0.121272 0.0438321 -0.696402  0.141896  0.256998 -0.294381 -0.240897  -9.80162 
             61.9997 -55.1161 -22.0854 -98.4417 -795.918  30.4543 -5515.78 -0.0894316  -0.425185    88.8592 -0.00872734   -0.023066   0.0438797 -63.416 54.3931 -260.87  0.082987 -0.121272 0.0438321 -0.696402  0.141896  0.256998 -0.294381 -0.240897  -9.80162 
             62.1006 -55.1037 -22.0817 -98.4159 -808.569  41.3951 -5568.32 -0.0895885  -0.424993    88.8593 -0.00872809  -0.0230683   0.0438794 -61.8613   54.352 -261.795 0.0829797 -0.121263 0.0438204 -0.696416  0.142263  0.257118 -0.294435 -0.240832  -9.80162 
             62.2003 -57.2021 -20.8907  -100.75 -814.381   46.524 -5593.09 -0.0895837  -0.425006    88.8592 -0.00872794  -0.0230691   0.0438792 -61.1102   54.246 -262.267 0.0834215 -0.121512 0.0437989 -0.696526   0.14205  0.257189 -0.294451 -0.240825  -9.80162 
             62.3072 -57.4691 -20.7384 -101.469 -814.381   46.524 -5593.09 -0.0895837  -0.425006    88.8592 -0.00872794  -0.0230691   0.0438792 -61.1102   54.246 -262.267 0.0834215 -0.121512 0.0437989 -0.696526   0.14205  0.257189 -0.294451 -0.240825  -9.80162 
             62.3994 -57.4614 -20.7276 -101.432 -826.568  57.3857 -5645.67 -0.0898156  -0.424881    88.8593 -0.00872494  -0.0230664   0.0438764 -59.5267  54.0832 -263.257 0.0834087 -0.121507 0.0437911 -0.696548  0.141871  0.257563 -0.294539 -0.240771  -9.80162 
             62.5027 -58.1338 -20.4344 -102.965 -833.036  63.2963 -5674.51 -0.0898156  -0.424881    88.8593 -0.00872494  -0.0230664   0.0438764 -58.6705  53.9447 -263.786 0.0834087 -0.121507 0.0437911 -0.696548  0.141871  0.257563 -0.294539 -0.240771  -9.80162 
             62.6002 -58.4419 -20.2696 -103.824 -838.668  68.5023 -5700.01 -0.0898156  -0.424881    88.8593 -0.00872494  -0.0230664   0.0438764 -57.9043   53.814 -264.268 0.0834087 -0.121507 0.0437911 -0.696548  0.141871  0.257563 -0.294539 -0.240771  -9.80162 
                62.7 -58.7278 -20.1286 -104.534 -844.418  73.8734 -5726.45 -0.0898156  -0.424881    88.8593 -0.00872494  -0.0230664   0.0438764 -57.1186  53.6567 -264.768 0.0834087 -0.121507 0.0437911 -0.696548  0.141871  0.257563 -0.294539 -0.240771  -9.80162 
             62.7997 -59.0134 -19.9889 -105.321 -849.662  78.8232 -5750.93 -0.0898156  -0.424881    88.8593 -0.00872494  -0.0230664   0.0438764 -56.3895  53.5041 -265.232 0.0834087 -0.121507 0.0437911 -0.696548  0.141871  0.257563 -0.294539 -0.240771  -9.80162 
             62.9032  -59.286 -19.8691  -106.01 -855.918   84.793 -5780.61 -0.0898156  -0.424881    88.8593 -0.00872494  -0.0230664   0.0438764 -55.5106  53.3016 -265.796 0.0834087 -0.121507 0.0437911 -0.696548  0.141871  0.257563 -0.294539 -0.240771  -9.80162 
             62.9997 -59.6107  -19.717  -106.88 -861.248  89.9364 -5806.32 -0.0898156  -0.424881    88.8593 -0.00872494  -0.0230664   0.0438764 -54.7486  53.1107 -266.288 0.0834087 -0.121507 0.0437911 -0.696548  0.141871  0.257563 -0.294539 -0.240771  -9.80162 
             63.0996 -64.9772 -15.9443 -119.268 -866.451  94.4034 -5831.99 -0.0890498  -0.426043    88.8589 -0.00874108  -0.0230814   0.0438821 -54.0545   51.253   -267.2 0.0874719 -0.126168 0.0449925 -0.697796  0.139465  0.256933 -0.294332 -0.241027  -9.80162 
                63.2 -65.3201 -15.8812 -120.032 -866.451  94.4034 -5831.99 -0.0890498  -0.426043    88.8589 -0.00874108  -0.0230814   0.0438821 -54.0545   51.253   -267.2 0.0874719 -0.126168 0.0449925 -0.697796  0.139465  0.256933 -0.294332 -0.241027  -9.80162 
             63.3014  -65.317 -15.8609  -120.07 -877.061  104.499 -5884.93 -0.0888755   -0.42593    88.8589 -0.00874129  -0.0230826     0.04388 -52.6056  50.3753 -268.365 0.0874319 -0.126355 0.0449976 -0.697476  0.139509  0.256986 -0.294262 -0.240956  -9.80162 
             63.3998  -64.704 -14.1895 -107.594 -882.445  109.705 -5912.67 -0.087679 -0.426376   88.8582 -0.00865328  -0.0230241   0.0439275 -51.7082  50.2062  -268.92 0.0869835 -0.124101 0.0437054 -0.69713 0.142501  0.25479 -0.293867 -0.241302  -9.80163 
             63.4993 -65.5396 -14.0851 -108.256 -887.657  114.789 -5940.01 -0.0875771   -0.42641    88.8582 -0.00865797  -0.0230299   0.0439277 -50.8952  49.9094 -269.523 0.0886847 -0.123748 0.0434583 -0.697265   0.14177  0.254787 -0.293855  -0.24133  -9.80163 
             63.6007  -65.941 -14.0267  -109.03 -892.785  119.841 -5967.41 -0.0875771   -0.42641    88.8582 -0.00865797  -0.0230299   0.0439277 -50.0798  49.5959 -270.131 0.0886847 -0.123748 0.0434583 -0.697265   0.14177  0.254787 -0.293855  -0.24133  -9.80163 
             63.6997  -67.613 -12.2457 -110.345  -897.67  124.674 -5993.97 -0.0850417  -0.428328     88.857 -0.00860494  -0.0230146   0.0439441 -49.2918  49.1833 -270.712 0.0942042 -0.126582 0.0380321 -0.69936 0.142515   0.2513 -0.293418 -0.242287  -9.80162 
             63.7995 -68.6741 -13.2047  -110.77  -902.24  129.252 -6019.27 -0.0844426  -0.428107    88.8568 -0.0086099 -0.0230296  0.0439426 -48.5321  48.8619 -271.311 0.0966507 -0.124044 0.0411306 -0.699413  0.142424  0.250744 -0.293292 -0.242376  -9.80162 
             63.9022 -69.0921 -13.1717 -111.484  -907.59  134.665 -6049.49 -0.0844426  -0.428107    88.8568 -0.0086099 -0.0230296  0.0439426 -47.6409  48.4508 -272.029 0.0966507 -0.124044 0.0411306 -0.699413  0.142424  0.250744 -0.293292 -0.242376  -9.80162 
             63.9997  -69.591 -13.1457 -112.332 -912.153  139.325 -6075.78 -0.0844426  -0.428107    88.8568 -0.0086099 -0.0230296  0.0439426 -46.8712   48.084 -272.656 0.0966507 -0.124044 0.0411306 -0.699413  0.142424  0.250744 -0.293292 -0.242376  -9.80162 
             64.1001 -70.0283 -13.1255 -113.073 -916.745  144.055 -6102.73 -0.0844426  -0.428107    88.8568 -0.0086099 -0.0230296  0.0439426 -46.0895  47.6926 -273.308 0.0966507 -0.124044 0.0411306 -0.699413  0.142424  0.250744 -0.293292 -0.242376  -9.80162 
             64.1996  -70.051 -13.1763 -113.128 -921.313  148.835 -6130.14 -0.0840216  -0.428031    88.8567 -0.00859785  -0.0230171   0.0439502 -45.2739  47.3503 -273.943 0.0944566 -0.122026 0.0405541 -0.698638  0.144126  0.249936 -0.293101 -0.242502  -9.80162 
             64.2993   -70.41 -13.2317 -113.923 -925.451  153.181 -6155.41 -0.0839022  -0.428081    88.8566 -0.0085949  -0.023015  0.0439531 -44.5445  46.9708 -274.551 0.0941763  -0.12205 0.0407871 -0.698562   0.14448  0.249707 -0.293043 -0.242536  -9.80162 
             64.4025 -70.8079 -13.2235 -114.613 -925.451  153.181 -6155.41 -0.0839022  -0.428081    88.8566 -0.0085949  -0.023015  0.0439531 -44.5445  46.9708 -274.551 0.0941763  -0.12205 0.0407871 -0.698562   0.14448  0.249707 -0.293043 -0.242536  -9.80162 
             64.4997 -70.8417 -13.2349   -114.7 -934.713  162.968 -6212.63 -0.0837877  -0.427172    88.8566 -0.00860585  -0.0230243   0.0439652 -42.9148  46.0901 -275.939 0.0944602 -0.122376  0.040924 -0.698109  0.145852  0.250074 -0.292989  -0.24216  -9.80163 
             64.6005 -71.9077 -13.3119 -115.575 -938.897  167.481  -6239.8 -0.0837863  -0.427168    88.8566 -0.0086058 -0.0230243  0.0439652 -42.1415  45.6597 -276.614  0.094455 -0.122335 0.0409116 -0.698102  0.145857  0.250073 -0.292989  -0.24216  -9.80163 
             64.6996  -72.756 -19.3054 -139.087  -943.16  172.013 -6267.84 -0.0839445  -0.429133    88.8561  -0.008618 -0.0230288  0.0439648 -41.7275  44.5908 -277.349 0.0955362 -0.124029 0.0423838 -0.698585  0.145239  0.249978 -0.292986 -0.242276  -9.80163 
             64.8014 -73.1262 -19.3336 -139.885 -947.434  176.573 -6296.47 -0.0839445  -0.429133    88.8561  -0.008618 -0.0230288  0.0439648   -41.15  43.8427 -278.082 0.0955362 -0.124029 0.0423838 -0.698585  0.145239  0.249978 -0.292986 -0.242276  -9.80163 
             64.9002 -74.6784 -18.9737  -140.71 -951.281  180.667 -6322.69 -0.080995 -0.426251   88.8557 -0.00874259  -0.0231521   0.0440143 -40.5718  43.0773  -278.48 0.0974423 -0.123802 0.0405663 -0.699268   0.16987  0.239776   -0.2914 -0.243332  -9.80165 
                  65 -75.0361 -19.0156 -141.446 -951.281  180.667 -6322.69 -0.080995 -0.426251   88.8557 -0.00874259  -0.0231521   0.0440143 -40.5718  43.0773  -278.48 0.0974423 -0.123802 0.0405663 -0.699268   0.16987  0.239776   -0.2914 -0.243332  -9.80165 
             65.1001 -75.0479 -18.9925  -141.34 -959.481  189.365 -6379.14 -0.0813779  -0.425891    88.8557 -0.0087251 -0.0231449  0.0440155 -39.4876  41.5657 -279.959 0.0974325 -0.123732 0.0405466 -0.699337  0.169767   0.24027 -0.291525 -0.243168  -9.80165 
             65.1998 -76.7541 -12.3426 -116.493 -963.322  193.437 -6406.72 -0.0812121  -0.426106    88.8559 -0.00871386  -0.0231412   0.0440144 -38.6398  41.1433 -280.713 0.0967916 -0.122036 0.0395262 -0.69901 0.170491 0.240234  -0.29153 -0.243142  -9.80165 
             65.2996 -77.2138 -12.4093 -117.227 -963.322  193.437 -6406.72 -0.0812121  -0.426106    88.8559 -0.00871386  -0.0231412   0.0440144 -38.6398  41.1433 -280.713 0.0967916 -0.122036 0.0395262 -0.69901 0.170491 0.240234  -0.29153 -0.243142  -9.80165 
              65.401 -77.2283 -12.4195 -117.242 -971.186  201.798 -6463.94 -0.081922 -0.426328   88.8561 -0.00867715  -0.0231807   0.0439219 -37.0545  40.1164 -282.252 0.0968129 -0.121977 0.0394813 -0.699806  0.170261  0.239912 -0.291768  -0.24337  -9.80164 
             65.4996  -78.204 -12.5799 -118.731 -974.846  205.775 -6492.14 -0.081922 -0.426328   88.8561 -0.00867715  -0.0231807   0.0439219 -36.2856   39.599  -283.04 0.0968129 -0.121977 0.0394813 -0.699806  0.170261  0.239912 -0.291768  -0.24337  -9.80164 
             65.5995 -78.6748 -12.6682 -119.468 -978.242  209.494 -6518.92 -0.0819219  -0.426328    88.8561 -0.00867715  -0.0231807   0.0439219 -35.5645  39.0983 -283.785 0.0968133 -0.121977 0.0394816 -0.699806  0.170261  0.239912 -0.291768  -0.24337  -9.80164 
             65.7004 -79.3839 -12.3473 -119.891 -981.899  213.532 -6548.47 -0.0819098  -0.426327    88.8561 -0.00867705  -0.0231806    0.043922 -34.7705  38.5387 -284.635 0.0968446 -0.121948 0.0394309 -0.699804  0.170256  0.239913 -0.291768 -0.243369  -9.80164 
             65.7996 -79.8687 -12.4545 -120.658 -984.979  216.956 -6573.95 -0.0819098  -0.426327    88.8561 -0.00867705  -0.0231806    0.043922 -34.0947   38.045 -285.362 0.0968446 -0.121948 0.0394309 -0.699804  0.170256  0.239913 -0.291768 -0.243369  -9.80164 
              65.903 -80.2877 -12.5507 -121.317 -988.834  221.275 -6606.66 -0.0819098  -0.426327    88.8561 -0.00867705  -0.0231806    0.043922 -33.2404  37.3976 -286.296 0.0968446 -0.121948 0.0394309 -0.699804  0.170256  0.239913 -0.291768 -0.243369  -9.80164 
             65.9995 -80.8243 -12.6793 -122.159 -988.834  221.275 -6606.66 -0.0819098  -0.426327    88.8561 -0.00867705  -0.0231806    0.043922 -33.2404  37.3976 -286.296 0.0968446 -0.121948 0.0394309 -0.699804  0.170256  0.239913 -0.291768 -0.243369  -9.80164 
             66.0998 -80.8494 -12.7212 -122.248  -995.23  228.472 -6661.72 -0.0819416  -0.425953    88.8561 -0.00866045  -0.0231807   0.0439178  -31.806  36.3071 -287.911 0.0969068 -0.121958 0.0395018 -0.699699  0.170492  0.240171 -0.291758  -0.24322  -9.80164 
             66.1999 -81.7035 -12.9455 -123.685 -998.436  232.143 -6691.12 -0.0819416  -0.425953    88.8561 -0.00866045  -0.0231807   0.0439178 -31.0688  35.6928 -288.769 0.0969068 -0.121958 0.0395018 -0.699699  0.170492  0.240171 -0.291758  -0.24322  -9.80164 
             66.3018 -82.1747 -13.0805 -124.434 -998.436  232.143 -6691.12 -0.0819416  -0.425953    88.8561 -0.00866045  -0.0231807   0.0439178 -31.0688  35.6928 -288.769 0.0969068 -0.121958 0.0395018 -0.699699  0.170492  0.240171 -0.291758  -0.24322  -9.80164 
             66.4042  -82.179 -13.0884 -124.411  -1004.8   239.47 -6750.97 -0.0822344  -0.425769    88.8561 -0.00865713  -0.0231778   0.0439222 -29.6065  34.4189  -290.52 0.0968728 -0.121868   0.03947 -0.699956  0.170781  0.240316 -0.291858 -0.243167  -9.80164 
             66.4995 -86.9246  -17.537  -127.86 -1007.61  242.729 -6778.79  -0.08221 -0.425928   88.8561 -0.0086577   -0.02318  0.0439214 -28.9679  33.7585 -291.429 0.0973768 -0.122095 0.0399619 -0.700076   0.17073  0.240296 -0.291854 -0.243177  -9.80164 
             66.5996 -87.3155  -17.724 -128.567  -1010.4   245.99 -6807.26  -0.08221 -0.425928   88.8561 -0.0086577   -0.02318  0.0439214 -28.3164  33.0961 -292.338 0.0973768 -0.122095 0.0399619 -0.700076   0.17073  0.240296 -0.291854 -0.243177  -9.80164 
             66.6998 -87.7071 -17.8708 -130.002 -1013.19  249.247 -6836.41 -0.0822229  -0.425919     88.856 -0.00865788  -0.0231801   0.0439214 -27.6846  32.3774 -293.267 0.0974327 -0.122242 0.0399706 -0.70011 0.170688 0.240296 -0.291857  -0.24318  -9.80164 
             66.7995 -88.2074 -15.7329 -130.388  -1015.8  252.306 -6864.42 -0.0817618  -0.425624     88.856 -0.00865746  -0.0231794    0.043922 -27.0638  31.7125 -294.176  0.097723 -0.122071 0.0393756 -0.700165  0.170556  0.240353 -0.291856  -0.24316  -9.80164 
             66.9006 -88.6264 -15.9336 -131.079 -1018.66  255.661 -6895.96 -0.0817618  -0.425624     88.856 -0.00865746  -0.0231794    0.043922 -26.3857  30.9439 -295.193  0.097723 -0.122071 0.0393756 -0.700165  0.170556  0.240353 -0.291856  -0.24316  -9.80164 
             66.9999 -89.0855 -16.1642 -131.855 -1021.29  258.736 -6925.68 -0.0817618  -0.425624     88.856 -0.00865746  -0.0231794    0.043922 -25.7581  30.2147 -296.161  0.097723 -0.122071 0.0393756 -0.700165  0.170556  0.240353 -0.291856  -0.24316  -9.80164 
             67.0996 -89.5875 -16.5349 -132.404  -1023.7  261.572 -6953.78 -0.0816297  -0.425536    88.8559 -0.00865751  -0.0231798   0.0439221 -25.1601  29.5328 -297.077 0.0979099  -0.12198 0.0395006 -0.700187  0.170475  0.240366 -0.291852 -0.243157  -9.80164 
             67.1996 -90.5076 -16.7147 -130.302 -1026.09  264.699 -6984.32 -0.0788556  -0.423329    88.8559 -0.00865676  -0.0232679   0.0439004 -24.1878  28.9995 -297.685 0.0990082 -0.120009 0.0404436 -0.698528  0.191737   0.23675 -0.290106 -0.242707   -9.8017 
             67.2996 -90.9351 -16.9488 -131.053 -1026.09  264.699 -6984.32 -0.0788556  -0.423329    88.8559 -0.00865676  -0.0232679   0.0439004 -24.1878  28.9995 -297.685 0.0990082 -0.120009 0.0404436 -0.698528  0.191737   0.23675 -0.290106 -0.242707   -9.8017 
             67.4032 -90.9165 -16.9417 -130.942 -1030.94  270.517 -7045.16 -0.0790126  -0.423443     88.856 -0.00865679  -0.0232674   0.0439008    -22.9  27.5335 -299.688 0.0988546 -0.119745 0.0403886 -0.698769   0.19228   0.23664 -0.290157 -0.242738   -9.8017 
             67.5003 -91.7579 -17.4173 -132.382 -1033.15   273.17 -7074.46 -0.0790126  -0.423443     88.856 -0.00865679  -0.0232674   0.0439008 -22.3039  26.8089  -300.66 0.0988546 -0.119745 0.0403886 -0.698769   0.19228   0.23664 -0.290157 -0.242738   -9.8017 
             67.5996 -92.1893 -17.8981 -131.956 -1035.24  275.684 -7103.02 -0.0790129  -0.423376     88.856 -0.00865667  -0.0232675    0.043901 -21.6967  26.1289 -301.605  0.098765 -0.119491  0.040431 -0.69871 0.192362 0.236645  -0.29015 -0.242728   -9.8017 
             67.6996  -92.534 -17.8764 -132.587 -1037.31  278.177 -7132.23 -0.0789716  -0.423333     88.856 -0.00865624  -0.0232675   0.0439022  -21.112  25.4095 -302.579 0.0986607  -0.11946 0.0403504 -0.698773  0.192705  0.236609 -0.290148 -0.242723   -9.8017 
             67.8049 -93.5803 -18.2493 -133.428 -1039.42  280.713 -7162.99 -0.0787707   -0.42311     88.856 -0.00865821  -0.0232732   0.0439033 -20.5337  24.6267 -303.627  0.100379 -0.119083 0.0404791 -0.698955  0.192543  0.236638 -0.290124 -0.242697   -9.8017 
             67.9021 -94.0135 -18.5327 -134.134 -1041.63  283.353 -7196.14 -0.0787707   -0.42311     88.856 -0.00865821  -0.0232732   0.0439033 -19.9023   23.788 -304.753  0.100379 -0.119083 0.0404791 -0.698955  0.192543  0.236638 -0.290124 -0.242697   -9.8017 
             67.9997 -94.4723  -18.843 -134.895 -1043.55  285.639 -7225.93 -0.0787707   -0.42311     88.856 -0.00865821  -0.0232732   0.0439033 -19.3501  23.0299 -305.763  0.100379 -0.119083 0.0404791 -0.698955  0.192543  0.236638 -0.290124 -0.242697   -9.8017 
             68.0996 -94.8846  -19.126 -135.568  -1045.4  287.837 -7255.63 -0.0787707   -0.42311     88.856 -0.00865821  -0.0232732   0.0439033 -18.8135  22.2685 -306.772  0.100379 -0.119083 0.0404791 -0.698955  0.192543  0.236638 -0.290124 -0.242697   -9.8017 
             68.1997 -95.3598  -19.069 -136.392 -1047.24  290.001 -7286.09 -0.0787293  -0.423247     88.856 -0.00865928  -0.0232739   0.0439037 -18.2915  21.4693 -307.816  0.100625 -0.119178 0.0392751 -0.699139  0.192723  0.236615 -0.290158 -0.242703   -9.8017 
             68.2999 -95.7814 -19.3583 -137.076 -1048.97  292.017 -7315.55 -0.0787293  -0.423247     88.856 -0.00865928  -0.0232739   0.0439037 -17.7866  20.7035 -308.823  0.100625 -0.119178 0.0392751 -0.699139  0.192723  0.236615 -0.290158 -0.242703   -9.8017 
             68.4011 -96.1797 -19.6383 -137.733 -1050.86  294.211 -7349.02 -0.0787293  -0.423247     88.856 -0.00865928  -0.0232739   0.0439037 -17.2284  19.8273 -309.969  0.100625 -0.119178 0.0392751 -0.699139  0.192723  0.236615 -0.290158 -0.242703   -9.8017 
             68.4997 -96.6229 -19.9654 -138.478 -1052.56  296.153 -7380.04 -0.0787293  -0.423247     88.856 -0.00865928  -0.0232739   0.0439037 -16.7259  19.0087 -311.034  0.100625 -0.119178 0.0392751 -0.699139  0.192723  0.236615 -0.290158 -0.242703   -9.8017 
             68.5997 -97.2343 -20.4496 -139.128 -1054.12  297.901 -7409.33 -0.078815 -0.423085   88.8561 -0.00866027   -0.023277   0.0439034 -16.2703   18.228 -312.046  0.101151 -0.119119 0.0398232 -0.699257  0.192738  0.236666 -0.290163 -0.242673   -9.8017 
             68.6996 -97.6297 -20.7437 -139.771  -1055.8   299.77 -7442.14 -0.078815 -0.423085   88.8561 -0.00866027   -0.023277   0.0439034 -15.7679  17.3531 -313.181  0.101151 -0.119119 0.0398232 -0.699257  0.192738  0.236666 -0.290163 -0.242673   -9.8017 
             68.7997  -98.054 -21.0847 -140.491 -1057.33  301.437 -7472.99 -0.078815 -0.423085   88.8561 -0.00866027   -0.023277   0.0439034 -15.3112  16.5249 -314.247  0.101151 -0.119119 0.0398232 -0.699257  0.192738  0.236666 -0.290163 -0.242673   -9.8017 
             68.9026 -98.4469 -21.4032 -141.161 -1057.33  301.437 -7472.99 -0.078815 -0.423085   88.8561 -0.00866027   -0.023277   0.0439034 -15.3112  16.5249 -314.247  0.101151 -0.119119 0.0398232 -0.699257  0.192738  0.236666 -0.290163 -0.242673   -9.8017 
             69.0001  -98.444 -21.4208 -141.261  -1060.4  304.722 -7536.76 -0.0786597  -0.423089    88.8561 -0.00866181  -0.0232781   0.0439045 -14.3852  14.8133 -316.474  0.101252  -0.11941 0.0398372 -0.699197  0.193046  0.236635 -0.290102 -0.242664  -9.80171 
             69.1001 -99.3467 -22.1042 -142.705 -1061.77  306.117 -7567.44 -0.0786601   -0.42309    88.8561 -0.00866181  -0.0232781   0.0439045 -13.9756  13.9788  -317.54  0.101253 -0.119414 0.0398367 -0.699199  0.193045  0.236635 -0.290102 -0.242664  -9.80171 
             69.1996 -99.7329 -22.4336 -143.361 -1063.12  307.452 -7598.73 -0.0786601   -0.42309    88.8561 -0.00866181  -0.0232781   0.0439045 -13.5707  13.1251 -318.633  0.101252 -0.119414 0.0398367 -0.699199  0.193045  0.236635 -0.290102 -0.242664  -9.80171 
             69.3009 -100.157 -22.8659 -143.974 -1063.12  307.452 -7598.73 -0.0786624   -0.42308    88.8561 -0.00866181  -0.0232782   0.0439044 -13.5698  13.1258 -318.634  0.101242 -0.119417 0.0398594 -0.699199  0.193061  0.236639 -0.290101 -0.242661  -9.80171 
             69.4001 -100.169 -22.8638 -144.044 -1063.13  307.453 -7598.72 -0.0789089  -0.421685    88.8561 -0.00865838  -0.0232842   0.0438954 -13.5818  13.1305 -318.618  0.101218 -0.119383   0.03985 -0.699576  0.194128  0.237625 -0.290126 -0.242131  -9.80172 
             69.5007 -100.176 -22.8511 -143.965 -1067.18  311.265 -7696.52 -0.0789895  -0.421661    88.8565 -0.00865614  -0.0232825   0.0439005 -12.3478  10.4745  -322.07  0.101304 -0.119399  0.039832 -0.699079  0.193042  0.237444 -0.290084 -0.242266  -9.80172 
             69.5997 -101.495 -23.9465 -146.026 -1068.33  312.216 -7726.99 -0.0789895  -0.421661    88.8565 -0.00865614  -0.0232825   0.0439005  -12.012  9.63272 -323.135  0.101304 -0.119399  0.039832 -0.699079  0.193042  0.237444 -0.290084 -0.242266  -9.80172 
             69.6998 -101.815 -24.4837 -147.354 -1069.51   313.13  -7759.2 -0.0789986  -0.421672    88.8565 -0.00865617  -0.0232825   0.0439005 -11.7044  8.72884 -324.259   0.10133 -0.119463 0.0398416 -0.699102  0.193025  0.237445 -0.290088 -0.242268  -9.80172 
             69.8002 -102.189 -24.8473 -148.025 -1070.62  313.931 -7790.53 -0.0789986  -0.421672    88.8565 -0.00865617  -0.0232825   0.0439005 -11.3967  7.85521 -325.358   0.10133 -0.119463 0.0398416 -0.699102  0.193025  0.237445 -0.290088 -0.242268  -9.80172 
             69.9003 -102.541 -25.2075 -148.681 -1071.83  314.724 -7825.52 -0.0789986  -0.421672    88.8565 -0.00865617  -0.0232825   0.0439005 -11.0716  6.87637 -326.588   0.10133 -0.119463 0.0398416 -0.699102  0.193025  0.237445 -0.290088 -0.242268  -9.80172 
             69.9997 -102.926 -25.6062 -149.405 -1072.94  315.377 -7858.77 -0.0789986  -0.421672    88.8565 -0.00865617  -0.0232825   0.0439005 -10.7801  5.94706 -327.755   0.10133 -0.119463 0.0398416 -0.699102  0.193025  0.237445 -0.290088 -0.242268  -9.80172 
             70.0996 -103.292 -25.9904 -150.086 -1073.93  315.889 -7889.12 -0.0789986  -0.421672    88.8565 -0.00865617  -0.0232825   0.0439005 -10.5277  5.09807 -328.822   0.10133 -0.119463 0.0398416 -0.699102  0.193025  0.237445 -0.290088 -0.242268  -9.80172 
             70.2001 -101.806 -30.1024 -170.409 -1075.92  316.012 -7923.95 -0.0785682  -0.421448    88.8545 -0.00865126  -0.0232822   0.0438936 -12.5681  3.26402 -329.803  0.105448  -0.12258 0.0400499 -0.700533  0.191641  0.237791 -0.290201 -0.242237  -9.80171 
             70.2997 -102.139 -30.4937 -171.183 -1077.16  316.287 -7956.43 -0.0785682  -0.421448    88.8545 -0.00865126  -0.0232822   0.0438936 -12.6406  2.31188 -330.907  0.105448  -0.12258 0.0400499 -0.700533  0.191641  0.237791 -0.290201 -0.242237  -9.80171 
             70.4029 -98.5119 -29.9653  169.429 -1078.14  315.881  -7956.3 -0.0795941  -0.420428    88.8547 -0.00866105   -0.023284   0.0439063 -14.8958  1.59737 -330.564  0.105248 -0.127111 0.0390019 -0.702571  0.190703  0.237685 -0.290681 -0.242383   -9.8017 
             70.4999 -98.5118 -29.9653   169.43  -1081.2  316.096 -8023.34 -0.0796439  -0.420403    88.8547 -0.00865959  -0.0232836   0.0439075  -15.6079 -0.268858  -332.749  0.105238 -0.127091 0.0390023 -0.702602  0.190615  0.237715 -0.290699  -0.24237   -9.8017 
             70.5997 -98.0719 -30.7798  146.266 -1082.71  316.052 -8054.39 -0.0797435   -0.42001    88.8541 -0.00865869  -0.0232849   0.0438991  -16.4741 -0.853909  -333.717   0.10647 -0.129455  0.038817 -0.703882  0.191016  0.237867 -0.290786 -0.242329  -9.80169 
             70.7033   -98.32 -31.0838   145.51 -1084.55  315.918 -8090.76 -0.0797435   -0.42001    88.8541 -0.00865869  -0.0232849   0.0438991 -17.2265 -1.62417 -334.873   0.10647 -0.129455  0.038817 -0.703882  0.191016  0.237867 -0.290786 -0.242329  -9.80169 
             70.8016 -98.5989  -31.441  144.628 -1086.16  315.741 -8121.56 -0.0797435   -0.42001    88.8541 -0.00865869  -0.0232849   0.0438991 -17.8743 -2.26902 -335.852   0.10647 -0.129455  0.038817 -0.703882  0.191016  0.237867 -0.290786 -0.242329  -9.80169 
             70.8997 -98.9276 -32.1817  141.417 -1088.11  315.487 -8156.89 -0.0803183  -0.420976    88.8542 -0.00867819  -0.0232973   0.0438924 -18.7709 -2.88231 -336.975  0.108185 -0.130748 0.0393245 -0.704834  0.189385  0.237507 -0.291181 -0.242514  -9.80168 
             70.9994 -99.1891 -32.5388  140.547 -1088.11  315.487 -8156.89 -0.0803183  -0.420976    88.8542 -0.00867819  -0.0232973   0.0438924 -18.7709 -2.88231 -336.975  0.108185 -0.130748 0.0393245 -0.704834  0.189385  0.237507 -0.291181 -0.242514  -9.80168 
             71.0997 -99.1881 -32.5312   140.56  -1091.8  314.919 -8222.73 -0.0805801  -0.418876    88.8537 -0.00870493  -0.0233111   0.0438927 -20.2347 -4.12637 -339.066  0.108002 -0.130371 0.0392899 -0.706336  0.190297  0.238369  -0.29125 -0.241789  -9.80169 
             71.1996 -99.3359 -32.9107  138.801  -1091.8  314.919 -8222.73 -0.080576 -0.418881   88.8537 -0.00870492   -0.023311   0.0438927 -20.2347 -4.12648 -339.066  0.107991 -0.130372 0.0392698 -0.706335  0.190301  0.238369  -0.29125 -0.241789  -9.80169 
             71.2997 -99.3366 -32.9049  138.725 -1096.02  314.006 -8292.33 -0.0792779  -0.418257    88.8535 -0.00875713  -0.0233493   0.0439298 -21.8271 -5.39426 -341.273  0.108033 -0.130461 0.0392102 -0.706278  0.191865  0.239103 -0.290728  -0.24162  -9.80171 
             71.4009 -96.5602 -37.5846  143.993 -1098.23  313.423 -8326.53 -0.0792112  -0.418063    88.8535 -0.00875571  -0.0233483   0.0439297 -22.4852  -6.1726 -342.263  0.107275 -0.129835 0.0396944 -0.70599 0.192099 0.239116 -0.290673 -0.241592  -9.80172 
             71.4996 -97.7403 -38.4452  141.698 -1098.24  313.426 -8326.53 -0.0794684  -0.417935    88.8535 -0.00875537   -0.023349   0.0439309 -22.5214  -6.1308 -342.282  0.107566  -0.13007 0.0397749 -0.706067  0.191998   0.23911 -0.290694 -0.241603  -9.80171 
             71.6047 -97.751 -38.454 141.691 -1102.73  312.213 -8394.73 -0.0798064  -0.417521    88.8536 -0.00876989  -0.0233457   0.0438972 -23.9815 -7.44682 -344.333  0.107558 -0.130041 0.0397929 -0.706723  0.191592  0.239218 -0.290794 -0.241366  -9.80172 
             71.6996 -98.0544 -39.1373  139.968 -1102.73  312.213 -8394.73 -0.0798064  -0.417521    88.8536 -0.00876989  -0.0233457   0.0438972 -23.9815 -7.44682 -344.333  0.107558 -0.130041 0.0397929 -0.706723  0.191592  0.239218 -0.290794 -0.241366  -9.80172 
             71.8001 -98.0588 -39.1471  140.059  -1107.6  310.674 -8463.82 -0.0799391  -0.417215    88.8536 -0.0087714 -0.0233398  0.0438785 -25.5002 -8.73493 -346.421  0.107559 -0.130006 0.0397978 -0.707135  0.191601  0.239355   -0.2908 -0.241212  -9.80172 
             71.9015 -98.3863 -39.8248  138.249  -1107.6  310.674 -8463.82 -0.0799391  -0.417215    88.8536 -0.0087714 -0.0233398  0.0438785 -25.5002 -8.73493 -346.421  0.107559 -0.130006 0.0397978 -0.707135  0.191601  0.239355   -0.2908 -0.241212  -9.80172 
             71.9998  -98.373 -39.8076  138.094 -1112.78  308.873  -8533.4 -0.0799537  -0.417122    88.8536 -0.00877554  -0.0233417   0.0438735 -27.0764 -9.96486 -348.482  0.107569 -0.130013 0.0397948 -0.707281  0.191772  0.239389 -0.290793 -0.241174  -9.80172 
             72.0997 -98.5633 -40.5035  136.279 -1115.34   307.92  -8565.9 -0.0799537  -0.417122    88.8536 -0.00877554  -0.0233417   0.0438735 -27.8246 -10.5103 -349.452  0.107569 -0.130013 0.0397948 -0.707281  0.191772  0.239389 -0.290793 -0.241174  -9.80172 
             72.2029 -94.0131 -44.3338  89.0904 -1118.57  306.906 -8604.53 -0.0815362  -0.416165    88.8539 -0.0087716 -0.0233442  0.0438511 -29.4886  -9.5839 -350.314  0.111595 -0.135471 0.0399956 -0.710601  0.191953  0.239673 -0.291099 -0.241004  -9.80172 
             72.2999 -93.9689 -44.6516  87.9223 -1121.48  305.982 -8638.57 -0.0815362  -0.416165    88.8539 -0.0087716 -0.0233442  0.0438511 -30.4354 -9.45533 -351.257  0.111595 -0.135471 0.0399956 -0.710601  0.191953  0.239673 -0.291099 -0.241004  -9.80172 
             72.3998 -94.0501 -43.4058  84.7768 -1124.47  305.109 -8672.51 -0.0816477  -0.416144    88.8539 -0.0087721 -0.0233462  0.0438587 -31.3859  -9.1601 -352.214  0.111981  -0.13584 0.0396091 -0.710863  0.191841  0.239681 -0.291138 -0.240978  -9.80172 
             72.4997 -94.0519 -43.6813   83.771 -1127.77  304.171 -8709.03 -0.0816477  -0.416144    88.8539 -0.0087721 -0.0233462  0.0438587 -32.3816 -8.95098 -353.224  0.111981  -0.13584 0.0396091 -0.710863  0.191841  0.239681 -0.291138 -0.240978  -9.80172 
             72.5996 -94.0446  -43.976  82.6931 -1127.77  304.171 -8709.03 -0.0816477  -0.416144    88.8539 -0.0087721 -0.0233462  0.0438587 -32.3816 -8.95098 -353.224  0.111981  -0.13584 0.0396091 -0.710863  0.191841  0.239681 -0.291138 -0.240978  -9.80172 
             72.6996 -94.0499  -43.972  82.7423 -1134.21  302.436 -8778.26 -0.0816354  -0.416246    88.8539 -0.00877674  -0.0233474   0.0438472 -34.2566 -8.53208 -355.154  0.112009  -0.13582 0.0395911 -0.710742  0.192009  0.239628 -0.291139 -0.241037  -9.80172 
             72.7998 -89.2804 -34.9458  97.1158 -1137.83  301.517 -8815.14 -0.0790007   -0.41808    88.8536 -0.00877683  -0.0233466   0.0438602 -35.3455 -8.83051 -356.106  0.109563 -0.133454 0.0380104 -0.710113  0.193287  0.239722  -0.2909 -0.24097 -9.80172 
             72.9003 -89.4505 -35.1646  96.1445 -1141.37  300.641 -8850.42 -0.0790007   -0.41808    88.8536 -0.00877683  -0.0233466   0.0438602 -36.3206 -8.87662 -357.027  0.109563 -0.133454 0.0380104 -0.710113  0.193287  0.239722  -0.2909 -0.24097 -9.80172 
             72.9997 -89.4272 -35.5759   96.341 -1144.82  299.793 -8883.92 -0.0793753  -0.418107    88.8534 -0.00878958  -0.0233524   0.0438806 -37.2512 -8.98191 -357.895  0.109152 -0.133302 0.0380946 -0.709908  0.193659  0.239773 -0.290858 -0.241004  -9.80172 
              73.107 -88.9674 -36.0253  92.0497 -1148.71  298.916 -8920.98 -0.0800234  -0.423157    88.8533 -0.00880298  -0.0233662   0.0438613 -38.2605 -8.78576 -358.858  0.108365 -0.135843 0.0398243 -0.710276  0.193697  0.240081 -0.290858 -0.241103  -9.80172 
             73.2041 -89.0975 -36.2519  91.0582 -1152.65  298.025 -8957.48 -0.0800234  -0.423157    88.8533 -0.00880298  -0.0233662   0.0438613 -39.2609 -8.75105 -359.801  0.108365 -0.135843 0.0398243 -0.710276  0.193697  0.240081 -0.290858 -0.241103  -9.80172 
             73.3021 -89.2168 -36.4742  90.0803 -1152.65  298.025 -8957.48 -0.0800234  -0.423157    88.8533 -0.00880298  -0.0233662   0.0438613 -39.2609 -8.75105 -359.801  0.108365 -0.135843 0.0398243 -0.710276  0.193697  0.240081 -0.290858 -0.241103  -9.80172 
             73.3997 -89.2119 -36.4673   90.082 -1160.67  296.262 -9030.12 -0.080127 -0.423442   88.8533 -0.00878682  -0.0233502   0.0438686 -41.2512 -8.66573 -361.696  0.108365 -0.135893 0.0397942 -0.709917  0.193561  0.239906 -0.290937 -0.241214  -9.80172 
             73.5001 -89.5353 -36.9194  88.1293 -1164.84  295.399 -9066.33 -0.080127 -0.423442   88.8533 -0.00878682  -0.0233502   0.0438686 -42.2303 -8.57872 -362.627  0.108365 -0.135893 0.0397942 -0.709917  0.193561  0.239906 -0.290937 -0.241214  -9.80172 
             73.5997 -89.8117 -37.2703  87.2562  -1168.8  294.608 -9100.01 -0.0801296  -0.423439    88.8533 -0.00878684  -0.0233502   0.0438685 -43.1387 -8.48566 -363.491  0.108382 -0.135883 0.0398159 -0.709916  0.193558  0.239906 -0.290936 -0.241214  -9.80172 
              73.703 -91.0351  -36.694  83.8657  -1173.7  293.695 -9140.89 -0.0798026  -0.423783     88.853 -0.00878633  -0.0233542   0.0438633 -44.2139 -8.16342 -364.592   0.10944 -0.136175 0.0402259 -0.710197  0.193565  0.239715 -0.291052 -0.241255  -9.80171 
             73.7995 -91.1749 -36.9742  82.7869 -1177.98   292.92 -9175.91 -0.0798026  -0.423783     88.853 -0.00878633  -0.0233542   0.0438633 -45.1377  -7.9825 -365.504   0.10944 -0.136175 0.0402259 -0.710197  0.193565  0.239715 -0.291052 -0.241255  -9.80171 
                73.9 -91.3046 -37.2052  81.7336 -1182.38  292.163 -9211.17 -0.0798071  -0.423796     88.853 -0.00878646  -0.0233544   0.0438632 -46.0588 -7.77578 -366.421  0.109493  -0.13621 0.0402278 -0.71021 0.193549 0.239709 -0.291058 -0.241258  -9.80171 
             73.9999 -91.5297 -37.2813  78.4003 -1187.14  291.457  -9248.8 -0.0798686  -0.423962     88.853 -0.00879057  -0.0233584   0.0438631 -46.9915 -7.29705 -367.415  0.110386 -0.137165 0.0403097 -0.710662  0.193098  0.239637 -0.291169 -0.241254  -9.80171 
             74.1013 -91.5528 -37.5948  77.2618 -1191.59  290.789 -9283.31 -0.0799607  -0.423911     88.853 -0.00879271  -0.0233597   0.0438651   -47.87  -7.0248 -368.311  0.110262 -0.137347 0.0405034 -0.71078 0.193036 0.239573  -0.29121 -0.241229  -9.80171 
             74.2006 -90.9421 -36.6143  76.1101 -1191.58  290.795  -9283.2  -0.08129 -0.420103    88.852 -0.00868999  -0.0232904   0.0437651 -47.8683  -7.0246 -368.155   0.10897 -0.137447 0.0361244 -0.716047  0.200071  0.239727  -0.29104 -0.239791  -9.80175 
             74.2993 -90.9727 -36.5596  75.9745 -1191.58   290.79 -9283.18 -0.0811092  -0.420218    88.8519 -0.00867318   -0.023284    0.043741 -47.8639 -7.02448  -368.14  0.109328 -0.137716 0.0359053 -0.716102  0.201181  0.239838 -0.290985   -0.2399  -9.80175 
             74.4001 -90.9864  -36.529  75.9414 -1206.38  288.679 -9396.04 -0.0810678  -0.420309    88.8519 -0.00866598  -0.0232819   0.0437294 -50.7001 -6.10976 -371.019  0.109489 -0.137852 0.0357877 -0.715951  0.201651  0.239897 -0.290957 -0.240002  -9.80175 
             74.4998 -91.3388  -37.243  72.9455 -1211.51  288.083 -9433.28 -0.0810678  -0.420309    88.8519 -0.00866598  -0.0232819   0.0437294 -51.6173 -5.76032 -371.978  0.109489 -0.137852 0.0357877 -0.715951  0.201651  0.239897 -0.290957 -0.240002  -9.80175 
             74.5996 -91.4418 -37.4718  71.9652 -1216.31  287.566 -9467.66 -0.0810678  -0.420309    88.8519 -0.00866598  -0.0232819   0.0437294  -52.454 -5.42423 -372.861  0.109489 -0.137852 0.0357877 -0.715951  0.201651  0.239897 -0.290957 -0.240002  -9.80175 
             74.7022 -91.5358 -37.6848  71.0601 -1222.19  286.986 -9509.14 -0.0810678  -0.420309    88.8519 -0.00866598  -0.0232819   0.0437294 -53.4532 -5.00303  -373.92  0.109489 -0.137852 0.0357877 -0.715951  0.201651  0.239897 -0.290957 -0.240002  -9.80175 
             74.7997 -91.6413 -37.9408  69.9659 -1222.19  286.986 -9509.14 -0.0810678  -0.420309    88.8519 -0.00866598  -0.0232819   0.0437294 -53.4532 -5.00303  -373.92  0.109489 -0.137852 0.0357877 -0.715951  0.201651  0.239897 -0.290957 -0.240002  -9.80175 
             74.8996 -91.6645 -37.8984   69.833 -1232.66  286.007 -9582.22 -0.0810183  -0.420773    88.8519 -0.00866999  -0.0232847   0.0437331 -55.2075 -4.26565 -375.824  0.109579 -0.137992 0.0357682 -0.715379  0.201991  0.239948 -0.290964 -0.240231  -9.80174 
             74.9999 -91.9716 -38.3747   67.922 -1238.23    285.6 -9619.93 -0.0810183  -0.420773    88.8519 -0.00866999  -0.0232847   0.0437331 -56.0864 -3.83612  -376.78  0.109579 -0.137992 0.0357682 -0.715379  0.201991  0.239948 -0.290964 -0.240231  -9.80174 
             75.0995 -92.0614 -38.6091  66.9266 -1238.23    285.6 -9619.93 -0.0810183  -0.420773    88.8519 -0.00866999  -0.0232847   0.0437331 -56.0864 -3.83612  -376.78  0.109579 -0.137992 0.0357682 -0.715379  0.201991  0.239948 -0.290964 -0.240231  -9.80174 
             75.2024 -92.0756 -38.6064  66.9325 -1249.93  284.867 -9697.83 -0.0809364  -0.420821    88.8519 -0.00867062  -0.0232853   0.0437311 -57.8686 -2.92982 -378.765  0.109645 -0.137931  0.035775 -0.715367  0.202265   0.24007  -0.29092 -0.240272  -9.80174 
             75.2997 -92.3052  -39.104  64.8808 -1255.43  284.611 -9733.59 -0.0809364  -0.420821    88.8519 -0.00867062  -0.0232853   0.0437311 -58.6697 -2.48133  -379.67  0.109645 -0.137931  0.035775 -0.715367  0.202265   0.24007  -0.29092 -0.240272  -9.80174 
              75.401 -92.2614 -39.4392  64.0366 -1255.43  284.611 -9733.59 -0.080931 -0.420814   88.8519 -0.00867054  -0.0232852   0.0437311 -58.6721 -2.48543 -379.667    0.1096 -0.137907 0.0358061 -0.715358  0.202273  0.240071 -0.290918 -0.240271  -9.80174 
             75.4996 -92.2606 -39.4165  63.9379 -1267.29  284.166 -9809.73 -0.0809973  -0.420846     88.852 -0.00867214  -0.0232875   0.0437312 -60.3626 -1.51731 -381.583  0.109672 -0.137884 0.0358041 -0.715381  0.202958  0.240016 -0.290955 -0.240303  -9.80174 
              75.601 -92.3059 -40.1555  61.6829 -1273.51  284.037 -9848.83 -0.080994 -0.420847    88.852 -0.00867219  -0.0232875   0.0437311  -61.2008 -0.983306  -382.564  0.109678 -0.137922 0.0358457 -0.715396   0.20295  0.240016 -0.290957 -0.240302  -9.80174 
                75.7 -91.9845 -40.1118  59.4433 -1279.35  283.971  -9885.2 -0.0810655  -0.420847     88.852 -0.00867243  -0.0232876   0.0437305  -61.9457 -0.440349  -383.465  0.109777 -0.138191  0.035836 -0.715484   0.20288  0.240026  -0.29097 -0.240299  -9.80174 
             75.7998  -92.027 -40.3349  58.4774 -1285.79  283.955  -9924.9 -0.0810655  -0.420847     88.852 -0.00867243  -0.0232876   0.0437305 -62.7615 0.143624 -384.453  0.109777 -0.138191  0.035836 -0.715484   0.20288  0.240026  -0.29097 -0.240299  -9.80174 
             75.9005 -92.0636 -40.5802  57.4263 -1285.79  283.955  -9924.9 -0.0810655  -0.420847     88.852 -0.00867243  -0.0232876   0.0437305 -62.7615 0.143624 -384.453  0.109777 -0.138191  0.035836 -0.715484   0.20288  0.240026  -0.29097 -0.240299  -9.80174 
             75.9999 -92.0797 -40.5411  57.3697  -1298.3  284.038 -10000.9 -0.0811732  -0.421455     88.852 -0.0086769 -0.0232899  0.0437262 -64.3114  1.26022 -386.333  0.109902 -0.138203 0.0357263 -0.714473  0.203951   0.24001 -0.291069 -0.240661  -9.80173 
             76.0996 -92.0916 -40.9985  55.3141 -1304.45  284.184 -10037.8 -0.0811732  -0.421455     88.852 -0.0086769 -0.0232899  0.0437262 -65.0316  1.83642 -387.242  0.109902 -0.138203 0.0357263 -0.714473  0.203951   0.24001 -0.291069 -0.240661  -9.80173 
             76.2008  -92.113 -41.2239  54.3321 -1311.51  284.417 -10079.6 -0.0811732  -0.421455     88.852 -0.0086769 -0.0232899  0.0437262 -65.8374  2.50289 -388.274  0.109902 -0.138203 0.0357263 -0.714473  0.203951   0.24001 -0.291069 -0.240661  -9.80173 
             76.3002 -92.1241  -41.479  53.2117 -1318.17    284.7 -10118.7 -0.0811732  -0.421455     88.852 -0.0086769 -0.0232899  0.0437262  -66.572  3.13752 -389.236  0.109902 -0.138203 0.0357263 -0.714473  0.203951   0.24001 -0.291069 -0.240661  -9.80173 
             76.3998 -92.1329 -41.7192  52.1654 -1318.17    284.7 -10118.7 -0.0811732  -0.421455     88.852 -0.0086769 -0.0232899  0.0437262  -66.572  3.13752 -389.236  0.109902 -0.138203 0.0357263 -0.714473  0.203951   0.24001 -0.291069 -0.240661  -9.80173 
             76.5001 -92.1164 -41.7807   52.418 -1331.42  285.416 -10195.8 -0.0804491  -0.420305    88.8518 -0.00866801  -0.0232857   0.0437157 -67.9841   4.4035 -391.117  0.109757 -0.137696 0.0358597 -0.716516  0.203563  0.240734 -0.290629 -0.240174  -9.80175 
             76.5996 -91.1191 -42.1284  50.3884 -1337.59  285.838 -10231.2 -0.0804157  -0.420304    88.8518 -0.00866777  -0.0232854   0.0437159 -68.6266  4.98448 -391.955  0.109545 -0.137666 0.0358338 -0.71649 0.203618 0.240742  -0.29062 -0.240176  -9.80175 
             76.7024 -91.1037 -42.3302  49.4357 -1345.43  286.446 -10275.8 -0.0804157  -0.420304    88.8518 -0.00866777  -0.0232854   0.0437159 -69.4147  5.74024 -393.026  0.109545 -0.137666 0.0358338 -0.71649 0.203618 0.240742  -0.29062 -0.240176  -9.80175 
             76.7997 -91.0912 -42.5797  48.2358 -1352.23  287.037 -10314.2 -0.0804157  -0.420304    88.8518 -0.00866777  -0.0232854   0.0437159 -70.0774   6.4034 -393.943  0.109545 -0.137666 0.0358338 -0.71649 0.203618 0.240742  -0.29062 -0.240176  -9.80175 
             76.8996 -91.2197 -42.9095  47.1297 -1352.23  287.038 -10314.2 -0.0804494  -0.420297    88.8518 -0.00866793  -0.0232859   0.0437161   -70.07  6.41141 -393.946   0.10979 -0.137512 0.0358677 -0.716474  0.203587  0.240717 -0.290625  -0.24017  -9.80175 
             77.0001 -91.2515 -42.8436  46.9916 -1366.26  288.379 -10392.6 -0.0806915   -0.42096    88.8521 -0.00867249  -0.0232912   0.0437162 -71.4021  7.77265 -395.833  0.110205 -0.137727 0.0357902 -0.715627  0.205029  0.240901 -0.290744 -0.240563  -9.80174 
             77.1008 -91.2957  -43.312  44.8807 -1373.36  289.182 -10431.9 -0.0806915   -0.42096    88.8521 -0.00867249  -0.0232912   0.0437162 -72.0325  8.48175 -396.765  0.110205 -0.137727 0.0357902 -0.715627  0.205029  0.240901 -0.290744 -0.240563  -9.80174 
             77.2032 -91.2728  -43.533  43.8268 -1373.36  289.182 -10431.9 -0.0806915   -0.42096    88.8521 -0.00867249  -0.0232912   0.0437162 -72.0325  8.48175 -396.765  0.110205 -0.137727 0.0357902 -0.715627  0.205029  0.240901 -0.290744 -0.240563  -9.80174 
             77.3001 -91.3383 -43.4998  43.6848 -1387.95   290.93 -10512.1 -0.0802047  -0.421176     88.852 -0.00866901   -0.023288   0.0437027 -73.2817  9.91819 -398.643  0.110384 -0.137785 0.0357692 -0.715962  0.206205  0.241857 -0.290515 -0.240815  -9.80174 
             77.3999 -96.8385 -41.0932  13.6652 -1395.09  291.954 -10551.1 -0.0807801  -0.420731     88.852 -0.00867918  -0.0232966   0.0436876 -73.2362  10.9411 -399.652   0.11277     -0.14 0.0354019 -0.717028  0.205118  0.241922 -0.290632 -0.240695  -9.80174 
             77.4997 -96.5347 -41.2712  11.8535  -1402.3  293.073 -10590.4 -0.0823535   -0.42167    88.8537 -0.00867109    -0.02329   0.0436869 -73.3001  11.8593 -400.655  0.112141 -0.141136   0.03497 -0.716781  0.205102  0.241959 -0.290694 -0.240754  -9.80174 
             77.5998 -97.0264  -41.864  11.0283 -1409.39  294.261 -10629.2 -0.0815297  -0.422463    88.8536 -0.00866133  -0.0232801   0.0436885 -73.3515   12.763 -401.645  0.112915 -0.140459 0.0363246 -0.716592  0.205068  0.241994  -0.29067 -0.240832  -9.80173 
             77.7001 -97.0506 -42.1581  10.0259 -1409.39  294.261 -10629.2 -0.0815297  -0.422463    88.8536 -0.00866133  -0.0232801   0.0436885 -73.3515   12.763 -401.645  0.112915 -0.140459 0.0363246 -0.716592  0.205068  0.241994  -0.29067 -0.240832  -9.80173 
             77.7997 -97.0194 -42.1616  10.1837 -1424.56  297.019 -10712.4 -0.0816768  -0.422369    88.8536 -0.00865126  -0.0232669   0.0436793 -73.4463  14.6895 -403.759  0.112808 -0.140324 0.0363109 -0.716452  0.205423   0.24212 -0.290665  -0.24091  -9.80173 
                77.9 -97.1587 -42.8032  8.07124 -1424.56  297.019 -10712.4 -0.0816768  -0.422369    88.8536 -0.00865126  -0.0232669   0.0436793 -73.4463  14.6895 -403.759  0.112808 -0.140324 0.0363109 -0.716452  0.205423   0.24212 -0.290665  -0.24091  -9.80173 
                  78 -97.1634 -42.8061  8.07317 -1439.17  300.008 -10792.7 -0.0818314  -0.422318    88.8536 -0.00864383   -0.023267   0.0437096  -73.458  16.5621 -405.752   0.11282 -0.140342 0.0362881 -0.716451  0.205877  0.242135 -0.290725 -0.240902  -9.80173 
             78.0999 -97.2008 -45.7491  5.91764 -1446.48  301.703 -10833.2 -0.0818664  -0.422281    88.8536 -0.00864381  -0.0232672   0.0437096 -73.4249  17.4922 -406.753   0.11284 -0.140385 0.0365273 -0.716468  0.205862  0.242138 -0.290727 -0.240902  -9.80173 
             78.2026 -100.377 -47.9666  -5.5959 -1446.46  301.705 -10833.2 -0.0826389   -0.42097    88.8535 -0.0086013 -0.0232234  0.0437087 -73.1092  17.4782 -406.714  0.114681 -0.141895 0.0366501 -0.719084  0.206321  0.242329 -0.290693 -0.240488  -9.80174 
             78.3001 -100.382 -47.9654 -5.66039 -1461.25  305.337 -10915.7 -0.0881595   -0.41845    88.8577 -0.00858476   -0.023215   0.0437211 -72.5603  19.2753 -408.828  0.114695  -0.14191 0.0366538 -0.718517  0.206094  0.242395 -0.290745 -0.240451  -9.80174 
             78.3995 -100.037 -48.9197 -8.02163 -1468.06  307.188 -10954.2 -0.0881533   -0.41845    88.8577 -0.0085848  -0.023215  0.0437211 -72.2786  20.0998 -409.797  0.114693 -0.141922 0.0366829 -0.718522  0.206092  0.242396 -0.290745 -0.240451  -9.80174 
             78.4997 -98.5594 -49.4172 -8.63418 -1468.07  307.189 -10954.2 -0.088271 -0.417953   88.8576 -0.00858632  -0.0232161   0.0437237 -72.3164  20.1137 -409.774  0.114317 -0.142214 0.0376955 -0.718551  0.206145  0.242404 -0.290766 -0.240451  -9.80174 
             78.6051 -98.5288 -49.4165 -8.71784 -1483.12  311.515 -11039.8 -0.0899694  -0.417235    88.8587 -0.00857812  -0.0232093   0.0437525 -71.7176  21.9503 -411.899  0.114316 -0.142216 0.0377252 -0.718018  0.206419  0.242296 -0.290866   -0.2404  -9.80174 
             78.7018 -98.2633 -50.1285 -11.1675 -1490.18  313.723 -11080.5 -0.0899694  -0.417235    88.8587 -0.00857812  -0.0232093   0.0437525 -71.3956  22.8074 -412.891  0.114316 -0.142216 0.0377252 -0.718018  0.206419  0.242296 -0.290866   -0.2404  -9.80174 
                78.8 -98.0726 -50.4553 -12.3512 -1490.18  313.723 -11080.5 -0.0899694  -0.417235    88.8587 -0.00857812  -0.0232093   0.0437525 -71.3956  22.8074 -412.891  0.114316 -0.142216 0.0377252 -0.718018  0.206419  0.242296 -0.290866   -0.2404  -9.80174 
             78.8997 -98.1026 -50.4534 -12.5011  -1504.1  318.261 -11161.3 -0.0900083  -0.416917    88.8587 -0.00857638  -0.0232066   0.0437613 -70.7264  24.4955 -414.869  0.114371 -0.142236 0.0377146 -0.717948   0.20667  0.242076 -0.290888 -0.240274  -9.80174 
             78.9994 -88.5225 -53.0515  13.7321 -1511.11  320.735 -11202.2 -0.0892108  -0.417266    88.8584 -0.00857262   -0.023205   0.0437627  -71.227  25.5387 -415.698 0.109867 -0.13928 0.038117 -0.716561  0.208228  0.241871 -0.290721 -0.240442  -9.80174 
             79.0997 -87.6339 -53.2682  11.9356 -1518.01  323.247 -11242.4 -0.0888573  -0.416237    88.8564 -0.00857028  -0.0231958   0.0437613  -71.415  26.4282 -416.554  0.109384 -0.140475 0.0382566 -0.716946  0.208015  0.241899 -0.290751 -0.240414  -9.80174 
             79.1999 -89.7834  -53.471  5.11093 -1525.47  326.087 -11286.4 -0.0909644  -0.413774    88.8565 -0.00854383  -0.0231679   0.0438022 -71.1683  27.4346 -417.457  0.113766  -0.14154 0.0401816 -0.720735  0.208357  0.242137 -0.290792 -0.239875  -9.80175 
             79.2998 -89.3848 -53.7077  3.67894 -1532.73  328.932   -11329 -0.0909644  -0.413774    88.8565 -0.00854383  -0.0231679   0.0438022 -71.2044  28.3898 -418.377  0.113766  -0.14154 0.0401816 -0.720735  0.208357  0.242137 -0.290792 -0.239875  -9.80175 
             79.3997 -89.0107  -53.934  2.28968 -1539.39  331.626 -11368.2 -0.0909644  -0.413774    88.8565 -0.00854383  -0.0231679   0.0438022  -71.218   29.263 -419.223  0.113766  -0.14154 0.0401816 -0.720735  0.208357  0.242137 -0.290792 -0.239875  -9.80175 
             79.4996 -91.8215 -54.9052 -6.52063 -1539.19  331.627 -11368.2 -0.0894441  -0.414632    88.8562 -0.00855484  -0.0231845   0.0437769  -70.426  29.2845 -419.373     0.124 -0.146136 0.0446068 -0.723884  0.204945  0.242659 -0.290978 -0.239706  -9.80175 
             79.5996 -91.7361 -54.9119 -6.40551 -1553.53  337.707 -11453.8 -0.0897301  -0.412659    88.8549 -0.00854616  -0.0231674   0.0437711 -70.0827  31.1733 -421.272  0.123685 -0.146035 0.0446221 -0.72411 0.204432 0.242323 -0.290859 -0.239567  -9.80176 
             79.7022 -92.1892 -55.5247 -12.0314 -1560.86  341.024 -11498.1 -0.0910854  -0.406082    88.8514 -0.00852209   -0.023167   0.0437701 -69.7237  32.0852 -422.094  0.124311 -0.147018 0.0446871 -0.735065  0.206402  0.243351 -0.290488 -0.238803  -9.80179 
             79.7997 -91.7421 -55.8299 -13.5792 -1567.62  344.182 -11539.2 -0.0910854  -0.406082    88.8514 -0.00852209   -0.023167   0.0437701  -69.448  32.9449 -422.993  0.124311 -0.147018 0.0446871 -0.735065  0.206402  0.243351 -0.290488 -0.238803  -9.80179 
             79.8995 -91.5209 -56.3515 -15.2553 -1573.95  347.227 -11577.9 -0.0915306   -0.40556    88.8514 -0.00852255  -0.0231695   0.0437685 -69.1516  33.7407  -423.83  0.124596 -0.147034 0.0456126 -0.735523  0.206432  0.243352 -0.290484  -0.23875  -9.80179 
             80.0044 -90.1401 -60.3563 -19.2773 -1573.94  347.225 -11577.8 -0.0898086  -0.404003    88.8515 -0.0085136 -0.0232009  0.0437315 -69.0695  33.7188 -423.805   0.12498  -0.14997 0.0582607 -0.738145  0.207046  0.243178 -0.290672 -0.238439  -9.80179 
             80.1013 -90.1163  -60.334 -19.3725 -1588.42  354.399   -11667 -0.0900639  -0.403362    88.8516 -0.00853386  -0.0232393   0.0436911 -68.3661  35.5347 -425.728  0.125261 -0.150196 0.0581695 -0.737913  0.207693  0.242541 -0.290818  -0.23813   -9.8018 
                80.2 -81.6359 -61.8259 -13.0619 -1595.16  357.945 -11708.9 -0.089819 -0.403424   88.8515 -0.00853185  -0.0232353   0.0436985 -68.3792  36.4919 -426.518  0.123313 -0.149361 0.0582272 -0.737553  0.208269  0.242475 -0.290758 -0.238176   -9.8018 
             80.2996 -80.7661 -62.0251 -14.9165 -1602.02  361.657 -11751.8 -0.089819 -0.403424   88.8515 -0.00853185  -0.0232353   0.0436985 -68.2397  37.4071 -427.352  0.123313 -0.149361 0.0582272 -0.737553  0.208269  0.242475 -0.290758 -0.238176   -9.8018 
             80.3994 -79.7243  -62.127 -17.1159 -1608.49  365.242 -11792.3 -0.0895816  -0.403389    88.8512 -0.00853182  -0.0232345   0.0436982 -68.0832  38.2608  -428.13  0.123286 -0.149634 0.0581516 -0.737672  0.208229  0.242485 -0.290763  -0.23817   -9.8018 
             80.4997  -74.763 -66.3001 -16.2386  -1615.4   369.14 -11835.2 -0.102582  -0.39803   88.8467 -0.00853128  -0.0232302   0.0437562 -68.4093  39.2437 -428.727  0.120897 -0.151197 0.0688108 -0.740348  0.209874  0.242632 -0.291062  -0.23788  -9.80179 
             80.5997 -73.6395 -66.7302 -17.9169 -1622.54  373.276 -11879.9 -0.103725 -0.398073   88.8474 -0.00853165   -0.023234    0.043752 -68.3637  40.2012 -429.553  0.120764 -0.150323 0.0694969 -0.739815  0.209945  0.242629 -0.291043 -0.237937  -9.80179 
             80.7003 -73.0255 -67.2611  -25.672 -1622.42  373.168 -11879.9 -0.110589 -0.397643   88.8497 -0.00857987  -0.0234553   0.0436921 -67.901 40.0002 -429.62  0.124638 -0.152113 0.0732631 -0.74018 0.207946 0.247044 -0.291624 -0.239637  -9.80174 
             80.7995 -73.0015 -67.2672 -25.6995 -1636.04  381.345 -11966.4 -0.110171 -0.394389   88.8467 -0.00857762  -0.0234394   0.0436931 -67.5213  41.8001 -431.217  0.124606 -0.152107 0.0732852 -0.739785  0.207391  0.246705 -0.291586 -0.239504  -9.80174 
             80.8995 -69.9944  -67.516 -30.6614 -1642.29  385.254 -12006.3 -0.110171 -0.394389   88.8467 -0.00857762  -0.0234394   0.0436931 -67.3233  42.6165 -431.934  0.124606 -0.152107 0.0732852 -0.739785  0.207391  0.246705 -0.291586 -0.239504  -9.80174 
             80.9999  -66.341 -66.6932 -25.1732 -1649.41  389.799 -12051.7 -0.109419   -0.3936   88.8458 -0.00857721    -0.02345   0.0437044 -67.527 43.6396 -432.69  0.121195 -0.150878 0.0727319 -0.738746  0.208127   0.24612 -0.291445 -0.239411  -9.80175 
             81.1004 -64.8158 -66.7203 -27.7018 -1656.16  394.209 -12095.1 -0.109419   -0.3936   88.8458 -0.00857721    -0.02345   0.0437044 -67.4344  44.5341 -433.431  0.121195 -0.150878 0.0727319 -0.738746  0.208127   0.24612 -0.291445 -0.239411  -9.80175 
             81.2024 -70.2855   -65.82  -26.197 -1663.15  398.909 -12140.4  -0.10293 -0.391688   88.8456 -0.00857807   -0.023428   0.0437328 -67.1312  45.4664 -434.342  0.124372 -0.146119 0.0668988 -0.734812  0.207534  0.245699 -0.291152 -0.239336  -9.80176 
             81.2999 -64.1542   -66.38  -25.284 -1669.83  403.463 -12182.4 -0.110135 -0.391356   88.8502 -0.00859488  -0.0234469   0.0437815 -67.6508  46.5237 -434.903  0.118021 -0.145101 0.0693362 -0.734485  0.210766  0.239712 -0.290946 -0.237081  -9.80182 
             81.3996 -62.8184 -66.3822 -27.5313 -1676.17  407.862 -12223.2 -0.110177  -0.39132   88.8502 -0.00859493  -0.0234468   0.0437815 -67.5994  47.3661  -435.58  0.118016 -0.145125 0.0693917 -0.734479  0.210763  0.239709 -0.290948  -0.23708  -9.80182 
             81.5029 -61.6995 -67.3306 -30.8977 -1676.11  407.831 -12223.1 -0.108494 -0.400576   88.8578 -0.00859117  -0.0235623   0.0437025 -67.4562  47.3265 -435.421  0.120275 -0.144866 0.0727719 -0.749343  0.212974  0.239761 -0.291172 -0.236764  -9.80182 
             81.6015 -61.4649 -67.3499 -30.7171  -1676.1  407.834 -12223.1 -0.130895 -0.392969   88.8591 -0.00858482  -0.0235617   0.0437366 -67.4636   47.331 -435.425  0.119069  -0.14447 0.0727534 -0.745331   0.21082  0.239186 -0.291172 -0.236709  -9.80182 
             81.6999 -61.3819 -67.3484 -30.7142 -1696.59  422.327 -12355.5 -0.144322 -0.388904   88.8599 -0.00858865  -0.0235678   0.0437509 -67.2152   50.053 -437.596  0.118897 -0.144436 0.0727655 -0.743715  0.210026  0.238801 -0.291288 -0.236598  -9.80182 
             81.8004 -87.8135 -65.4698  10.5468 -1703.59  427.574   -12401 -0.144467  -0.38881   88.8598 -0.00858797  -0.0235681   0.0437533 -67.5381  51.0504 -438.595  0.117885 -0.143417 0.0724246 -0.743231  0.210464   0.23872 -0.291265 -0.236621  -9.80182 
             81.8999 -86.6857 -65.8637  8.45174 -1709.92   432.39   -12442 -0.144467  -0.38881   88.8598 -0.00858797  -0.0235681   0.0437533 -67.6949  51.9119 -439.416  0.117885 -0.143417 0.0724246 -0.743231  0.210464   0.23872 -0.291265 -0.236621  -9.80182 
             81.9998  -84.852 -66.4183  2.40844 -1716.75  437.696 -12486.6 -0.144545 -0.388606   88.8597 -0.00858732  -0.0235725   0.0437414 -67.6589  52.8615 -440.265  0.118246  -0.14361 0.0724533 -0.743709  0.210379  0.238686 -0.291284 -0.236585  -9.80182 
             82.0996  -83.615 -66.7549 0.233259 -1723.78  443.234 -12532.4 -0.144545 -0.388606   88.8597 -0.00858732  -0.0235725   0.0437414  -67.744  53.8251 -441.154  0.118246  -0.14361 0.0724533 -0.743709  0.210379  0.238686 -0.291284 -0.236585  -9.80182 
             82.2004 -87.8921 -70.8936 -1.48515 -1730.48  448.566 -12576.1 -0.130966 -0.393198   88.8569 -0.00860041   -0.023493   0.0437637 -67.6277  54.6896 -442.119  0.129571 -0.140781 0.0862095 -0.744813  0.209577  0.240887 -0.291281 -0.237382   -9.8018 
             82.2996  -86.412 -71.2761 -3.90611 -1737.06   453.93 -12619.1 -0.131129 -0.393228   88.8569 -0.00860061  -0.0234929   0.0437641 -67.6025  55.5942 -442.972  0.129559 -0.140694 0.0859862 -0.744771  0.209583   0.24088 -0.291278 -0.237382   -9.8018 
             82.4041 -84.7712  -71.697 -6.46566 -1743.93  459.626 -12664.2 -0.131129 -0.393228   88.8569 -0.00860061  -0.0234929   0.0437641 -67.5627  56.5369 -443.854  0.129559 -0.140694 0.0859862 -0.744771  0.209583   0.24088 -0.291278 -0.237382   -9.8018 
             82.4999 -82.9757 -72.1105 -9.23255 -1750.68  465.321 -12708.6 -0.131129 -0.393228   88.8569 -0.00860061  -0.0234929   0.0437641 -67.5084  57.4607 -444.711  0.129559 -0.140694 0.0859862 -0.744771  0.209583   0.24088 -0.291278 -0.237382   -9.8018 
                82.6  -81.104 -72.4901 -12.0495 -1750.68  465.321 -12708.6 -0.131129 -0.393228   88.8569 -0.00860061  -0.0234929   0.0437641 -67.5084  57.4607 -444.711  0.129559 -0.140694 0.0859862 -0.744771  0.209583   0.24088 -0.291278 -0.237382   -9.8018 
             82.7008 -81.1057 -72.4949  -12.094 -1764.42  477.162 -12799.4 -0.131168 -0.393134   88.8569 -0.00859933   -0.023493   0.0437648 -67.3461  59.3379 -446.455  0.129708 -0.140746 0.0860092 -0.744921  0.209501  0.240818 -0.291272 -0.237349   -9.8018 
             82.7996 -60.7358 -74.6701 -4.75097 -1771.07  483.008   -12843 -0.130973 -0.392974   88.8565 -0.00860081  -0.0234716   0.0437663 -68.1446  60.2169 -447.134  0.123353 -0.139219 0.0860664 -0.743652  0.211514  0.240546 -0.291286 -0.237401   -9.8018 
             82.8998 -58.1599 -74.6937  -8.2125 -1777.47  488.687 -12884.9 -0.130973 -0.392974   88.8565 -0.00860081  -0.0234716   0.0437663 -68.4818  61.0134 -447.844  0.123353 -0.139219 0.0860664 -0.743652  0.211514  0.240546 -0.291286 -0.237401   -9.8018 
             83.0031 -60.2845 -74.0825 -14.4777 -1784.98  495.484 -12934.4 -0.129227 -0.393023   88.8567 -0.00860209  -0.0234483   0.0438483 -68.4331  62.0746 -448.704  0.127142 -0.140062 0.0866961 -0.745492   0.21121  0.240483 -0.291442 -0.237223   -9.8018 
             83.1003 -57.5248 -74.1038 -18.2647 -1791.71  501.621 -12978.5 -0.129227 -0.393023   88.8567 -0.00860209  -0.0234483   0.0438483 -68.6319  62.9492 -449.443  0.127142 -0.140062 0.0866961 -0.745492   0.21121  0.240483 -0.291442 -0.237223   -9.8018 
             83.1995 -55.3894 -73.9329 -23.7738 -1798.17  507.652 -13021.2 -0.128723 -0.392508    88.856 -0.0086244 -0.0234364  0.0438109 -68.6178  63.8535 -450.192  0.129059 -0.141191 0.0875845 -0.74421 0.210584 0.239941 -0.291449 -0.237081   -9.8018 
             83.2999 -53.9518 -75.2335 -27.4901 -1798.14  507.671 -13021.2 -0.104329 -0.390485   88.8448 -0.0086489  -0.023424  0.0438037  -68.499  63.8986 -450.206  0.129932 -0.138815 0.0912014 -0.748404  0.210099  0.239236  -0.29102 -0.236709  -9.80182 
             83.3997 -54.0301 -75.1896 -27.4855 -1811.61  520.266 -13109.6 -0.107544 -0.389321   88.8417 -0.00865228   -0.023432   0.0438183 -68.7598  65.6755  -451.68  0.130241 -0.138884 0.0910751 -0.747168  0.210729  0.238974 -0.291229 -0.236672  -9.80182 
             83.4996 -54.6214 -75.0576  -35.255  -1818.7   527.08 -13156.2 -0.107406 -0.389584   88.8425 -0.0086442  -0.023431  0.0438115  -68.716  66.6095 -452.439  0.130928 -0.139049 0.0910752 -0.748694  0.210612  0.239176 -0.291278 -0.236686  -9.80182 
             83.5998 -51.8211 -75.0037 -39.0357 -1825.88  534.098 -13203.6 -0.107406 -0.389584   88.8425 -0.0086442  -0.023431  0.0438115 -68.6819  67.5537 -453.211  0.130928 -0.139049 0.0910752 -0.748694  0.210612  0.239176 -0.291278 -0.236686  -9.80182 
                83.7 -44.4522 -75.4245 -43.5277 -2076.64  784.953 -14857.9 -0.106706 -0.390609   88.8458 -0.00862317  -0.0233953      0.0438 -68.3681  100.495 -479.145  0.129479  -0.13923 0.0928536 -0.753157  0.211204  0.239774 -0.291453 -0.236813  -9.80181 
             83.7997  8.75057 -44.4865 -64.7139 -2077.68  785.913 -14856.7 -0.109367 -0.384242   88.8478 -0.00867973  -0.0237775   0.0437746  -70.443  100.773 -478.488  0.128616 -0.140349 0.0924208 -0.763344  0.213538  0.229273 -0.292946 -0.232875  -9.80186 
             87.4417  8.75453 -44.4855 -64.7044 -2091.93  806.303 -14953.2 -0.109383 -0.384185   88.8477 -0.00868011  -0.0237788   0.0437753 -71.2286  101.709 -478.964  0.128617 -0.140351 0.0924223 -0.763347    0.2135  0.229197 -0.292942 -0.232846  -9.80186 
             87.4422  7.92581 -42.7181 -65.8341 -2091.93  806.303 -14953.2 -0.109383 -0.384185   88.8477 -0.00868011  -0.0237788   0.0437753 -71.2286  101.709 -478.964  0.128617 -0.140351 0.0924223 -0.763347    0.2135  0.229197 -0.292942 -0.232846  -9.80186 
             87.4429  7.88157 -42.7223 -65.9185 -2091.93  806.297 -14953.2 -0.109385 -0.384197   88.8477 -0.00867994  -0.0237786   0.0437751   -71.24   101.68 -478.954  0.129028 -0.140305 0.0926676 -0.763358  0.213496  0.229217 -0.292942 -0.232853  -9.80186 
             87.6997  7.80246 -42.7368 -66.1067 -2110.02  832.136 -15074.7 -0.109135 -0.384353   88.8476 -0.00867991  -0.0237783    0.043775 -72.1433  102.805 -479.546  0.129898 -0.140168 0.0932158 -0.763385  0.213514  0.229219 -0.292938 -0.232853  -9.80186 
             87.7994  6.71526  -40.564 -67.5709 -2117.39  842.634 -15123.6 -0.109135 -0.384353   88.8476 -0.00867991  -0.0237783    0.043775 -72.4742  103.257 -479.743  0.129898 -0.140168 0.0932158 -0.763385  0.213514  0.229219 -0.292938 -0.232853  -9.80186 
             87.9001  6.26261  -39.697 -68.1616  -2124.2  852.329 -15168.5 -0.109135 -0.384353   88.8476 -0.00867991  -0.0237783    0.043775 -72.7674  103.664 -479.915  0.129898 -0.140168 0.0932158 -0.763385  0.213514  0.229219 -0.292938 -0.232853  -9.80186 
             87.9996   4.9493  -39.946 -70.6131 -2131.69  863.105 -15218.7 -0.109164 -0.384408   88.8476 -0.00868088  -0.0237779   0.0437735 -72.8733   104.14  -480.29  0.135126 -0.137548  0.096486 -0.76332 0.213458 0.229319 -0.292933 -0.232868  -9.80186 
             88.0995  4.48816 -39.0876 -71.2721 -2139.06  873.647 -15267.2 -0.109164 -0.384408   88.8476 -0.00868088  -0.0237779   0.0437735 -73.131 104.602 -480.47  0.135126 -0.137548  0.096486 -0.76332 0.213458 0.229319 -0.292933 -0.232868  -9.80186 
             88.2012  4.44351 -36.9651  -72.735 -2146.96  884.503 -15316.4 -0.109209 -0.384194   88.8475  -0.008678 -0.0237786  0.0437754 -73.7357  105.098 -480.434  0.137928 -0.146015 0.0956895 -0.763443  0.213341  0.229277 -0.292927 -0.232849  -9.80186 
             88.2997  3.94073   -36.07 -73.3612 -2154.16  894.769 -15363.2 -0.109209 -0.384194   88.8475  -0.008678 -0.0237786  0.0437754 -73.947 105.512 -480.58  0.137928 -0.146015 0.0956895 -0.763443  0.213341  0.229277 -0.292927 -0.232849  -9.80186 
             88.3997  3.44299 -35.2299 -73.9561 -2161.09  904.674 -15408.3 -0.109209 -0.384194   88.8475  -0.008678 -0.0237786  0.0437754 -74.1357  105.903 -480.715  0.137928 -0.146015 0.0956895 -0.763443  0.213341  0.229277 -0.292927 -0.232849  -9.80186 
             88.5027  2.96342 -34.4215 -74.5307 -2169.39  916.529   -15462 -0.109209 -0.384194   88.8475  -0.008678 -0.0237786  0.0437754 -74.3424  106.361 -480.866  0.137928 -0.146015 0.0956895 -0.763443  0.213341  0.229277 -0.292927 -0.232849  -9.80186 
             88.5996  2.38628 -33.4666 -75.2222 -2176.48  926.681 -15507.8 -0.109209 -0.384194   88.8475  -0.008678 -0.0237786  0.0437754 -74.5042  106.741  -480.99  0.137928 -0.146015 0.0956895 -0.763443  0.213341  0.229277 -0.292927 -0.232849  -9.80186 
             88.7004  1.90149 -32.5987 -75.8124  -2176.5  926.705 -15507.8 -0.109212 -0.384185   88.8475 -0.0086779 -0.0237787  0.0437756  -74.523  106.755 -480.979  0.137812 -0.146346 0.0956736 -0.763435  0.213342  0.229257 -0.292927 -0.232846  -9.80186 
             88.7997  1.88837 -32.5987 -75.8534 -2191.44  948.121 -15604.1 -0.109231 -0.384106   88.8475 -0.00867795  -0.0237786   0.0437756 -74.8288  107.529  -481.22  0.138083 -0.146261 0.0958344 -0.76343 0.213327 0.229257 -0.292927 -0.232845  -9.80186 
                88.9 0.839606 -30.9313 -77.1211 -2198.17  957.793 -15647.3 -0.109231 -0.384106   88.8475 -0.00867795  -0.0237786   0.0437756 -74.9376  107.865 -481.317  0.138083 -0.146261 0.0958344 -0.76343 0.213327 0.229257 -0.292927 -0.232845  -9.80186 
             89.0037  5.67211 -30.2522 -61.6456 -2206.82  970.147 -15702.4 -0.109234 -0.384526   88.8474 -0.00868045  -0.0237786   0.0437805 -75.5479  108.105 -481.427  0.111225 -0.143071 0.0626604 -0.763719  0.215974  0.228681 -0.293013 -0.232891  -9.80186 
             89.1004  5.03931  -29.288 -62.0197 -2214.14  980.617   -15749 -0.109234 -0.384526   88.8474 -0.00868045  -0.0237786   0.0437805 -75.8097  108.376 -481.523  0.111225 -0.143071 0.0626604 -0.763719  0.215974  0.228681 -0.293013 -0.232891  -9.80186 
             89.1998  4.47847 -28.5298 -62.4048 -2221.43  991.035 -15795.2 -0.109154 -0.384469   88.8474 -0.00868039  -0.0237785   0.0437805 -76.0533  108.645 -481.617  0.111739 -0.142756 0.0625908 -0.763768  0.215955  0.228609 -0.293012  -0.23289  -9.80186 
             89.2996  1.96479 -28.1252 -67.5306 -2229.01  1001.98 -15843.5 -0.109843 -0.384686   88.8475 -0.0086862  -0.023775  0.0437834 -76.0603  109.091 -481.717  0.133348 -0.142689 0.0879823 -0.762352  0.216947  0.227165 -0.293052 -0.232832  -9.80186 
             89.4029  1.38041 -27.2956 -68.0735  -2236.5  1012.71 -15890.9 -0.109843 -0.384686   88.8475 -0.0086862  -0.023775  0.0437834 -76.2264  109.386   -481.8  0.133348 -0.142689 0.0879823 -0.762352  0.216947  0.227165 -0.293052 -0.232832  -9.80186 
             89.4997 0.804758 -26.4877 -68.6159 -2244.25  1023.85 -15939.9 -0.109843 -0.384686   88.8475 -0.0086862  -0.023775  0.0437834 -76.3804  109.687 -481.881  0.133348 -0.142689 0.0879823 -0.762352  0.216947  0.227165 -0.293052 -0.232832  -9.80186 
             89.5995 -0.342217  -25.4295  -68.9779 -2244.26  1023.85 -15939.9 -0.110297 -0.384843   88.8477 -0.00868885  -0.0237743   0.0437842 -76.3659  109.689  -481.88  0.138766 -0.144904 0.0854401 -0.761437  0.217358  0.227246 -0.293064 -0.232804  -9.80186 
             89.7008  -0.3654 -25.4347 -69.0375 -2259.83  1046.23   -16038 -0.11038 -0.38479  88.8477 -0.00868981  -0.0237755   0.0437841 -76.6131  110.284 -482.035  0.139446 -0.144952 0.0861767 -0.761139   0.21796  0.228043  -0.29307 -0.232805  -9.80186 
             89.7995 -1.72533 -23.7743 -70.1921 -2259.83  1046.23   -16038 -0.11038 -0.38479  88.8477 -0.00868981  -0.0237755   0.0437841 -76.6131  110.284 -482.035  0.139446 -0.144952 0.0861767 -0.761139   0.21796  0.228043  -0.29307 -0.232805  -9.80186 
             89.8996 -1.72122 -23.7655 -70.1545 -2274.54   1067.4 -16130.5 -0.110545 -0.384907   88.8478 -0.00868364  -0.0237792   0.0437805 -76.7972   110.83 -482.167  0.139663 -0.145058 0.0867198 -0.763502  0.219256  0.225521  -0.29313 -0.232905  -9.80185 
             90.0019 -5.29241 -23.7721 -77.8449 -2283.02  1079.66 -16183.8 -0.110433 -0.384455   88.8477 -0.00869111  -0.0237671   0.0437751 -76.7876  111.161 -482.298   0.14224   -0.1444 0.0885264 -0.755065  0.219384  0.234619  -0.29307 -0.232635  -9.80186 
             90.0996 -5.99305 -22.9273 -78.5509 -2290.47  1090.45 -16230.6 -0.110433 -0.384455   88.8477 -0.00869111  -0.0237671   0.0437751  -76.756  111.428 -482.364   0.14224   -0.1444 0.0885264 -0.755065  0.219384  0.234619  -0.29307 -0.232635  -9.80186 
             90.1999 -6.60772 -22.1883 -79.1756 -2297.88  1101.22 -16277.2 -0.110433 -0.384455   88.8477 -0.00869111  -0.0237671   0.0437751 -76.7152  111.685 -482.429  0.142247   -0.1444 0.0885211 -0.755064  0.219381   0.23462  -0.29307 -0.232635  -9.80186 
             90.2996 -8.49199 -23.5471 -80.8987 -2305.81  1112.83 -16327.1  -0.11047 -0.385057   88.8479 -0.00865431  -0.0237912   0.0437606  -76.591  112.045 -482.465  0.158032 -0.122307 0.0962439 -0.75164 0.212295 0.227356 -0.292861 -0.232533  -9.80187 
             90.3997   -9.207 -22.9226 -81.6391 -2312.86  1123.15 -16371.5  -0.11047 -0.385057   88.8479 -0.00865431  -0.0237912   0.0437606 -76.5011    112.3 -482.535  0.158032 -0.122307 0.0962439 -0.75164 0.212295 0.227356 -0.292861 -0.232533  -9.80187 
             90.4996 -10.2908 -22.6554 -82.0853 -2321.13  1135.33 -16423.8 -0.110691 -0.385367   88.8481 -0.00865239  -0.0237909     0.04376 -76.3587  112.609 -482.618  0.161449 -0.118952 0.0946342 -0.750779  0.210924  0.226499 -0.292817 -0.232509  -9.80187 
             90.5995 -11.0815 -22.0502 -82.8576 -2328.74  1146.57 -16471.9 -0.110691 -0.385367   88.8481 -0.00865239  -0.0237909     0.04376  -76.224  112.868 -482.697  0.161449 -0.118952 0.0946342 -0.750779  0.210924  0.226499 -0.292817 -0.232509  -9.80187 
             90.6996 -11.7597 -21.8635 -83.4668 -2336.11  1157.52 -16518.6 -0.110503 -0.384699    88.848 -0.00865321  -0.0237902   0.0437606 -76.0854   113.14 -482.779  0.160825 -0.115583  0.094089 -0.749234  0.211131  0.226517 -0.292816 -0.232465  -9.80187 
             90.7996 -12.0368 -21.0315 -82.8246 -2343.41  1168.36 -16564.8 -0.110795 -0.384315   88.8481 -0.008661 -0.023794  0.043767 -76.0099  113.379 -482.835  0.152692 -0.115718 0.0825561 -0.747333  0.216343  0.225322 -0.292967 -0.232458  -9.80187 
             90.9057 -12.7334 -20.5207 -83.4488 -2343.41  1168.36 -16564.8 -0.110795 -0.384315   88.8481 -0.008661 -0.023794  0.043767 -76.0099  113.379 -482.835  0.152692 -0.115718 0.0825561 -0.747333  0.216343  0.225322 -0.292967 -0.232458  -9.80187 
             91.0035 -12.7826 -20.5186 -83.5518 -2359.38   1192.2 -16666.3 -0.110779 -0.384154   88.8481 -0.00865749   -0.023799   0.0437654 -75.6749  113.874 -482.981  0.153412 -0.115905 0.0834005 -0.746933  0.216768  0.224757 -0.292979 -0.232441  -9.80187 
             91.1012  -14.313 -19.4228 -84.9488 -2366.85  1203.46   -16714 -0.110779 -0.384154   88.8481 -0.00865749   -0.023799   0.0437654  -75.476  114.085 -483.059  0.153412 -0.115905 0.0834005 -0.746933  0.216768  0.224757 -0.292979 -0.232441  -9.80187 
             91.2001 -15.0347 -18.9187 -85.6089 -2374.19  1214.58   -16761 -0.110779 -0.384154   88.8481 -0.00865749   -0.023799   0.0437654 -75.2689  114.282 -483.134  0.153412 -0.115905 0.0834005 -0.746933  0.216768  0.224757 -0.292979 -0.232441  -9.80187 
             91.2997 -16.2126 -20.1003 -87.6806  -2381.6  1225.88 -16808.7  -0.11075 -0.384087   88.8481 -0.00865699  -0.0237989   0.0437651 -75.0029   114.54 -483.239  0.154021 -0.115516 0.0843027 -0.746944  0.216389  0.224766 -0.292968 -0.232437  -9.80187 
             91.3993 -16.9266 -19.6168 -88.3642 -2388.72  1236.77 -16854.6  -0.11075 -0.384087   88.8481 -0.00865699  -0.0237989   0.0437651 -74.7576  114.733 -483.324  0.154021 -0.115516 0.0843027 -0.746944  0.216389  0.224766 -0.292968 -0.232437  -9.80187 
             91.5012 -17.6128 -19.1623 -89.0287 -2396.84  1249.27 -16907.3  -0.11075 -0.384087   88.8481 -0.00865699  -0.0237989   0.0437651 -74.4639  114.939 -483.424  0.154021 -0.115516 0.0843027 -0.746944  0.216389  0.224766 -0.292968 -0.232437  -9.80187 
             91.5997  -18.407 -18.6481  -89.792 -2404.18  1260.63   -16955  -0.11075 -0.384087   88.8481 -0.00865699  -0.0237989   0.0437651 -74.1852  115.115 -483.514  0.154021 -0.115516 0.0843027 -0.746944  0.216389  0.224766 -0.292968 -0.232437  -9.80187 
             91.6997 -19.1339 -18.2857 -90.4621 -2404.18  1260.63   -16955 -0.110735 -0.384082   88.8481 -0.00865699  -0.0237989   0.0437651 -74.1854  115.125 -483.517  0.153944 -0.115457 0.0843445 -0.74693 0.216405  0.22477 -0.292968 -0.232437  -9.80187 
             91.7995  -19.138 -18.2889 -90.4884 -2404.18  1260.63   -16955 -0.110726 -0.384098   88.8481 -0.00865716  -0.0237993    0.043766 -74.1837   115.12 -483.513  0.153957 -0.115378 0.0844188 -0.747519  0.216488  0.224425 -0.292972 -0.232462  -9.80187 
             91.8997 -19.1053 -18.2648 -90.3837 -2426.43  1295.19 -17100.2 -0.112273 -0.386109   88.8482 -0.00866181  -0.0238023   0.0437677 -73.2876  115.621 -483.781   0.15388 -0.115252 0.0843676 -0.748115  0.216654  0.223743 -0.292986 -0.232522  -9.80187 
             91.9996 -21.3137 -16.9505 -92.5289 -2433.72  1306.74 -17148.4 -0.112273 -0.386109   88.8482 -0.00866181  -0.0238023   0.0437677 -72.9482  115.747 -483.887   0.15388 -0.115252 0.0843676 -0.748115  0.216654  0.223743 -0.292986 -0.232522  -9.80187 
             92.0997  -22.498 -16.6209 -93.0283 -2441.06  1318.41 -17197.2 -0.112307 -0.386134   88.8482 -0.00866184  -0.0238022   0.0437677 -72.5756  115.868 -484.001  0.153932 -0.115225 0.0843537 -0.748098  0.216638   0.22374 -0.292985 -0.232522  -9.80187 
             92.1996 -14.8567 -11.5278 -61.5885  -2441.1  1318.45 -17197.2 -0.120813   -0.3909   88.8493 -0.00866642  -0.0237892   0.0437627 -72.9897  116.175 -483.861  0.147886 -0.114634 0.0766908 -0.745821  0.221465  0.222607 -0.293175 -0.232594  -9.80186 
             92.3003 -14.8805 -11.5329 -61.6583 -2455.24  1341.01 -17291.1 -0.120659 -0.390816   88.8492 -0.00865323  -0.0237887    0.043757 -72.6768  116.542 -483.981  0.147914 -0.114659 0.0766966 -0.745722  0.221055  0.222621 -0.293162 -0.232596  -9.80186 
             92.4026 -16.5024 -10.5594 -62.8548 -2462.45  1352.59 -17339.1 -0.120659 -0.390816   88.8492 -0.00865323  -0.0237887    0.043757 -72.4892  116.712 -484.043  0.147914 -0.114659 0.0766966 -0.745722  0.221055  0.222621 -0.293162 -0.232596  -9.80186 
              92.501 -17.3085 -10.0703 -63.4707 -2470.13  1364.99 -17390.5 -0.120659 -0.390816   88.8492 -0.00865323  -0.0237887    0.043757 -72.2658  116.895 -484.116  0.147914 -0.114659 0.0766966 -0.745722  0.221055  0.222621 -0.293162 -0.232596  -9.80186 
             92.6009 -18.1681 -9.55504 -64.1381 -2470.13  1364.99 -17390.5 -0.120659 -0.390816   88.8492 -0.00865323  -0.0237887    0.043757 -72.2658  116.895 -484.116  0.147914 -0.114659 0.0766966 -0.745722  0.221055  0.222621 -0.293162 -0.232596  -9.80186 
             92.6996 -18.1843 -9.56792 -64.1922 -2484.29  1387.92 -17485.5 -0.120665 -0.390617   88.8491 -0.00870199  -0.0237116   0.0437894 -71.8207  117.206 -484.282  0.147976 -0.114611 0.0769203 -0.746359  0.220249  0.223164  -0.29316 -0.232615  -9.80186 
             92.8005 -19.8078 -8.66051 -65.4197 -2484.29  1387.92 -17485.5 -0.120665 -0.390617   88.8491 -0.00870199  -0.0237116   0.0437894 -71.8207  117.206 -484.282  0.147976 -0.114611 0.0769203 -0.746359  0.220249  0.223164  -0.29316 -0.232615  -9.80186 
             92.8998 -19.8136 -8.65999 -65.4347 -2498.27  1410.77 -17579.9 -0.120559 -0.390612   88.8492 -0.00870997  -0.0237335   0.0437901 -71.3147  117.543 -484.451  0.147924 -0.114594 0.0769134 -0.745445  0.219632   0.22361  -0.29317 -0.232555  -9.80186 
             93.0011 -21.5241 -7.78348 -66.7128 -2506.07  1423.67   -17633 -0.120559 -0.390612   88.8492 -0.00870997  -0.0237335   0.0437901 -70.9904  117.701 -484.547  0.147924 -0.114594 0.0769134 -0.745445  0.219632   0.22361  -0.29317 -0.232555  -9.80186 
             93.0994 -22.4439 -7.30833 -67.4349 -2513.05  1435.27 -17680.7 -0.120559 -0.390612   88.8492 -0.00870997  -0.0237335   0.0437901 -70.6827  117.836  -484.64  0.147924 -0.114594 0.0769134 -0.745445  0.219632   0.22361  -0.29317 -0.232555  -9.80186 
             93.2002 -23.2672 -6.89181 -68.0904 -2519.81  1446.57 -17727.2 -0.120559 -0.390612   88.8492 -0.00870997  -0.0237335   0.0437901 -70.3677  117.962 -484.737  0.147924 -0.114594 0.0769134 -0.745445  0.219632   0.22361  -0.29317 -0.232555  -9.80186 
                93.3 -28.1203 -9.67401 -70.4079 -2527.12  1458.99   -17778 -0.120892 -0.390845   88.8492 -0.00870351  -0.0237337   0.0437859 -69.8039  118.329 -484.971  0.151011 -0.113451 0.0795876 -0.745049  0.217899  0.223539  -0.29311 -0.232538  -9.80186 
             93.3996 -28.9856 -9.31544 -71.1591 -2527.12  1458.99   -17778 -0.120892 -0.390845   88.8492 -0.00870351  -0.0237337   0.0437859 -69.8039  118.329 -484.971  0.151011 -0.113451 0.0795876 -0.745049  0.217899  0.223539  -0.29311 -0.232538  -9.80186 
             93.5034  -28.999 -9.31576 -71.1824 -2527.12  1458.99   -17778 -0.120911 -0.390905   88.8492 -0.00870289  -0.0237301   0.0437851  -69.803  118.321 -484.969  0.151052 -0.113413 0.0796035 -0.745456  0.218158  0.223512 -0.293107 -0.232559  -9.80186 
             93.5995 -29.0308 -9.32927 -71.2778 -2548.05  1494.48 -17923.5  -0.12131 -0.391154   88.8492 -0.00870428  -0.0237278    0.043785 -68.5867  118.824 -485.395  0.151104 -0.113435  0.079687 -0.745349  0.218158   0.22388 -0.293123 -0.232555  -9.80186 
             93.6998 -31.5115 -8.31446 -73.4888 -2554.73   1506.1 -17970.9  -0.12131 -0.391154   88.8492 -0.00870428  -0.0237278    0.043785 -68.1424  118.965 -485.556  0.151104 -0.113435  0.079687 -0.745349  0.218158   0.22388 -0.293123 -0.232555  -9.80186 
             93.7998 -32.3018 -8.01799 -74.2158 -2561.69   1518.3 -18020.7  -0.12131 -0.391154   88.8492 -0.00870428  -0.0237278    0.043785 -67.6591  119.103 -485.735  0.151102 -0.113436 0.0796873 -0.745349  0.218159   0.22388 -0.293123 -0.232555  -9.80186 
             93.8996 -33.1558  -7.7181 -74.9772 -2567.88  1529.22 -18065.2  -0.12131 -0.391154   88.8492 -0.00870428  -0.0237278    0.043785 -67.2176  119.218 -485.899  0.151102 -0.113436 0.0796873 -0.745349  0.218159   0.22388 -0.293123 -0.232555  -9.80186 
             94.0002  -33.927 -7.46274 -75.6603 -2575.04  1541.98 -18117.2  -0.12131 -0.391154   88.8492 -0.00870428  -0.0237278    0.043785 -66.6828  119.347 -486.101  0.151102 -0.113436 0.0796873 -0.745349  0.218159   0.22388 -0.293123 -0.232555  -9.80186 
             94.1001 -34.8247 -7.17321 -76.4585 -2581.84   1554.2   -18167  -0.12131 -0.391154   88.8492 -0.00870428  -0.0237278    0.043785 -66.1579  119.459 -486.302  0.151102 -0.113436 0.0796873 -0.745349  0.218159   0.22388 -0.293123 -0.232555  -9.80186 
             94.1995 -35.6946 -6.90917 -77.2261 -2581.84   1554.2   -18167  -0.12131 -0.391154   88.8492 -0.00870428  -0.0237278    0.043785 -66.1579  119.459 -486.302  0.151102 -0.113436 0.0796873 -0.745349  0.218159   0.22388 -0.293123 -0.232555  -9.80186 
             94.3002 -35.7328 -6.90274 -77.3181  -2594.8   1577.7 -18262.6 -0.121335 -0.391049   88.8492 -0.00870742  -0.0237248   0.0437855 -65.1042  119.655 -486.697  0.151234 -0.113649 0.0796853 -0.744678  0.218326  0.223832 -0.293129 -0.232528  -9.80186 
             94.3995 -37.3915 -6.43067 -78.8086 -2601.29  1589.67 -18311.3 -0.121335 -0.391049   88.8492 -0.00870742  -0.0237248   0.0437855 -64.5542  119.735 -486.921  0.151234 -0.113649 0.0796853 -0.744678  0.218326  0.223832 -0.293129 -0.232528  -9.80186 
             94.5017 -38.2516 -6.20303 -79.5688  -2607.9  1601.99 -18361.4 -0.121335 -0.391049   88.8492 -0.00870742  -0.0237248   0.0437855 -63.9756   119.81 -487.156  0.151234 -0.113649 0.0796853 -0.744678  0.218326  0.223832 -0.293129 -0.232528  -9.80186 
             94.5996 -39.1374 -5.98055 -80.3531  -2607.9  1601.99 -18361.4 -0.121335 -0.391049   88.8492 -0.00870742  -0.0237248   0.0437855 -63.9756   119.81 -487.156  0.151234 -0.113649 0.0796853 -0.744678  0.218326  0.223832 -0.293129 -0.232528  -9.80186 
             94.7074 -39.1195 -5.99007 -80.3209 -2607.89  1601.99 -18361.4 -0.121529 -0.391126   88.8492 -0.00871079  -0.0237174   0.0437871  -63.973  119.808 -487.175  0.151292 -0.113544 0.0796962 -0.744663  0.216881  0.224911 -0.293195 -0.232522  -9.80186 
             94.7998 -39.1083 -5.99128 -80.2804 -2626.82  1637.66 -18506.4 -0.121599 -0.390961   88.8492 -0.00871077  -0.0237157   0.0437866 -62.2447  120.001 -487.899  0.151272 -0.113494   0.07968 -0.74479 0.216794 0.225188 -0.293217 -0.232524  -9.80186 
             94.9001  -41.668 -5.40712 -82.5745 -2632.99  1649.61   -18555 -0.121599 -0.390961   88.8492 -0.00871077  -0.0237157   0.0437866  -61.635  120.032 -488.165  0.151272 -0.113494   0.07968 -0.74479 0.216794 0.225188 -0.293217 -0.232524  -9.80186 
             95.0024 -42.5401  -5.2341  -83.348 -2632.99  1649.61   -18555 -0.121599 -0.390961   88.8492 -0.00871077  -0.0237157   0.0437866  -61.635  120.032 -488.165  0.151272 -0.113494   0.07968 -0.74479 0.216794 0.225188 -0.293217 -0.232524  -9.80186 
             95.0997  -42.593 -5.26548 -83.5367 -2645.38  1673.89 -18653.9  -0.12162 -0.391241   88.8492 -0.00871004  -0.0237139   0.0437868 -60.3466  120.049 -488.722  0.151306 -0.113388 0.0797277 -0.747134  0.217509  0.224755 -0.293214  -0.23264  -9.80186 
             95.1995 -44.5505 -4.96809 -85.1083 -2645.38  1673.89 -18653.9 -0.121626 -0.391245   88.8492 -0.00871003  -0.0237139   0.0437868 -60.3455  120.049 -488.723  0.151345 -0.113381 0.0797331 -0.74713 0.217493 0.224756 -0.293213  -0.23264  -9.80186 
             95.3037 -44.5576 -4.97647 -85.1461 -2645.38  1673.89 -18653.9 -0.121573 -0.391309   88.8492 -0.00870967  -0.0237137   0.0437871 -60.3359  120.044 -488.722  0.151357 -0.113392 0.0797863 -0.747446  0.217159  0.224486 -0.293192 -0.232665  -9.80186 
             95.4015 -44.5503 -4.97215 -85.1302 -2645.37  1673.89 -18653.9 -0.121462 -0.391445   88.8492 -0.00870913  -0.0237136   0.0437875 -60.3228  120.049 -488.717  0.151354 -0.113394 0.0798089 -0.747287  0.216805  0.223937 -0.293144 -0.232675  -9.80186 
             95.4997  -44.545 -4.96985 -85.1165 -2669.14  1721.65 -18848.4 -0.121376 -0.391746   88.8492 -0.00870799  -0.0237132   0.0437874 -57.6914   120.02 -489.939  0.151361 -0.113393 0.0798457 -0.747312  0.216403  0.223828 -0.293132 -0.232686  -9.80186 
             95.5997 -47.9671 -4.50627 -88.2018 -2675.02  1733.96 -18898.7 -0.121376 -0.391746   88.8492 -0.00870799  -0.0237132   0.0437874 -56.9821  119.974 -490.294  0.151361 -0.113393 0.0798457 -0.747312  0.216403  0.223828 -0.293132 -0.232686  -9.80186 
             95.6997 -48.8706 -4.42325 -89.0108 -2680.26  1745.05   -18944 -0.121376 -0.391746   88.8492 -0.00870799  -0.0237132   0.0437874 -56.3369   119.92 -490.622  0.151361 -0.113393 0.0798457 -0.747312  0.216403  0.223828 -0.293132 -0.232686  -9.80186 
             95.8003 -52.4912  0.54885 -76.5132 -2686.12  1757.77 -18995.7 -0.121689 -0.391856   88.8492 -0.00871142  -0.0237111   0.0437872 -55.4294   120.33 -491.193  0.151132 -0.111942 0.0770145 -0.746627  0.217121  0.223879 -0.293163 -0.232675  -9.80186 
             95.8998 -53.4897 0.576223 -77.3272 -2691.62  1769.79 -19044.8 -0.121689 -0.391856   88.8492 -0.00871142  -0.0237111   0.0437872 -54.6809  120.378 -491.614  0.151132 -0.111942 0.0770145 -0.746627  0.217121  0.223879 -0.293163 -0.232675  -9.80186 
             96.0014 -54.4393 0.591206 -78.1013 -2697.21  1782.19 -19095.5 -0.121689 -0.391856   88.8492 -0.00871142  -0.0237111   0.0437872 -53.8974   120.42 -492.064  0.151132 -0.111942 0.0770145 -0.746627  0.217121  0.223879 -0.293163 -0.232675  -9.80186 
             96.0996 -55.4138 0.590344 -78.8978 -2697.21  1782.19 -19095.5 -0.121689 -0.391856   88.8492 -0.00871142  -0.0237111   0.0437872 -53.8974   120.42 -492.064  0.151132 -0.111942 0.0770145 -0.746627  0.217121  0.223879 -0.293163 -0.232675  -9.80186 
             96.2084 -55.3864 0.587993 -78.8529 -2697.21  1782.18 -19095.5 -0.121794 -0.391873   88.8492 -0.00870661  -0.0237123   0.0437859 -53.8921  120.412 -492.084   0.15093 -0.111817 0.0770587 -0.74695 0.216355 0.224235 -0.293205 -0.232695  -9.80186 
             96.2998 -55.3926 0.619813 -78.8191  -2712.9  1817.27 -19238.8 -0.121738 -0.391752   88.8492 -0.00871441  -0.0237062   0.0437893 -51.6664   120.54 -493.346  0.151085 -0.112031 0.0769797 -0.746157  0.217039  0.224365 -0.293197 -0.232638  -9.80186 
             96.4036 -58.1126  0.54467 -81.0174 -2718.61  1830.69 -19293.8 -0.121738 -0.391752   88.8492 -0.00871441  -0.0237062   0.0437893  -50.779  120.547 -493.889  0.151085 -0.112031 0.0769797 -0.746157  0.217039  0.224365 -0.293197 -0.232638  -9.80186 
             96.5008 -59.1729 0.490027 -81.8781 -2723.46  1842.29 -19341.3 -0.121738 -0.391752   88.8492 -0.00871441  -0.0237062   0.0437893 -50.0065  120.542 -494.367  0.151085 -0.112031 0.0769797 -0.746157  0.217039  0.224365 -0.293197 -0.232638  -9.80186 
             96.6007 -58.0164  1.13848 -71.1698 -2723.46  1842.33 -19341.3 -0.121836 -0.391763   88.8492 -0.00871497  -0.0237019     0.04379 -50.0496  120.876 -494.306  0.150438 -0.110281 0.0753523 -0.745282  0.217672  0.224161 -0.293194 -0.232621  -9.80186 
             96.6994 -58.0196  1.13646 -71.2212 -2733.03  1865.55 -19436.3 -0.121276 -0.391988   88.8491 -0.00870247  -0.0236875   0.0437921 -48.5275  121.162  -495.19  0.150761 -0.110031 0.0752934 -0.746127  0.219207  0.221565 -0.292919 -0.232712  -9.80186 
             96.8033  -51.8582 -0.805486  -40.4437 -2733.03  1865.55 -19436.3 -0.121589 -0.392048   88.8492 -0.00871195  -0.0236789   0.0437924 -48.5659  121.267 -495.164  0.148263 -0.104242 0.0704208 -0.743263  0.221013  0.221445 -0.292965 -0.232642  -9.80186 
             96.8996  -51.8559 -0.802071  -40.4274 -2743.12  1890.78 -19539.2 -0.121582 -0.392079   88.8489 -0.00873525  -0.0236747   0.0438069  -47.493  122.327 -495.989  0.148226 -0.104273 0.0703954 -0.743211   0.22124  0.221473 -0.292965 -0.232639  -9.80186 
                  97 -47.6214 -8.69427 -16.7751 -2743.12  1890.78 -19539.2 -0.121975 -0.390909   88.8488 -0.00873337  -0.0236675   0.0438044 -47.5488  122.368 -495.967   0.146381 -0.0999887  0.0677136 -0.741137  0.222335  0.221259 -0.292978 -0.232579  -9.80186 
             97.0998 -47.6204 -8.68247   -16.81 -2743.11  1890.78 -19539.2 -0.103456 -0.381845   88.8332 -0.00870592  -0.0236159   0.0437981 -47.5449  122.375 -495.959   0.146325 -0.0999345   0.067715 -0.744038  0.221435    0.2214 -0.292749 -0.232519  -9.80187 
             97.2014 -47.6161  -8.6678 -16.8388 -2757.09  1926.82 -19685.1 -0.080747 -0.369157   88.8146 -0.00867231  -0.0235522   0.0438045 -47.0447  124.311 -496.944   0.146223 -0.0998498  0.0677011 -0.747474  0.220151  0.221655 -0.292475 -0.232427  -9.80188 
             97.3003 -49.9629 -8.37808 -18.9059 -2757.09  1926.82 -19685.1 -0.080747 -0.369157   88.8146 -0.00867231  -0.0235522   0.0438045 -47.0447  124.311 -496.944   0.146223 -0.0998498  0.0677011 -0.747474  0.220151  0.221655 -0.292475 -0.232427  -9.80188 
             97.3996 -49.9725 -8.36667 -18.9518 -2766.69  1952.31 -19786.8 -0.0807072  -0.369151    88.8146 -0.0086694 -0.0235503  0.0438068 -46.5979  125.714 -497.681   0.146216 -0.0998643  0.0677002 -0.74753 0.220218 0.221654 -0.292471 -0.232429  -9.80188 
             97.5011 -49.8792 -11.1256  -11.125 -2766.67  1952.25 -19786.6 -0.0841933  -0.372271    88.8188 -0.00868418  -0.0235701   0.0438462 -46.5744  125.505 -496.852    0.14279 -0.0982675  0.0646683 -0.752452  0.241203  0.214497 -0.291377 -0.232556  -9.80191 
                97.6 -49.8681 -11.1373 -11.0819    -2776  1977.45 -19886.2 -0.0829026  -0.367423    88.8211 -0.00868885   -0.023582    0.043855 -46.4098   126.92 -497.582   0.142746 -0.0983175  0.0646472 -0.753136  0.240744  0.214554 -0.291316  -0.23251  -9.80192 
             97.6996  -51.492 -11.0138 -12.4509 -2780.27  1989.17   -19932 -0.0829026  -0.367423    88.8211 -0.00868885   -0.023582    0.043855 -46.3036  127.582  -497.94   0.142746 -0.0983175  0.0646472 -0.753136  0.240744  0.214554 -0.291316  -0.23251  -9.80192 
             97.8033 -52.1874 -10.9658 -13.0773 -2785.44   2003.5 -19987.8 -0.0829026  -0.367423    88.8211 -0.00868885   -0.023582    0.043855 -46.1583  128.394 -498.383   0.142746 -0.0983175  0.0646472 -0.753136  0.240744  0.214554 -0.291316  -0.23251  -9.80192 
             97.9006 -53.0446 -10.9223 -13.8379 -2789.95  2016.09 -20036.6 -0.0829026  -0.367423    88.8211 -0.00868885   -0.023582    0.043855 -46.0202  129.111 -498.783   0.142746 -0.0983175  0.0646472 -0.753136  0.240744  0.214554 -0.291316  -0.23251  -9.80192 
             97.9999 -60.6954 -5.99649 -44.6499 -2793.95  2028.62 -20085.1 -0.0813644  -0.366087    88.8227 -0.00871641  -0.0236316   0.0438543 -43.7932  129.493 -499.513  0.151077 -0.115504 0.0758071 -0.761121   0.23493  0.214742 -0.291242 -0.232624  -9.80192 
                98.1  -61.118 -7.09633 -48.2052 -2798.31  2041.71 -20135.5 -0.0805329  -0.366011    88.8247 -0.00872918   -0.023661   0.0438354 -43.0598   129.98 -500.025  0.147466 -0.119121 0.0760358 -0.762538  0.237177  0.214178 -0.291263 -0.232692  -9.80191 
             98.1996 -61.9412 -7.16188 -49.0243 -2798.31  2041.71 -20135.5 -0.0805329  -0.366011    88.8247 -0.00872918   -0.023661   0.0438354 -43.0598   129.98 -500.025  0.147466 -0.119121 0.0760358 -0.762538  0.237177  0.214178 -0.291263 -0.232692  -9.80191 
             98.3036 -61.9545 -7.16597 -49.1125  -2798.3  2041.71 -20135.5 -0.0803085  -0.366505    88.8246 -0.00872008  -0.0236518   0.0438496 -43.0449  129.971 -500.026  0.147425 -0.119132  0.076115 -0.763028  0.237371  0.214411 -0.291225 -0.232691  -9.80191 
             98.3995  -61.925 -7.16332 -48.9872 -2811.17  2080.91 -20286.1 -0.0802653  -0.365357    88.8252 -0.00874004  -0.0236664   0.0438374 -41.1417  131.543 -501.639  0.147427   -0.1191 0.0759984 -0.762643  0.237174  0.213863  -0.29125 -0.232664  -9.80191 
             98.4997  -64.524 -7.42919 -51.4221 -2811.17  2080.91 -20286.1 -0.0802653  -0.365357    88.8252 -0.00874004  -0.0236664   0.0438374 -41.1417  131.543 -501.639  0.147427   -0.1191 0.0759984 -0.762643  0.237174  0.213863  -0.29125 -0.232664  -9.80191 
             98.5998 -64.5342 -7.42346   -51.45 -2819.22  2106.88   -20385 -0.0802355  -0.365156    88.8253 -0.00875547  -0.0236652   0.0438491 -39.8189  132.516 -502.774  0.147522 -0.119291 0.0759618 -0.76238 0.237576 0.214051 -0.291274 -0.232702  -9.80191 
             98.7028 -66.2241 -7.65688 -53.0365 -2823.08  2119.88 -20434.2 -0.0802355  -0.365156    88.8253 -0.00875547  -0.0236652   0.0438491 -39.1309  132.977 -503.354  0.147522 -0.119291 0.0759618 -0.76238 0.237576 0.214051 -0.291274 -0.232702  -9.80191 
             98.8001 -67.0206 -7.78589 -53.8232 -2823.08  2119.88 -20434.2 -0.0802355  -0.365156    88.8253 -0.00875547  -0.0236652   0.0438491 -39.1309  132.977 -503.354  0.147522 -0.119291 0.0759618 -0.76238 0.237576 0.214051 -0.291274 -0.232702  -9.80191 
             98.8997 -67.0233  -7.7734 -53.7952 -2823.09  2119.87 -20434.2 -0.080202 -0.364972   88.8253 -0.00875516  -0.0236627    0.043855 -39.1471   132.97 -503.341    0.1475 -0.119329 0.0758723 -0.762276  0.238478  0.214188 -0.291276 -0.232715  -9.80191 
              99.001 -67.0287 -7.78074 -53.8339 -2834.91  2160.61 -20588.2 -0.0801913  -0.365088    88.8254 -0.00875917  -0.0236688   0.0438457 -36.9589  134.404 -505.235  0.147513 -0.119301 0.0759543 -0.762759  0.237723  0.214334 -0.291275 -0.232719  -9.80191 
             99.0996 -69.6447 -8.28929 -56.2584 -2838.48  2173.74 -20637.5 -0.0801913  -0.365088    88.8254 -0.00875917  -0.0236688   0.0438457 -36.2282  134.831 -505.863  0.147513 -0.119301 0.0759543 -0.762759  0.237723  0.214334 -0.291275 -0.232719  -9.80191 
             99.1995 -70.4292 -8.46203 -57.0315 -2841.83  2186.34 -20684.8 -0.0801913  -0.365088    88.8254 -0.00875917  -0.0236688   0.0438457 -35.5208  135.231 -506.477  0.147513 -0.119301 0.0759543 -0.762759  0.237723  0.214334 -0.291275 -0.232719  -9.80191 
              99.303 -71.1748 -8.64221 -57.7675 -2841.83  2186.34 -20684.8 -0.0801913  -0.365088    88.8254 -0.00875917  -0.0236688   0.0438457 -35.5208  135.231 -506.477  0.147513 -0.119301 0.0759543 -0.762759  0.237723  0.214334 -0.291275 -0.232719  -9.80191 
             99.3998 -71.1816  -8.6393 -57.7877 -2849.12  2214.52 -20790.2 -0.0801754  -0.365092    88.8254 -0.00875981  -0.0236695   0.0438448 -33.9193  136.116 -507.895  0.147518 -0.119307 0.0759728 -0.763144  0.237613  0.214282 -0.291258 -0.232724  -9.80191 
             99.5002 -72.8562  -9.1257 -59.4489 -2852.39   2227.8 -20839.7 -0.0801732  -0.365092    88.8254 -0.0087598 -0.0236696  0.0438448 -33.1515  136.504 -508.574  0.147501 -0.119314 0.0759881 -0.763147  0.237617  0.214282 -0.291258 -0.232724  -9.80191 
             99.5998 -79.7138 -9.16038 -84.4974 -2855.68  2241.71   -20892 -0.0794034  -0.368557    88.8286 -0.00872577   -0.023695   0.0438536 -31.8573  135.934 -509.589  0.147826 -0.133255 0.0814959 -0.768919  0.235848  0.215026 -0.291332 -0.232906  -9.80191 
             99.6999 -80.5173 -9.50037 -85.3585 -2858.49  2253.82 -20937.5 -0.0794034  -0.368557    88.8286 -0.00872577   -0.023695   0.0438536 -31.0373  135.919  -510.32  0.147826 -0.133255 0.0814959 -0.768919  0.235848  0.215026 -0.291332 -0.232906  -9.80191 
             99.8035 -81.2142 -9.80764    -86.1 -2858.49  2253.82 -20937.5 -0.0794034  -0.368557    88.8286 -0.00872577   -0.023695   0.0438536 -31.0373  135.919  -510.32  0.147826 -0.133255 0.0814959 -0.768919  0.235848  0.215026 -0.291332 -0.232906  -9.80191 
             99.8999 -81.2121 -9.79311 -86.0825 -2858.49  2253.82 -20937.5 -0.0794144  -0.368447    88.8286 -0.00872806  -0.0236977   0.0438451 -31.0383  135.923 -510.318  0.147835 -0.133285 0.0813669 -0.768753  0.236002  0.214924 -0.291321 -0.232893  -9.80191 
             99.9995 -81.2021 -9.79895 -86.0789 -2867.84   2295.6 -21094.5 -0.0793097  -0.368573    88.8286 -0.00874181  -0.0236968   0.0438717 -28.1839  135.838 -512.904  0.147721 -0.133161 0.0814005 -0.76949 0.235773 0.214735 -0.291296 -0.232916  -9.80191 
               100.1 -83.7092  -10.951 -88.6351  -2870.6  2309.09 -21145.5 -0.0793097  -0.368573    88.8286 -0.00874181  -0.0236968   0.0438717 -27.2668  135.762 -513.766  0.147721 -0.133161 0.0814005 -0.76949 0.235773 0.214735 -0.291296 -0.232916  -9.80191 
             100.204 -84.4712 -11.3374 -89.4488 -2873.29  2322.72 -21197.1 -0.0793097  -0.368573    88.8286 -0.00874181  -0.0236968   0.0438717 -26.3357  135.667 -514.653  0.147721 -0.133161 0.0814005 -0.76949 0.235773 0.214735 -0.291296 -0.232916  -9.80191 
               100.3 -85.2293 -11.7424 -90.2639 -2875.88  2336.26 -21248.6 -0.0793097  -0.368573    88.8286 -0.00874181  -0.0236968   0.0438717 -25.4104  135.558 -515.541  0.147721 -0.133161 0.0814005 -0.76949 0.235773 0.214735 -0.291296 -0.232916  -9.80191 
               100.4 -85.9824 -12.1476 -91.0731 -2875.88  2336.26 -21248.6 -0.0793097  -0.368573    88.8286 -0.00874181  -0.0236968   0.0438717 -25.4104  135.558 -515.541  0.147721 -0.133161 0.0814005 -0.76949 0.235773 0.214735 -0.291296 -0.232916  -9.80191 
               100.5 -86.0322 -12.1886  -91.266 -2880.92   2363.7 -21353.1 -0.0793966  -0.368603    88.8286 -0.00874976  -0.0236987   0.0438726 -23.5361    135.3 -517.408  0.147731 -0.133234 0.0814613 -0.769302  0.235133  0.214979 -0.291354 -0.232925   -9.8019 
               100.6 -87.6239 -13.0626 -92.8881 -2883.22  2377.19 -21404.8 -0.0793966  -0.368603    88.8286 -0.00874976  -0.0236987   0.0438726 -22.6151   135.14  -518.34  0.147731 -0.133234 0.0814613 -0.769302  0.235133  0.214979 -0.291354 -0.232925   -9.8019 
               100.7  -88.358 -13.5068 -93.6804 -2885.32  2389.95 -21453.8 -0.0793966  -0.368603    88.8286 -0.00874976  -0.0236987   0.0438726 -21.7408  134.975 -519.225  0.147731 -0.133234 0.0814613 -0.769302  0.235133  0.214979 -0.291354 -0.232925   -9.8019 
             100.801 -89.0516  -13.932 -94.4283 -2887.63  2404.63 -21510.3 -0.0793966  -0.368603    88.8286 -0.00874976  -0.0236987   0.0438726 -20.7426  134.764 -520.263  0.147731 -0.133234 0.0814613 -0.769302  0.235133  0.214979 -0.291354 -0.232925   -9.8019 
             100.899 -89.8452 -14.4358 -95.2815 -2889.66  2418.05 -21562.2 -0.0793966  -0.368603    88.8286 -0.00874976  -0.0236987   0.0438726 -19.8307  134.556 -521.226  0.147731 -0.133234 0.0814613 -0.769302  0.235133  0.214979 -0.291354 -0.232925   -9.8019 
                 101 -90.5656 -14.9061 -96.0579 -2891.48  2430.64 -21611.1 -0.0793966  -0.368603    88.8286 -0.00874976  -0.0236987   0.0438726 -18.9763  134.346 -522.139  0.147731 -0.133234 0.0814613 -0.769302  0.235133  0.214979 -0.291354 -0.232925   -9.8019 
               101.1 -93.5083 -16.2831 -105.631 -2891.51  2430.42 -21611.2 -0.0793575  -0.368953    88.8286 -0.00873939  -0.0237114   0.0438675 -19.1147   133.52 -522.354  0.152832 -0.142844 0.0834108 -0.773386  0.232843  0.215419 -0.291337 -0.232999   -9.8019 
             101.199  -93.511 -16.2645 -105.684  -2891.5  2430.43 -21611.2 -0.0791324  -0.368947    88.8285 -0.00875602  -0.0237177   0.0438634  -19.105  133.528 -522.357  0.152881 -0.143348 0.0834099 -0.772698  0.232898  0.214677 -0.291209 -0.233003  -9.80191 
             101.304 -93.5031 -16.2575 -105.658  -2891.5  2430.43 -21611.2 -0.0791127  -0.369089    88.8285 -0.0087563 -0.0237176  0.0438642 -19.1043  133.529 -522.357 0.152819 -0.14328 0.083402 -0.772755  0.232835  0.214638 -0.291217 -0.233015  -9.80191 
               101.4 -93.5027 -16.2545 -105.653 -2898.97  2484.46 -21823.4 -0.0791037  -0.369158    88.8285 -0.00875489  -0.0237171   0.0438641 -15.6131  131.953  -526.55  0.152818 -0.143258 0.0833971 -0.772781  0.232851  0.214716 -0.291226 -0.233012  -9.80191 
               101.5 -90.4924 -12.5428 -79.7025  -2900.4  2497.26 -21874.2  -0.07912 -0.369047   88.8286 -0.00875879   -0.023712   0.0438653 -14.5013  132.434 -527.447  0.151017 -0.139534 0.0823309 -0.770981  0.233792  0.214598 -0.291224 -0.232966  -9.80191 
               101.6 -91.4242 -12.9025 -81.3116 -2901.76  2509.98 -21924.9 -0.0791218  -0.369057    88.8286 -0.00875902  -0.0237123    0.043865 -13.6102  132.425   -528.4  0.151074 -0.139661 0.0823271 -0.771044  0.233765  0.214609 -0.291226 -0.232967  -9.80191 
             101.705 -92.1517 -13.3782 -82.0802 -2903.09  2523.38 -21978.5 -0.0791218  -0.369057    88.8286 -0.00875902  -0.0237123    0.043865 -12.6672  132.426 -529.417  0.151074 -0.139661 0.0823271 -0.771044  0.233765  0.214609 -0.291226 -0.232967  -9.80191 
             101.803 -92.9052 -13.8943 -82.8816 -2903.09  2523.38 -21978.5 -0.0791218  -0.369057    88.8286 -0.00875902  -0.0237123    0.043865 -12.6672  132.426 -529.417  0.151074 -0.139661 0.0823271 -0.771044  0.233765  0.214609 -0.291226 -0.232967  -9.80191 
             101.901 -92.9043 -13.9095 -82.9227 -2905.59  2550.77 -22088.1 -0.0791212    -0.3691    88.8286 -0.00875347    -0.02371   0.0438615 -10.7388  132.388 -531.534  0.150991 -0.139658 0.0823242 -0.771126  0.233675  0.214453 -0.291225  -0.23299  -9.80191 
                 102 -100.691 -15.8344 -108.625 -2906.61  2563.65 -22140.1 -0.0791206  -0.369634    88.8285 -0.00875816  -0.0237253   0.0438587 -9.94905  131.633 -532.721  0.155213 -0.147951  0.082607 -0.774859  0.231856  0.214738 -0.291249 -0.233088   -9.8019 
               102.1 -99.5184 -13.6416  -102.64 -2906.61  2563.67 -22140.1 -0.0793913  -0.370058    88.8279 -0.00875776  -0.0237128   0.0438607 -9.89027  131.836 -532.724  0.149666  -0.14525 0.0789667 -0.772596  0.232871  0.214452 -0.291388 -0.233118   -9.8019 
               102.2 -99.5234 -13.6516 -102.662  -2906.6  2563.67 -22140.2 -0.079368 -0.370085    88.828 -0.00880017  -0.0237319   0.0438864 -9.88635  131.825 -532.738  0.149753 -0.145123 0.0790435 -0.772788  0.232098  0.214231 -0.291433 -0.233176   -9.8019 
             102.301 -99.5274 -13.6537 -102.677 -2909.58  2603.52 -22301.3 -0.0790061  -0.369733    88.8276 -0.00882849   -0.023743   0.0438948  -7.2911  130.729 -536.118  0.149775 -0.145082 0.0790657 -0.772949  0.231818  0.214127 -0.291439 -0.233193   -9.8019 
               102.4 -101.828 -15.4593 -104.939 -2910.26  2616.44 -22354.4 -0.0790061  -0.369733    88.8276 -0.00882849   -0.023743   0.0438948 -6.46573  130.323  -537.26  0.149775 -0.145082 0.0790657 -0.772949  0.231818  0.214127 -0.291439 -0.233193   -9.8019 
             102.499 -102.555 -16.0739 -105.667 -2910.84  2628.73 -22405.2 -0.0790061  -0.369733    88.8276 -0.00882849   -0.023743   0.0438948 -5.68334  129.922 -538.358  0.149775 -0.145082 0.0790657 -0.772949  0.231818  0.214127 -0.291439 -0.233193   -9.8019 
               102.6 -103.812 -16.3455 -111.729 -2911.41  2642.36   -22462 -0.0790166  -0.369816    88.8276 -0.00882944   -0.023744   0.0438952  -4.9462  129.214 -539.625  0.150133 -0.145957 0.0788994 -0.773375  0.231594  0.214096 -0.291448 -0.233215   -9.8019 
               102.7 -104.575 -17.0215 -112.492 -2911.41  2642.36   -22462 -0.0790166  -0.369816    88.8276 -0.00882944   -0.023744   0.0438952  -4.9462  129.214 -539.625  0.150133 -0.145957 0.0788994 -0.773375  0.231594  0.214096 -0.291448 -0.233215   -9.8019 
             102.803 -104.577 -17.0061 -112.482 -2912.38  2668.72 -22572.2 -0.0788406  -0.369712    88.8275 -0.00881702  -0.0237437   0.0438862 -3.37236  128.173 -542.063  0.150088 -0.145931  0.078801 -0.772861  0.232301  0.214092 -0.291359 -0.233155   -9.8019 
               102.9 -106.163 -18.3745 -113.924 -2912.67  2680.96 -22624.1 -0.0788406  -0.369712    88.8275 -0.00881702  -0.0237437   0.0438862 -2.66642  127.636 -543.226  0.150088 -0.145931  0.078801 -0.772861  0.232301  0.214092 -0.291359 -0.233155   -9.8019 
                 103 -106.061 -12.6271 -110.972 -2912.89  2693.43 -22677.2 -0.0788736   -0.36985    88.8276 -0.00882097  -0.0237422   0.0438871 -1.85558  127.239 -544.435  0.149356 -0.144268 0.0770757 -0.772134  0.232853   0.21405 -0.291368 -0.233137   -9.8019 
               103.1 -106.821 -13.2701 -111.635 -2912.89  2693.43 -22677.2 -0.0788736   -0.36985    88.8276 -0.00882097  -0.0237422   0.0438871 -1.85558  127.239 -544.435  0.149356 -0.144268 0.0770757 -0.772134  0.232853   0.21405 -0.291368 -0.233137   -9.8019 
             103.202 -106.839  -13.283 -111.663 -2913.22  2718.34 -22784.1 -0.0789427  -0.369771    88.8276 -0.00883345  -0.0237528   0.0438728 -0.356604   126.246  -546.848    0.1494 -0.144209 0.0771003 -0.773164  0.233564   0.21426 -0.291379 -0.233118   -9.8019 
             103.301 -107.479   -11.21 -115.991 -2913.22  2731.76 -22842.4 -0.078962 -0.369786   88.8276 -0.00883331  -0.0237526   0.0438732  0.40691  125.641 -548.185  0.149294 -0.144541 0.0761821 -0.773243  0.233675  0.214275 -0.291389 -0.233121   -9.8019 
             103.401 -108.324 -11.9234 -116.694 -2913.14  2744.31 -22897.3 -0.078962 -0.369786   88.8276 -0.00883331  -0.0237526   0.0438732  1.11504  125.065 -549.456  0.149294 -0.144541 0.0761821 -0.773243  0.233675  0.214275 -0.291389 -0.233121   -9.8019 
               103.5 -109.109 -12.6037 -117.349    -2913  2756.25 -22949.9 -0.078962 -0.369786   88.8276 -0.00883331  -0.0237526   0.0438732   1.7787  124.507 -550.678  0.149294 -0.144541 0.0761821 -0.773243  0.233675  0.214275 -0.291389 -0.233121   -9.8019 
               103.6 -112.548 -16.6742 -128.656 -2912.91  2768.63 -23005.5 -0.0783464  -0.370889    88.8274 -0.00881196  -0.0237562   0.0438673  1.89878  123.276 -552.109  0.153664  -0.15056 0.0783627 -0.776328  0.232577  0.214844 -0.291357  -0.23315   -9.8019 
               103.7 -113.324 -17.4264 -129.303 -2912.91  2768.63 -23005.5 -0.0783464  -0.370889    88.8274 -0.00881196  -0.0237562   0.0438673  1.89878  123.276 -552.109  0.153664  -0.15056 0.0783627 -0.776328  0.232577  0.214844 -0.291357  -0.23315   -9.8019 
             103.801 -113.318 -17.4293 -129.287 -2912.91  2768.63 -23005.5 -0.0785083  -0.370938    88.8274 -0.00881049  -0.0237551   0.0438724  1.89226  123.275 -552.119  0.153596 -0.150481 0.0784093 -0.776357  0.231793  0.214912 -0.291456 -0.233167   -9.8019 
               103.9 -113.309 -17.4245 -129.233 -2912.91  2768.63 -23005.5 -0.0786158  -0.371111    88.8275 -0.00880145  -0.0237536   0.0438768  1.88873   123.27 -552.111  0.153533 -0.150354  0.078427 -0.776955  0.232092  0.215097 -0.291496 -0.233158   -9.8019 
             103.999 -113.305 -17.4226  -129.19 -2912.13  2817.58 -23225.2 -0.0788687  -0.371165    88.8277 -0.00879122  -0.0237516   0.0438811  3.97521  120.367 -557.395  0.153491 -0.150238 0.0784546 -0.777338  0.232073  0.215365 -0.291557  -0.23314  -9.80189 
               104.1 -116.548 -20.5306 -131.664 -2912.13  2817.58 -23225.2 -0.0788687  -0.371165    88.8277 -0.00879122  -0.0237516   0.0438811  3.97521  120.367 -557.395  0.153491 -0.150238 0.0784546 -0.777338  0.232073  0.215365 -0.291557  -0.23314  -9.80189 
               104.2 -116.538 -20.5225 -131.611 -2911.31   2841.9   -23338 -0.0786788  -0.370958    88.8275 -0.00879229  -0.0237556   0.0438786  4.89355  118.824 -560.134  0.153346 -0.150403 0.0783832 -0.778163  0.234167  0.216008 -0.291431 -0.233033   -9.8019 
             104.303 -121.051 -26.0818 -152.353 -2910.78  2854.47 -23397.5 -0.0788286  -0.371335    88.8276 -0.00879706    -0.02376    0.043869   4.9157  117.855 -561.696   0.15553 -0.154222 0.0776495 -0.779233  0.232501  0.215618 -0.291496 -0.233165  -9.80189 
               104.4 -121.804 -26.9746 -152.963  -2910.3  2865.89 -23452.2 -0.0788286  -0.371335    88.8276 -0.00879706    -0.02376    0.043869  4.96602   116.99 -563.051   0.15553 -0.154222 0.0776495 -0.779233  0.232501  0.215618 -0.291496 -0.233165  -9.80189 
               104.5 -122.528 -27.8083  -153.54  -2910.3  2865.89 -23452.2 -0.0787983  -0.371338    88.8276 -0.00879735  -0.0237601   0.0438689  4.96493  116.988 -563.052  0.155762 -0.154201 0.0777602 -0.779246  0.232416    0.2156 -0.291495 -0.233169  -9.80189 
               104.6 -122.532 -27.8161 -153.527 -2910.31  2865.89 -23452.2 -0.0788828  -0.371327    88.8276 -0.00879302  -0.0237607   0.0438775   4.9405  116.986 -563.043  0.155771 -0.154219 0.0778597 -0.779657  0.232257  0.215835 -0.291558 -0.233139  -9.80189 
             104.701 -122.534 -27.7933 -153.426 -2908.87   2900.1 -23617.8 -0.0797355  -0.372216    88.8284 -0.00878362  -0.0237604   0.0438853  5.02752  114.409 -567.163   0.15573 -0.154039 0.0779018 -0.779737  0.232221  0.216163 -0.291625 -0.233093  -9.80189 
               104.8 -124.752 -30.3121 -155.017 -2908.87   2900.1 -23617.8 -0.0797355  -0.372216    88.8284 -0.00878362  -0.0237604   0.0438853  5.02752  114.409 -567.163   0.15573 -0.154039 0.0779018 -0.779737  0.232221  0.216163 -0.291625 -0.233093  -9.80189 
               104.9 -124.754 -30.3153 -155.037 -2907.83  2923.71   -23735 -0.0798113  -0.372223    88.8284 -0.00879523  -0.0237656    0.043892 4.99923 112.602 -570.13  0.155823 -0.153959 0.0779203  -0.7786 0.230862 0.215885 -0.291675 -0.233137  -9.80189 
                 105 -126.298 -32.1363 -156.115 -2907.36  2934.27 -23788.7 -0.0798113  -0.372223    88.8284 -0.00879523  -0.0237656    0.043892  4.92647  111.773 -571.461  0.155823 -0.153959 0.0779203  -0.7786 0.230862 0.215885 -0.291675 -0.233137  -9.80189 
               105.1 -124.284  -30.574 -168.947  -2906.9  2945.63 -23847.1 -0.0805034  -0.371456    88.8285 -0.00879282  -0.0237669    0.043892  4.52342  110.893 -572.874  0.156804 -0.156065 0.0758795  -0.7793 0.230396 0.215934 -0.291722 -0.233156  -9.80189 
               105.2 -124.974 -31.4519 -169.516  -2906.9  2945.63 -23847.1 -0.0805034  -0.371456    88.8285 -0.00879282  -0.0237669    0.043892  4.52342  110.893 -572.874  0.156804 -0.156065 0.0758795  -0.7793 0.230396 0.215934 -0.291722 -0.233156  -9.80189 
             105.301 -124.991 -31.4599 -169.613 -2906.89  2945.63 -23847.1 -0.0802437  -0.371621    88.8285 -0.00881027  -0.0237681   0.0438868  4.53817  110.885 -572.855  0.156873 -0.156054 0.0757567 -0.779191   0.23123  0.215977 -0.291612 -0.233176  -9.80189 
               105.4 -124.987 -31.4585 -169.643 -2905.57  2978.43 -24017.1 -0.0802714  -0.371519    88.8285 -0.00880404  -0.0237619   0.0438883  3.80534   108.36 -577.068  0.156902 -0.156047 0.0757198 -0.77877  0.23083 0.215752 -0.291622 -0.233218  -9.80189 
             105.507 -127.409 -33.4253 -171.218 -2905.17  2990.18   -24080 -0.0802732   -0.37153    88.8285 -0.00880409  -0.0237618   0.0438883  3.45643   107.46 -578.618  0.156914 -0.155997 0.0756521 -0.778749  0.230837   0.21575 -0.291622 -0.233218  -9.80189 
               105.6 -128.139 -34.3905 -171.791 -2905.17  2990.18   -24080 -0.0802732   -0.37153    88.8285 -0.00880409  -0.0237618   0.0438883  3.45643   107.46 -578.618  0.156914 -0.155997 0.0756521 -0.778749  0.230837   0.21575 -0.291622 -0.233218  -9.80189 
               105.7  -128.15 -34.3963 -171.798 -2904.52  3011.18 -24193.5 -0.0804341  -0.371439    88.8285 -0.00881192  -0.0237588   0.0438811 2.79941 105.861 -581.42  0.156913 -0.155996  0.075674 -0.779124  0.230437  0.215846  -0.2917 -0.23317 -9.80189 
             105.802 -129.582 -36.1529  -172.79 -2904.25  3022.22 -24254.4 -0.0804341  -0.371439    88.8285 -0.00881192  -0.0237588   0.0438811  2.39987  105.022 -582.908  0.156913 -0.155996  0.075674 -0.779124  0.230437  0.215846  -0.2917 -0.23317 -9.80189 
               105.9 -130.283 -37.0985  -173.31 -2904.04  3032.37   -24311 -0.0804341  -0.371439    88.8285 -0.00881192  -0.0237588   0.0438811   2.0104  104.253 -584.286  0.156913 -0.155996  0.075674 -0.779124  0.230437  0.215846  -0.2917 -0.23317 -9.80189 
                 106 -131.005 -37.7045 -173.429 -2903.86  3042.03 -24365.4 -0.0804322  -0.371433    88.8285 -0.00881212  -0.0237586   0.0438812  1.64249  103.517 -585.614  0.156822 -0.155775 0.0756526 -0.779042  0.230472  0.215843 -0.291699 -0.233166  -9.80189 
             106.103 -131.639 -38.5496 -173.874 -2903.71  3053.55 -24430.9 -0.0804322  -0.371433    88.8285 -0.00881212  -0.0237586   0.0438812  1.15955  102.649 -587.204  0.156822 -0.155775 0.0756526 -0.779042  0.230472  0.215843 -0.291699 -0.233166  -9.80189 
               106.2 -132.393 -39.5723 -174.399 -2903.71  3053.55 -24430.9 -0.0804322  -0.371433    88.8285 -0.00881212  -0.0237586   0.0438812  1.15955  102.649 -587.204  0.156822 -0.155775 0.0756526 -0.779042  0.230472  0.215843 -0.291699 -0.233166  -9.80189 
               106.3  -132.39 -39.5618 -174.345 -2903.71  3053.55 -24430.9 -0.0804687  -0.371397    88.8286 -0.00881237  -0.0237578   0.0438799  1.15864  102.647 -587.196  0.156787 -0.155672 0.0756116 -0.779319  0.230574  0.215941 -0.291715 -0.233135  -9.80189 
             106.399 -132.393 -39.5786 -174.335  -2903.4  3083.87 -24604.5 -0.080657 -0.371261   88.8286 -0.00881438  -0.0237538   0.0438765 -0.157585   100.383  -591.393  0.156708 -0.155591 0.0756989 -0.779927   0.22996  0.215831 -0.291856 -0.233085  -9.80189 
               106.5  -134.33 -42.3262 -175.636 -2903.44  3093.26 -24660.1 -0.080657 -0.371261   88.8286 -0.00881438  -0.0237538   0.0438765 -0.630955   99.6927   -592.72  0.156708 -0.155591 0.0756989 -0.779927   0.22996  0.215831 -0.291856 -0.233085  -9.80189 
               106.6 -161.629 -57.5837 -175.973 -2903.61  3103.58 -24721.4 -0.0809724  -0.371325    88.8287 -0.00881073  -0.0237568   0.0438749 -1.88265  99.6155 -594.227  0.160304 -0.158227 0.0769566 -0.781253  0.228607  0.215705 -0.291922 -0.233139  -9.80188 
               106.7 -162.881 -58.6109 -175.688 -2903.61  3103.58 -24721.4 -0.0809724  -0.371325    88.8287 -0.00881073  -0.0237568   0.0438749 -1.88265  99.6155 -594.227  0.160304 -0.158227 0.0769566 -0.781253  0.228607  0.215705 -0.291922 -0.233139  -9.80188 
             106.801 -162.906  -58.659 -175.932 -2904.09  3123.72   -24842 -0.0810217  -0.371527    88.8287 -0.00881055  -0.0237695   0.0438479 -3.60907  98.9049 -597.007   0.16045 -0.158169 0.0767503 -0.781664  0.229461  0.215159 -0.291941 -0.233248  -9.80188 
               106.9 -165.515 -60.6682 -175.231 -2904.09  3123.72   -24842 -0.0810217  -0.371527    88.8287 -0.00881055  -0.0237695   0.0438479 -3.60907  98.9049 -597.007   0.16045 -0.158169 0.0767503 -0.781664  0.229461  0.215159 -0.291941 -0.233248  -9.80188 
             107.008 -165.491 -60.6647 -175.265 -2904.09  3123.72   -24842 -0.0808798   -0.37175    88.8286 -0.00879352  -0.0237176   0.0438625 -3.59791  98.8967 -597.026  0.160478  -0.15818 0.0766829 -0.780891  0.229843  0.215001 -0.291867 -0.233345  -9.80188 
               107.1 -165.491 -60.6671 -175.257 -2904.08  3123.73   -24842 -0.0808306  -0.371516    88.8284 -0.00876736  -0.0236888   0.0438042 -3.59634  98.9136 -597.047  0.160529 -0.158168 0.0765398 -0.780393  0.229517  0.214944 -0.291856 -0.233346  -9.80188 
             107.203 -165.489 -60.6573  -175.19 -2904.08  3123.73   -24842 -0.0803371  -0.370044    88.8276 -0.00874941  -0.0236728   0.0437569 -3.59641   98.927 -597.061  0.160545 -0.158147 0.0764502 -0.780202  0.229029  0.214933 -0.291852 -0.233325  -9.80188 
               107.3 -165.488 -60.6548 -175.176  -2906.2  3173.17 -25141.6 -0.0796801  -0.369112     88.827 -0.00873796  -0.0236586   0.0437324 -7.93271   97.364 -603.869  0.160563  -0.15814 0.0763922 -0.780085   0.22878  0.214918 -0.291838 -0.233322  -9.80188 
               107.4 -173.428 -65.4818 -172.145  -2906.2  3173.17 -25141.6 -0.0796801  -0.369112     88.827 -0.00873796  -0.0236586   0.0437324 -7.93271   97.364 -603.869  0.160563  -0.15814 0.0763922 -0.780085   0.22878  0.214918 -0.291838 -0.233322  -9.80188 
               107.5 -173.439 -65.5259 -172.393 -2907.76  3191.83 -25257.4 -0.0796997  -0.369227     88.827 -0.0087278 -0.0236324  0.0437356 -9.69491  96.9123 -606.381  0.160582 -0.158051 0.0763261 -0.779557  0.228828  0.214621 -0.291854 -0.233373  -9.80188 
             107.603 -169.726 -60.9234 -131.518 -2908.84  3202.53 -25324.9 -0.0789533  -0.369065    88.8271 -0.00885615  -0.0238339   0.0438145  -10.146  96.0064 -608.854 0.151144 -0.15374 0.080704 -0.768016  0.228379  0.211253 -0.291787 -0.234075  -9.80186 
               107.7 -171.398 -61.9625 -130.791 -2909.76  3211.08 -25379.4 -0.0789533  -0.369065    88.8271 -0.00885615  -0.0238339   0.0438145 -10.5957  95.3097 -610.053 0.151144 -0.15374 0.080704 -0.768016  0.228379  0.211253 -0.291787 -0.234075  -9.80186 
               107.8 -174.223 -62.8301 -127.478 -2909.76  3211.06 -25379.3 -0.0806855  -0.367479    88.8272 -0.00882096  -0.0237903   0.0438085 -10.5699  95.2449 -609.925  0.152081 -0.155212 0.0887702 -0.77038 0.228226 0.211783 -0.291741 -0.233982  -9.80187 
             107.899 -174.174 -62.8067 -127.261 -2911.99  3230.58 -25504.9 -0.0809915   -0.36711     88.827 -0.00881999    -0.02376   0.0437974 -11.6221  93.6255 -612.644  0.151838 -0.155272 0.0889052 -0.770916  0.228245  0.211692 -0.291789 -0.233957  -9.80187 
             108.002 -177.952 -64.7691 -125.165 -2913.14  3239.57   -25564 -0.0809915   -0.36711     88.827 -0.00881999    -0.02376   0.0437974 -12.1372  92.8743 -613.895  0.151838 -0.155272 0.0889052 -0.770916  0.228245  0.211692 -0.291789 -0.233957  -9.80187 
               108.1 -179.891 -65.6304 -124.026 -2914.41  3249.09 -25627.3 -0.0809915   -0.36711     88.827 -0.00881999    -0.02376   0.0437974 -12.7027  92.0756 -615.217  0.151838 -0.155272 0.0889052 -0.770916  0.228245  0.211692 -0.291789 -0.233957  -9.80187 
               108.2  177.941 -66.5332 -122.684 -2915.74  3258.43   -25690 -0.0809915   -0.36711     88.827 -0.00881999    -0.02376   0.0437974 -13.2763  91.2922  -616.51  0.151838 -0.155272 0.0889052 -0.770916  0.228245  0.211692 -0.291789 -0.233957  -9.80187 
             108.301  175.643 -67.3999  -121.23 -2917.12  3267.68 -25752.8 -0.0809915   -0.36711     88.827 -0.00881999    -0.02376   0.0437974 -13.8634  90.5132 -617.788  0.151838 -0.155272 0.0889052 -0.770916  0.228245  0.211692 -0.291789 -0.233957  -9.80187 
               108.4  173.196 -68.2464 -119.626 -2918.51  3276.55 -25813.6 -0.0809915   -0.36711     88.827 -0.00881999    -0.02376   0.0437974 -14.4504   89.769 -619.008  0.151838 -0.155272 0.0889052 -0.770916  0.228245  0.211692 -0.291789 -0.233957  -9.80187 
             108.499  170.675 -69.0362 -117.916 -2919.87  3284.81 -25870.8 -0.0809915   -0.36711     88.827 -0.00881999    -0.02376   0.0437974   -15.01   89.072 -620.141  0.151838 -0.155272 0.0889052 -0.770916  0.228245  0.211692 -0.291789 -0.233957  -9.80187 
             108.603  171.153  -70.484 -113.564 -2921.39  3294.51 -25939.8 -0.0812423  -0.366716    88.8277 -0.00880505  -0.0237543   0.0437808 -15.1849  87.7869 -621.227  0.147327 -0.150683  0.089578 -0.77908 0.231077 0.214484 -0.291664 -0.233263  -9.80189 
               108.7  168.003 -71.3183 -111.311 -2922.88  3302.96 -25999.9 -0.0812423  -0.366716    88.8277 -0.00880505  -0.0237543   0.0437808 -15.7259  87.0132 -622.372  0.147327 -0.150683  0.089578 -0.77908 0.231077 0.214484 -0.291664 -0.233263  -9.80189 
               108.8  165.091  -72.006 -109.173 -2924.47  3311.54 -26061.6 -0.0812423  -0.366716    88.8277 -0.00880505  -0.0237543   0.0437808 -16.2937  86.2262 -623.533  0.147327 -0.150683  0.089578 -0.77908 0.231077 0.214484 -0.291664 -0.233263  -9.80189 
               108.9  153.752 -74.2164  -109.85 -2926.82  3320.61   -26124 -0.0786454  -0.368687    88.8284 -0.00879322  -0.0237384   0.0437918 -18.2751  86.4227 -624.553  0.166363 -0.160622 0.0919096 -0.782461  0.225932   0.21518 -0.291663 -0.233378  -9.80188 
                 109  149.487 -74.7655 -106.478 -2926.82  3320.61   -26124 -0.0786454  -0.368687    88.8284 -0.00879322  -0.0237384   0.0437918 -18.2751  86.4227 -624.553  0.166363 -0.160622 0.0919096 -0.782461  0.225932   0.21518 -0.291663 -0.233378  -9.80188 
             109.103  149.501 -74.7824 -106.522 -2930.58  3338.32 -26252.2 -0.0786384  -0.368801    88.8285 -0.00880963  -0.0237503    0.043764 -19.7942  85.0654 -626.822  0.166947 -0.160706 0.0917177 -0.782539  0.226368  0.214853 -0.291634 -0.233456  -9.80188 
               109.2  138.862 -76.0309 -97.7061 -2932.51  3346.45 -26312.4 -0.0786382  -0.368801    88.8285 -0.00880956  -0.0237504   0.0437641 -20.5208  84.4465 -627.831  0.166961 -0.160764 0.0917189 -0.782563   0.22636  0.214858 -0.291635 -0.233456  -9.80188 
               109.3  132.145 -76.4241 -92.6867 -2934.53   3354.6 -26373.2 -0.0786235  -0.368761    88.8284 -0.00880942  -0.0237534   0.0437641 -21.2824  83.8523 -628.832  0.167428 -0.162993 0.0917626 -0.782601  0.226035  0.215001 -0.291638 -0.233483  -9.80188 
               109.4  125.739 -76.5298 -89.7382 -2936.75   3363.1 -26437.1 -0.0785052  -0.368607    88.8283 -0.0088073 -0.0237514  0.0437663 -22.1649  83.3279 -629.842  0.167975 -0.161551 0.0924313 -0.782461  0.225963   0.21486 -0.291637 -0.233481  -9.80188 
             109.502  120.194 -76.5816  -85.109  -2938.9  3371.05 -26497.4 -0.0785052  -0.368607    88.8283 -0.0088073 -0.0237514  0.0437663 -22.9501  82.7784 -630.785  0.167975 -0.161551 0.0924313 -0.782461  0.225963   0.21486 -0.291637 -0.233481  -9.80188 
               109.6  113.662 -76.4695 -79.2912  -2938.9  3371.04 -26497.4 -0.0784777  -0.368441    88.8283 -0.00880488  -0.0237539   0.0437668 -22.9432  82.7695 -630.781   0.16832 -0.163463 0.0937373 -0.783294    0.2257  0.214921 -0.291647 -0.233489  -9.80188 
             109.699  113.727 -76.4724 -79.2346 -2943.67     3388   -26627 -0.0786537  -0.368505    88.8284 -0.00880324  -0.0237504    0.043763 -24.6361  81.6073 -632.782  0.168243 -0.163443 0.0937134 -0.785147  0.225559  0.214834  -0.29172 -0.233421  -9.80188 
               109.8  112.674 -76.8602 -59.2823 -2946.18  3396.17 -26690.8 -0.0783819  -0.368341    88.8283 -0.00881217  -0.0237403   0.0437401 -25.1703  80.6856 -633.759  0.164645 -0.163591 0.0938251 -0.785835  0.226765  0.214832 -0.29167  -0.2334 -9.80188 
               109.9  94.5174 -75.3732 -59.2024 -2948.71  3404.05 -26752.6 -0.0743611  -0.366856    88.8279 -0.00878543  -0.0237612    0.043784 -26.2357  80.3641 -634.538  0.172006 -0.166764   0.10183 -0.791858  0.223763  0.215542 -0.291671 -0.233176  -9.80189 
                 110  89.9368 -74.8397 -55.5297 -2948.71  3404.05 -26752.6 -0.0743611  -0.366856    88.8279 -0.00878543  -0.0237612    0.043784 -26.2357  80.3641 -634.538  0.172006 -0.166764   0.10183 -0.791858  0.223763  0.215542 -0.291671 -0.233176  -9.80189 
             110.101  89.8831 -74.8242  -55.582 -2954.17  3420.36 -26882.3 -0.0740981  -0.366775    88.8278 -0.00877821  -0.0237644   0.0438034 -27.8935  79.1876 -636.303  0.172381 -0.167025  0.101925 -0.794456  0.224638  0.215736 -0.291562 -0.233117  -9.80189 
               110.2  81.1452 -73.4674 -48.8326 -2954.17  3420.36 -26882.3 -0.0740981  -0.366775    88.8278 -0.00877821  -0.0237644   0.0438034 -27.8935  79.1876 -636.303  0.172381 -0.167025  0.101925 -0.794456  0.224638  0.215736 -0.291562 -0.233117  -9.80189 
               110.3  81.1156 -73.4667 -48.8384 -2959.66  3435.73 -27006.3 -0.0739941  -0.366826    88.8278 -0.00877399  -0.0237736   0.0438027 -29.4937  78.0996 -637.916  0.172529 -0.167151  0.101905 -0.79559 0.225649 0.215432 -0.291492 -0.233179  -9.80189 
               110.4   74.007 -71.9653   -43.55 -2959.66  3435.73 -27006.3 -0.0739941  -0.366826    88.8278 -0.00877399  -0.0237736   0.0438027 -29.4937  78.0996 -637.916  0.172529 -0.167151  0.101905 -0.79559 0.225649 0.215432 -0.291492 -0.233179  -9.80189 
               110.5  74.0054 -71.9744 -43.5073 -2959.66  3435.73 -27006.3 -0.0738199   -0.36681    88.8277 -0.00877532  -0.0237756   0.0437947 -29.4834  78.0812 -637.901  0.172521 -0.167245  0.101921 -0.796728  0.226701   0.21537 -0.291387 -0.233209   -9.8019 
             110.603  73.9736 -71.9723 -43.5422 -2968.88  3459.62 -27202.5 -0.0738834  -0.367129    88.8278 -0.00877906  -0.0237783   0.0437913 -32.0358  76.4452 -640.324   0.17246 -0.167114  0.101924  -0.7958 0.228092 0.215115  -0.29131 -0.233375   -9.8019 
             110.699  64.7993 -69.2822 -37.2548    -2972  3466.95 -27264.2 -0.0738834  -0.367129    88.8278 -0.00877906  -0.0237783   0.0437913 -32.8411  75.9763  -641.03   0.17246 -0.167114  0.101924  -0.7958 0.228092 0.215115  -0.29131 -0.233375   -9.8019 
               110.8  41.3605 -49.8859 -29.3516 -2975.19  3474.28 -27325.6 -0.0743156  -0.366983    88.8279 -0.00877062  -0.0237842   0.0438019 -33.5849  75.9325 -640.951  0.175325 -0.169515  0.103916 -0.796955  0.226763  0.215247 -0.291373 -0.233353  -9.80189 
             110.899  38.8713 -49.1581 -30.1409 -2975.19  3474.29 -27325.6 -0.0743653  -0.366993    88.8279 -0.00877009  -0.0237851   0.0438039 -33.6243   76.016 -640.945   0.17576 -0.169414  0.103964 -0.796939  0.226601  0.215234 -0.291383 -0.233351  -9.80189 
             111.002   38.839 -49.1416 -30.2915 -2975.19  3474.28 -27325.6 -0.0743612  -0.367021    88.8279 -0.0087715  -0.023786  0.0438039  -33.628  75.9974 -640.928  0.175784 -0.169411  0.103985 -0.797543   0.22708  0.214881 -0.291383 -0.233396  -9.80189 
             111.104  38.8587 -49.1423 -30.1816 -2985.71  3497.68 -27523.3 -0.0749747  -0.367322    88.8281 -0.00877552  -0.0237996   0.0437951 -35.9993  75.1775 -642.231  0.175773 -0.169413  0.103967 -0.796794   0.22679  0.214772 -0.291445 -0.233415  -9.80189 
             111.199  35.0614  -45.679 -29.7609 -2989.18  3504.85 -27584.7 -0.0749747  -0.367322    88.8281 -0.00877552  -0.0237996   0.0437951 -36.6925  74.9409 -642.572  0.175773 -0.169413  0.103967 -0.796794   0.22679  0.214772 -0.291445 -0.233415  -9.80189 
               111.3    87.97 -45.5186 -113.532 -2992.98  3512.33   -27648 -0.0757815  -0.367128    88.8287 -0.0087747 -0.0237924  0.0437942 -38.4847  75.8723 -644.213  0.176945 -0.161969   0.10794 -0.794405  0.226768  0.214584 -0.291354 -0.233376  -9.80189 
               111.4 -3.68813 -73.9968 -59.7798 -2996.77  3520.26 -27711.7 -0.075751  -0.36833   88.8289 -0.00883859  -0.0237801   0.0437615 -38.5964  78.2192 -643.909  0.185796 -0.162069  0.100364 -0.795562  0.224307  0.214697 -0.291537 -0.233346  -9.80189 
             111.499 -2.70662 -73.1165 -61.9828 -3000.44   3527.7 -27772.8 -0.075751  -0.36833   88.8289 -0.00883859  -0.0237801   0.0437615 -38.9709  78.9635 -644.482  0.185796 -0.162069  0.100364 -0.795562  0.224307  0.214697 -0.291537 -0.233346  -9.80189 
             111.601  13.9667 -74.2293 -24.9514  -3000.7  3527.06 -27773.1 -0.0740392  -0.368172    88.8281 -0.00878671  -0.0237337   0.0436913  -40.898  76.5287 -645.632  0.170138 -0.160833 0.0975743 -0.794175  0.229391   0.21398 -0.291358 -0.233389  -9.80189 
               111.7  13.9278 -74.2255 -25.0208  -3000.7  3527.06 -27773.1 -0.0725202  -0.368406    88.8274 -0.0088024 -0.0237148  0.0437196 -40.8978  76.5298 -645.644  0.170259 -0.160939 0.0975621 -0.794062  0.229698  0.214054 -0.291352 -0.233435  -9.80189 
             111.799  13.9095 -74.2245  -25.079 -3013.12  3550.21 -27968.3 -0.0712931  -0.368263    88.8266 -0.00881253  -0.0237122    0.043727 -43.6542  76.9903 -647.592  0.170301 -0.160963 0.0975613 -0.79419  0.22976 0.214171 -0.291327 -0.233441  -9.80189 
               111.9  13.7478 -71.1193 -28.4382 -3017.79  3558.36 -28036.9 -0.0712931  -0.368263    88.8266 -0.00881253  -0.0237122    0.043727 -44.5849  77.1962 -648.209  0.170301 -0.160963 0.0975613 -0.79419  0.22976 0.214171 -0.291327 -0.233441  -9.80189 
             111.999  13.6269 -70.0387 -29.4908 -3022.11  3565.79 -28099.2 -0.0712931  -0.368263    88.8266 -0.00881253  -0.0237122    0.043727 -45.4188  77.3889  -648.75  0.170301 -0.160963 0.0975613 -0.79419  0.22976 0.214171 -0.291327 -0.233441  -9.80189 
             112.103   31.895 -73.8423   6.3181 -3027.11  3573.65 -28168.6 -0.0729847  -0.362445    88.8332 -0.0092816 -0.0229368  0.0446269   -46.69  74.8768 -649.031  0.159634 -0.156618  0.096142 -0.811213   0.22955  0.210292 -0.291249 -0.232296  -9.80192 
               112.2  30.8663 -72.7226  6.28384 -3027.11  3573.65 -28168.6 -0.0729847  -0.362445    88.8332 -0.0092816 -0.0229368  0.0446269   -46.69  74.8768 -649.031  0.159634 -0.156618  0.096142 -0.811213   0.22955  0.210292 -0.291249 -0.232296  -9.80192 
               112.3   30.814 -72.7137  6.33406 -3036.16  3588.02 -28293.6 -0.0729266  -0.362393    88.8333 -0.00929527  -0.0229029   0.0446773  -48.097  73.7394 -650.249  0.159775 -0.156639 0.0961214 -0.811548  0.230009  0.210246 -0.291281 -0.232341  -9.80192 
             112.399  29.0863 -70.7209  6.18691 -3040.81  3595.07 -28356.1 -0.0729266  -0.362393    88.8333 -0.00929527  -0.0229029   0.0446773 -48.8077  73.2041 -650.829  0.159775 -0.156639 0.0961214 -0.811548  0.230009  0.210246 -0.291281 -0.232341  -9.80192 
             112.505   28.295 -69.7136  6.02222 -3045.85  3602.55 -28422.8 -0.0729266  -0.362393    88.8333 -0.00929527  -0.0229029   0.0446773  -49.566  72.6502 -651.433  0.159775 -0.156639 0.0961214 -0.811548  0.230009  0.210246 -0.291281 -0.232341  -9.80192 
             112.602  27.4749 -68.6431  5.81517 -3051.22  3610.32 -28492.9 -0.0729266  -0.362393    88.8333 -0.00929527  -0.0229029   0.0446773 -50.3638  72.0822 -652.045  0.159775 -0.156639 0.0961214 -0.811548  0.230009  0.210246 -0.291281 -0.232341  -9.80192 
             112.701  26.6562 -67.5222  5.55893 -3056.23  3617.43 -28557.4 -0.0729266  -0.362393    88.8333 -0.00929527  -0.0229029   0.0446773 -51.1003  71.5778 -652.594  0.159775 -0.156639 0.0961214 -0.811548  0.230009  0.210246 -0.291281 -0.232341  -9.80192 
               112.8  25.9197 -66.4892  5.29691 -3061.23  3624.36 -28620.8 -0.0729266  -0.362393    88.8333 -0.00929527  -0.0229029   0.0446773 -51.8247  71.0976 -653.118  0.159775 -0.156639 0.0961214 -0.811548  0.230009  0.210246 -0.291281 -0.232341  -9.80192 
               112.9  27.1421 -70.0538  28.4232 -3065.99   3630.7 -28685.1 -0.0705479  -0.359369     88.834 -0.0092789 -0.0229636  0.0444201 -51.3181  68.6533 -653.833  0.142745 -0.152697 0.0895769 -0.819635  0.237009  0.208017 -0.290912 -0.231783  -9.80195 
             112.999   26.448 -69.0614  28.2287 -3070.93  3637.25 -28747.8 -0.0705479  -0.359369     88.834 -0.0092789 -0.0229636  0.0444201 -51.8073  67.9311 -654.383  0.142745 -0.152697 0.0895769 -0.819635  0.237009  0.208017 -0.290912 -0.231783  -9.80195 
               113.1  27.6846 -68.3333  26.9339  -3076.5  3644.46 -28818.1 -0.0711389  -0.358434    88.8346 -0.00928031  -0.0229742   0.0443039 -52.3101  67.0618 -654.965  0.139111 -0.149381 0.0922214 -0.820295  0.239563  0.206934 -0.290756 -0.231795  -9.80195 
             113.199  26.9735 -67.2614  26.7006 -3081.77  3651.16 -28883.8 -0.0711389  -0.358434    88.8346 -0.00928031  -0.0229742   0.0443039 -52.8205  66.3179 -655.518  0.139111 -0.149381 0.0922214 -0.820295  0.239563  0.206934 -0.290756 -0.231795  -9.80195 
               113.3  26.3102 -66.2626  26.4717 -3086.76  3657.36 -28945.4 -0.0711389  -0.358434    88.8346 -0.00928031  -0.0229742   0.0443039 -53.3069  65.6348 -656.022  0.139111 -0.149381 0.0922214 -0.820295  0.239563  0.206934 -0.290756 -0.231795  -9.80195 
               113.4  25.7595 -65.2899  26.0353 -3086.76  3657.36 -28945.4 -0.0712357  -0.358397    88.8347 -0.00927721  -0.0229788   0.0443043 -53.3155  65.6423 -656.019  0.139689 -0.149407 0.0926375 -0.820362  0.239329  0.206876 -0.290772 -0.231792  -9.80195 
             113.499  25.7963 -65.2977  26.0288  -3097.6  3670.67 -29078.6 -0.0713434  -0.358139    88.8347 -0.00927469  -0.0229778   0.0443223 -54.3916   64.191 -657.107  0.139272 -0.149234 0.0926029 -0.820849   0.23905  0.206954 -0.290772 -0.231708  -9.80195 
             113.603  23.2385 -62.3458  16.5074 -3103.39  3677.44 -29148.2 -0.0715649  -0.358018    88.8348 -0.00926478  -0.0229843   0.0443216 -55.0726  63.5807 -657.606  0.140617 -0.149173 0.0931413 -0.821394  0.238563   0.20676  -0.29079 -0.231671  -9.80195 
               113.7  22.6316 -61.2993  16.1368 -3108.79  3683.61 -29212.3 -0.0715649  -0.358018    88.8348 -0.00926478  -0.0229843   0.0443216 -55.6891  63.0265 -658.055  0.140617 -0.149173 0.0931413 -0.821394  0.238563   0.20676  -0.29079 -0.231671  -9.80195 
               113.8  21.8013 -60.6269  16.5351 -3114.16  3689.64 -29275.5 -0.0705165  -0.357574    88.8348 -0.0092649 -0.0229853  0.0443256 -56.2865  62.4785 -658.493  0.140976 -0.148307 0.0917021 -0.821115  0.238298  0.206741 -0.290812 -0.231671  -9.80195 
               113.9  21.3425 -59.6967   16.136 -3119.66  3695.68 -29339.5 -0.0705847  -0.357601    88.8348 -0.0092652  -0.022985  0.0443249 -56.8954  61.9423 -658.919   0.14087 -0.148214  0.091859 -0.821065  0.238358  0.206731 -0.290808 -0.231674  -9.80195 
             114.002  21.1006 -58.5805   15.575  -3125.4  3701.87 -29405.7 -0.0709222  -0.357423    88.8349 -0.00926672  -0.0229837   0.0443211 -57.5208  61.4033 -659.345  0.140371 -0.148793 0.0928337 -0.821208  0.238533  0.206764 -0.290789  -0.23168  -9.80195 
             114.101 20.5392 -57.594 15.1956 -3131.54  3708.36 -29475.7 -0.0709222  -0.357423    88.8349 -0.00926672  -0.0229837   0.0443211 -58.1817  60.8493 -659.781  0.140371 -0.148793 0.0928337 -0.821208  0.238533  0.206764 -0.290789  -0.23168  -9.80195 
               114.2  19.9424 -56.5561  14.7958 -3137.37   3714.4 -29541.5 -0.0709222  -0.357423    88.8349 -0.00926672  -0.0229837   0.0443211 -58.8032  60.3462 -660.175  0.140371 -0.148793 0.0928337 -0.821208  0.238533  0.206764 -0.290789  -0.23168  -9.80195 
               114.3  19.3947 -55.5805  14.4036 -3143.04  3720.17 -29604.8 -0.0709222  -0.357423    88.8349 -0.00926672  -0.0229837   0.0443211 -59.3976  59.8706  -660.54  0.140371 -0.148793 0.0928337 -0.821208  0.238533  0.206764 -0.290789  -0.23168  -9.80195 
               114.4  18.8685 -54.6494  14.0138 -3143.04  3720.17 -29604.8 -0.0709222  -0.357423    88.8349 -0.00926672  -0.0229837   0.0443211 -59.3976  59.8706  -660.54  0.140371 -0.148793 0.0928337 -0.821208  0.238533  0.206764 -0.290789  -0.23168  -9.80195 
               114.5 18.8418 -54.608 13.6247 -3154.68  3731.79 -29733.6 -0.0708422  -0.357208    88.8349 -0.00925493  -0.0229955   0.0443228 -60.6258  58.9696 -661.257  0.141201 -0.148722 0.0935503 -0.821987  0.239476  0.207005 -0.290595 -0.231626  -9.80196 
             114.601  11.4598 -49.2839  16.6979 -3161.32  3738.19 -29805.6 -0.0708989  -0.357228    88.8349 -0.0092512 -0.0229998  0.0443291 -61.2607  58.5993 -661.523  0.142101 -0.149559 0.0933118 -0.822354  0.239102  0.207008 -0.290621 -0.231616  -9.80196 
               114.7  10.9391 -48.2619  16.1005 -3167.52  3744.08 -29872.3 -0.0708989  -0.357228    88.8349 -0.0092512 -0.0229998  0.0443291 -61.8578  58.2362 -661.799  0.142101 -0.149559 0.0933118 -0.822354  0.239102  0.207008 -0.290621 -0.231616  -9.80196 
               114.8  10.4637 -47.3194  15.5475 -3173.36  3749.54 -29934.6 -0.0708989  -0.357228    88.8349 -0.0092512 -0.0229998  0.0443291 -62.4114  57.9099 -662.044  0.142101 -0.149559 0.0933118 -0.822354  0.239102  0.207008 -0.290621 -0.231616  -9.80196 
               114.9  5.98266 -48.9977   9.7446 -3179.97  3755.64 -30003.3 -0.0713488  -0.357298    88.8349 -0.00923786  -0.0230099   0.0443656  -63.413  58.0618 -662.393   0.14744 -0.148202 0.0953756 -0.822232  0.237071  0.206542 -0.290765 -0.231597  -9.80195 
                 115  5.57622 -48.0725  9.01636 -3186.29   3761.4   -30069 -0.0713488  -0.357298    88.8349 -0.00923786  -0.0230099   0.0443656 -64.0583  57.8532 -662.652   0.14744 -0.148202 0.0953756 -0.822232  0.237071  0.206542 -0.290765 -0.231597  -9.80195 
             115.103 5.17524 -47.189 8.32848 -3193.12  3767.52 -30139.3 -0.0713488  -0.357298    88.8349 -0.00923786  -0.0230099   0.0443656 -64.7376  57.6541 -662.922   0.14744 -0.148202 0.0953756 -0.822232  0.237071  0.206542 -0.290765 -0.231597  -9.80195 
               115.2  4.73496 -46.2494  7.59627 -3199.37  3773.06 -30203.1 -0.0713488  -0.357298    88.8349 -0.00923786  -0.0230099   0.0443656 -65.3464  57.4883 -663.158   0.14744 -0.148202 0.0953756 -0.822232  0.237071  0.206542 -0.290765 -0.231597  -9.80195 
               115.3  4.25376 -45.5189   6.8851 -3205.49  3778.41 -30264.8 -0.0713445  -0.357279    88.8349 -0.00923731  -0.0230098   0.0443662 -65.9437  57.3598 -663.386  0.147543    -0.148 0.0955077 -0.822173  0.236983  0.206526  -0.29077 -0.231593  -9.80195 
             115.404  3.41677 -43.7545  8.57725 -3212.83  3784.68 -30338.6 -0.0699398  -0.359081    88.8341 -0.00924259  -0.0230125   0.0443745 -66.5605  57.0122 -663.635  0.147134 -0.152733 0.0926045 -0.824826  0.239367  0.205969 -0.290655 -0.231747  -9.80195 
               115.5  2.90293 -42.7572  7.84209 -3218.72   3789.7 -30397.2 -0.0699398  -0.359081    88.8341 -0.00924259  -0.0230125   0.0443745 -67.0838  56.8923 -663.818  0.147134 -0.152733 0.0926045 -0.824826  0.239367  0.205969 -0.290655 -0.231747  -9.80195 
               115.6   2.4894 -41.9677  7.26155 -3218.72   3789.7 -30397.2 -0.0699398  -0.359081    88.8341 -0.00924259  -0.0230125   0.0443745 -67.0838  56.8923 -663.818  0.147134 -0.152733 0.0926045 -0.824826  0.239367  0.205969 -0.290655 -0.231747  -9.80195 
               115.7  2.49878 -41.9674  7.26657 -3218.72  3789.71 -30397.2 -0.0698935  -0.359031    88.8341 -0.00924214  -0.0230155   0.0443735 -67.0808   56.892 -663.818   0.14711 -0.152707 0.0925881 -0.824978  0.239377  0.206218 -0.290615 -0.231712  -9.80196 
               115.8  2.50578 -41.9668  7.29429 -3218.72  3789.71 -30397.2 -0.0701338    -0.3592    88.8341 -0.00924243  -0.0230137   0.0443733 -67.0825  56.8908 -663.818  0.146988 -0.152734 0.0925297 -0.824948  0.239325  0.206032 -0.290644 -0.231717  -9.80195 
             115.899  2.50706 -41.9626  7.28295 -3245.97  3812.61   -30665 -0.0702116  -0.359278    88.8342 -0.00924255  -0.0230113   0.0443742 -69.4624  56.4354 -664.634  0.146978 -0.152755  0.092545 -0.824942    0.2393  0.205782 -0.290674 -0.231733  -9.80195 
                 116 0.363988 -38.4071  4.57435 -3253.27  3818.51 -30734.5 -0.0702116  -0.359278    88.8342 -0.00924254  -0.0230113   0.0443742 -70.0276  56.3742 -664.805  0.146978 -0.152756 0.0925444 -0.824942  0.239299  0.205782 -0.290674 -0.231733  -9.80195 
             116.101 -0.152727  -37.4949   3.86476  -3260.2  3824.07 -30800.1 -0.0702116  -0.359278    88.8342 -0.00924254  -0.0230113   0.0443742 -70.5514  56.3344  -664.96  0.146978 -0.152756 0.0925444 -0.824942  0.239299  0.205782 -0.290674 -0.231733  -9.80195 
               116.2 -2.88761 -34.8467 -14.2265 -3266.95  3829.59 -30863.6 -0.0706487  -0.358997    88.8343 -0.00923892  -0.0230149   0.0443827 -70.9354  57.0296  -665.03  0.148524 -0.153082 0.0939715 -0.825177   0.23818  0.205824 -0.290728  -0.23167  -9.80195 
             116.306 -3.44342 -33.8814  -15.022 -3274.45  3835.61 -30933.7 -0.0710818  -0.358418    88.8344 -0.00923923  -0.0230162   0.0443833 -71.3951  57.2044  -665.16  0.148658 -0.153701 0.0938168 -0.825355  0.237992  0.205852 -0.290733 -0.231657  -9.80195 
               116.4 -4.00102 -32.9993 -15.7712 -3281.56   3841.3 -30999.7 -0.0710818  -0.358418    88.8344 -0.00923923  -0.0230162   0.0443833 -71.8148  57.3778 -665.283  0.148658 -0.153701 0.0938168 -0.825355  0.237992  0.205852 -0.290733 -0.231657  -9.80195 
               116.5 -4.52965 -32.1757 -16.4859 -3288.73  3847.02   -31066 -0.0710818  -0.358418    88.8344 -0.00923923  -0.0230162   0.0443833 -72.2186  57.5623 -665.401  0.148658 -0.153701 0.0938168 -0.825355  0.237992  0.205852 -0.290733 -0.231657  -9.80195 
             116.601  -5.0428 -31.3507 -17.1839 -3296.21  3852.98 -31134.8 -0.0710696  -0.358423    88.8344 -0.00923945  -0.0230161   0.0443829 -72.6204  57.7578 -665.517   0.14859 -0.153721 0.0938567 -0.825362  0.238028  0.205854  -0.29073 -0.231658  -9.80195 
               116.7 -5.61482 -30.4969 -17.9246 -3303.31  3858.62 -31199.7 -0.0710692  -0.358422    88.8344 -0.00923941  -0.0230162   0.0443829 -72.9806  57.9492 -665.619  0.148597 -0.153744 0.0938482 -0.82537 0.238025 0.205858  -0.29073 -0.231658  -9.80195 
               116.8 -6.14612 -29.7195 -18.6239 -3310.16  3864.05   -31262 -0.0710756  -0.358417    88.8344 -0.0092395 -0.0230161  0.0443828 -73.3127   58.141 -665.715  0.148582 -0.153695  0.093861 -0.825337   0.23803  0.205859 -0.290731 -0.231659  -9.80195 
             116.903 -6.67849 -28.9651 -19.3022 -3318.32  3870.52 -31335.9 -0.0710756  -0.358417    88.8344 -0.0092395 -0.0230161  0.0443828 -73.6866  58.3807 -665.822  0.148582 -0.153695  0.093861 -0.825337   0.23803  0.205859 -0.290731 -0.231659  -9.80195 
                 117 -7.31569 -28.0786 -20.1113  -3325.4  3876.13 -31399.7 -0.0710756  -0.358417    88.8344 -0.0092395 -0.0230161  0.0443828 -73.9877  58.5929 -665.913  0.148582 -0.153695  0.093861 -0.825337   0.23803  0.205859 -0.290731 -0.231659  -9.80195 
               117.1 -7.93061 -27.2661 -21.6469 -3332.63  3881.93 -31464.9 -0.0710388  -0.358431    88.8344 -0.00923989  -0.0230161   0.0443814 -74.2374  58.9003 -665.998  0.148347 -0.153954 0.0944375 -0.825401  0.238132  0.205897 -0.290723 -0.231666  -9.80195 
               117.2 -8.50386 -26.4923 -22.3739 -3332.63  3881.93 -31464.9 -0.0710388  -0.358431    88.8344 -0.00923989  -0.0230161   0.0443814 -74.2374  58.9003 -665.998  0.148347 -0.153954 0.0944375 -0.825401  0.238132  0.205897 -0.290723 -0.231666  -9.80195 
               117.3 -8.50383 -26.4937 -22.3972 -3347.12  3893.43 -31594.7 -0.0710415  -0.358436    88.8344 -0.00923976  -0.0230163   0.0443814 -74.7853  59.3946 -666.179  0.148345 -0.153954 0.0944703 -0.825396  0.238162  0.205915 -0.290721  -0.23167  -9.80195 
               117.4 -9.74305 -24.9846 -23.8668 -3347.12  3893.43 -31594.7 -0.0710415  -0.358436    88.8344 -0.00923976  -0.0230163   0.0443814 -74.7853  59.3946 -666.179  0.148345 -0.153954 0.0944703 -0.825396  0.238162  0.205915 -0.290721  -0.23167  -9.80195 
               117.5  -9.7551 -24.9766 -23.9444 -3362.57   3905.7 -31732.1 -0.0710221  -0.358355    88.8343 -0.00923574  -0.0230118   0.0443807 -75.2866  59.9525  -666.36   0.14828 -0.153938 0.0943878 -0.825324  0.237961  0.205491 -0.290728 -0.231614  -9.80195 
             117.601 -13.9409 -24.3988 -37.2263 -3370.18  3911.79 -31799.5 -0.0711992  -0.358062    88.8344 -0.00923071  -0.0230138   0.0443884 -75.3534  60.3458 -666.453  0.149516 -0.154212 0.0958799 -0.826179  0.237058  0.205075 -0.290716   -0.2315  -9.80196 
               117.7 -14.5382  -23.678 -38.0554 -3377.12  3917.36 -31860.8 -0.0711992  -0.358062    88.8344 -0.00923071  -0.0230138   0.0443884 -75.4362  60.6651 -666.536  0.149516 -0.154212 0.0958799 -0.826179  0.237058  0.205075 -0.290716   -0.2315  -9.80196 
             117.808 -15.0849 -23.0274 -38.8187 -3385.42  3924.05 -31934.1 -0.0711992  -0.358062    88.8344 -0.00923071  -0.0230138   0.0443884 -75.5149  61.0452 -666.634  0.149516 -0.154212 0.0958799 -0.826179  0.237058  0.205075 -0.290716   -0.2315  -9.80196 
               117.9 -15.7563 -22.2593 -39.7306 -3392.28  3929.61 -31994.7 -0.0711992  -0.358062    88.8344 -0.00923071  -0.0230138   0.0443884 -75.5573  61.3582 -666.715  0.149516 -0.154212 0.0958799 -0.826179  0.237058  0.205075 -0.290716   -0.2315  -9.80196 
             118.003 -16.3139 -21.6337 -40.4834 -3400.59  3936.38   -32068 -0.0711992  -0.358062    88.8344 -0.00923071  -0.0230138   0.0443884 -75.5888  61.7402 -666.814  0.149516 -0.154212 0.0958799 -0.826179  0.237058  0.205075 -0.290716   -0.2315  -9.80196 
               118.1 -17.0034  -20.886 -41.4021 -3407.87  3942.34 -32132.2 -0.0711992  -0.358062    88.8344 -0.00923071  -0.0230138   0.0443884 -75.5918  62.0788 -666.899  0.149516 -0.154212 0.0958799 -0.826179  0.237058  0.205075 -0.290716   -0.2315  -9.80196 
               118.2 -16.9187 -20.3619 -42.8944 -3415.45  3948.57 -32199.1 -0.0708557  -0.357877    88.8343 -0.00923507  -0.0230094   0.0443781 -75.5954  62.3976 -666.975  0.147432 -0.154348 0.0974325 -0.826346  0.238173  0.204973 -0.290642 -0.231527  -9.80196 
               118.3 -17.5438 -19.6873 -43.7418 -3422.42  3954.34 -32260.6 -0.0708557  -0.357877    88.8343 -0.00923507  -0.0230094   0.0443781 -75.5693  62.7085 -667.058  0.147432 -0.154348 0.0974325 -0.826346  0.238173  0.204973 -0.290642 -0.231527  -9.80196 
             118.403 -18.1321 -19.0793 -44.5269  -3430.9  3961.39 -32335.4 -0.0708557  -0.357877    88.8343 -0.00923507  -0.0230094   0.0443781 -75.5155  63.0884 -667.158  0.147432 -0.154348 0.0974325 -0.826346  0.238173  0.204973 -0.290642 -0.231527  -9.80196 
               118.5 -18.8537 -18.3466 -45.4911 -3438.19   3967.5 -32399.8 -0.0708557  -0.357877    88.8343 -0.00923507  -0.0230094   0.0443781 -75.4477  63.4093 -667.247  0.147432 -0.154348 0.0974325 -0.826346  0.238173  0.204973 -0.290642 -0.231527  -9.80196 
               118.6 -19.2477 -18.1583 -46.7371 -3445.38  3973.57 -32463.5 -0.0711224  -0.357722    88.8344 -0.00923786  -0.0230071   0.0443709 -75.3714  63.7367 -667.347  0.146855 -0.153349 0.0986909 -0.825264  0.238013  0.205469 -0.290673 -0.231559  -9.80196 
               118.7 -19.6088 -18.1497 -47.5166 -3445.37  3973.56 -32463.4 -0.0707358   -0.35673    88.8342 -0.00923164  -0.0229955   0.0443977 -75.3812  63.7261 -667.236   0.14593 -0.151949 0.0993565 -0.829568  0.240437  0.200095 -0.290334 -0.231102  -9.80198 
             118.801 -19.6176 -18.1493 -47.5822 -3445.37  3973.56 -32463.4 -0.0707788   -0.35669    88.8342 -0.00923078  -0.0229955   0.0443994 -75.3794  63.7253 -667.233  0.145997 -0.152011 0.0995082 -0.829648  0.240588  0.199887 -0.290347 -0.231086  -9.80198 
               118.9 -19.6265 -18.1509 -47.6571 -3468.07  3992.78 -32664.4 -0.0706864  -0.356138    88.8342 -0.00922995  -0.0229949   0.0444006 -75.0796   64.732 -667.499  0.146052 -0.152077 0.0996501 -0.829885  0.240587  0.199803  -0.29034 -0.231078  -9.80198 
                 119 -21.5741 -16.2905 -50.3119 -3468.07  3992.78 -32664.4 -0.0706864  -0.356138    88.8342 -0.00922995  -0.0229949   0.0444006 -75.0796   64.732 -667.499  0.146052 -0.152077 0.0996501 -0.829885  0.240587  0.199803  -0.29034 -0.231078  -9.80198 
             119.101 -21.5958 -16.2949 -50.4484 -3468.07  3992.78 -32664.4 -0.0706731  -0.356016    88.8342 -0.00924297  -0.0229927   0.0444192 -75.0859  64.7241 -667.482  0.145939 -0.152171 0.0997509 -0.830938  0.242637  0.198239 -0.290368 -0.230993  -9.80198 
               119.2 -21.5787 -16.2857 -50.3132 -3468.07  3992.77 -32664.4 -0.0747595  -0.360736    88.8346 -0.00925232  -0.0229882   0.0444225 -75.0921  64.7229 -667.478  0.145924 -0.152186 0.0998134 -0.830239   0.24414  0.197702 -0.290451 -0.230982  -9.80198 
               119.3   -21.58 -16.2808 -50.2941 -3468.08  3992.78 -32664.4 -0.0770968   -0.36581    88.8348 -0.0092528 -0.0229687  0.0444251 -75.0991  64.7319 -667.474  0.146022 -0.152136 0.0999026 -0.828882  0.244829  0.196637 -0.290481 -0.230808  -9.80198 
             119.402 -21.5818 -16.2764 -50.2549 -3506.04  4025.61 -33002.2 -0.0789802  -0.374204    88.8349 -0.00925291  -0.0229627   0.0444213 -74.3385  66.4425 -668.002  0.146087 -0.152096 0.0999352 -0.827757  0.245866  0.197049 -0.290553 -0.230866  -9.80198 
               119.5  -25.324  -13.392 -54.8328 -3512.44  4031.34 -33059.7 -0.0789802  -0.374204    88.8349 -0.00925291  -0.0229627   0.0444213 -74.1155  66.7019 -668.104  0.146087 -0.152096 0.0999352 -0.827757  0.245866  0.197049 -0.290553 -0.230866  -9.80198 
             123.282 -26.3952 -12.8572 -57.0268 -3791.19  4286.62 -35595.4 -0.0789874  -0.374196    88.8349 -0.00925282  -0.0229627   0.0444215 -62.4753  77.0048 -673.244  0.146129 -0.152122 0.0999908 -0.827771   0.24583  0.197047 -0.290553 -0.230863  -9.80198 
             123.282 -57.5776 -2.57683 -94.7921 -3791.19  4286.62 -35595.4 -0.0789874  -0.374196    88.8349 -0.00925282  -0.0229627   0.0444215 -62.4753  77.0048 -673.244  0.146129 -0.152122 0.0999908 -0.827771   0.24583  0.197047 -0.290553 -0.230863  -9.80198 
             123.283 -57.8392 -2.96604 -98.6676 -3791.17  4286.61 -35595.4 -0.0789821  -0.374194    88.8349 -0.00925276  -0.0229627   0.0444215 -62.4472  76.9468 -673.252  0.146139 -0.152142  0.100014 -0.827799  0.245803   0.19703 -0.290548 -0.230862  -9.80198 
             123.302 -57.8332 -2.96298 -98.9489 -3792.22  4287.99 -35607.1 -0.0786291  -0.374555    88.8351 -0.00925185  -0.0229635   0.0444219  -62.259  76.9247 -673.348  0.146153 -0.152143  0.100018 -0.827829  0.245781  0.196995 -0.290536 -0.230856  -9.80198 
             123.402 -57.9818 -2.96811  -99.132 -3798.55  4295.84   -35676 -0.0786291  -0.374555    88.8351 -0.00925185  -0.0229635   0.0444219 -61.4752  76.6893 -673.836  0.146153 -0.152143  0.100018 -0.827829  0.245781  0.196995 -0.290536 -0.230856  -9.80198 
               123.5   -61.61 -5.36193 -99.0664 -3807.56   4301.9 -35738.3 -0.0711485  -0.386784    88.8384 -0.00921751  -0.0229947   0.0444557 -64.9652  75.0444 -663.677  0.194866 -0.106524  0.149687 -0.83115 0.250911 0.193695 -0.290415 -0.230786  -9.80198 
               123.6 -62.6735 -5.82416 -99.9641 -3813.64  4308.95 -35800.8 -0.0711443  -0.386775    88.8384 -0.00921752  -0.0229947   0.0444558 -64.211 74.8269 -664.18  0.194951 -0.106336  0.149619 -0.831149  0.250908  0.193695 -0.290415 -0.230786  -9.80198 
             123.703  -63.703 -6.29409 -100.835  -3820.7  4317.22 -35874.4 -0.0711443  -0.386775    88.8384 -0.00921752  -0.0229947   0.0444558 -63.3103  74.5591   -664.8  0.194951 -0.106336  0.149619 -0.831149  0.250908  0.193695 -0.290415 -0.230786  -9.80198 
               123.8 -64.9012 -6.86106 -101.858 -3826.28  4323.82 -35933.3 -0.0711443  -0.386775    88.8384 -0.00921752  -0.0229947   0.0444558 -62.587 74.3309 -665.31  0.194951 -0.106336  0.149619 -0.831149  0.250908  0.193695 -0.290415 -0.230786  -9.80198 
               123.9 -65.7673 -9.93239 -113.626 -3830.51  4331.62 -36003.6 -0.0710895  -0.387494    88.8383 -0.00918213  -0.0229954   0.0444838 -57.2243  73.7205  -666.32  0.225799 -0.340286  0.329257 -0.833929  0.249089  0.190622 -0.290506 -0.230183  -9.80199 
                 124 -66.7219 -10.9262 -116.341 -3830.51  4331.62 -36003.6 -0.0710895  -0.387494    88.8383 -0.00918213  -0.0229954   0.0444838 -57.2243  73.7205  -666.32  0.225799 -0.340286  0.329257 -0.833929  0.249089  0.190622 -0.290506 -0.230183  -9.80199 
             124.099 -66.7249 -10.9274 -116.315 -3841.59  4345.96 -36133.7 -0.0710977  -0.387478    88.8383 -0.00918212  -0.0229953   0.0444839 -55.7569  72.8343   -667.5  0.225772 -0.339772  0.329054 -0.833932  0.249144  0.190588 -0.290505 -0.230183  -9.80199 
               124.2 -68.4214 -12.8945 -121.327 -3847.37  4353.54 -36203.4 -0.0710977  -0.387478    88.8383 -0.00918212  -0.0229953   0.0444839 -55.0072  72.2894 -668.151  0.225772 -0.339772  0.329054 -0.833932  0.249144  0.190588 -0.290505 -0.230183  -9.80199 
               124.3 -69.2214 -14.0013 -124.003 -3847.37  4353.54 -36203.4 -0.0710977  -0.387478    88.8383 -0.00918212  -0.0229953   0.0444839 -55.0072  72.2894 -668.151  0.225772 -0.339772  0.329054 -0.833932  0.249144  0.190588 -0.290505 -0.230183  -9.80199 
             124.401 -69.2254 -14.0135 -123.995 -3858.48  4368.15 -36339.1 -0.0714052  -0.387579    88.8383 -0.0091742 -0.0229966  0.0444822 -53.6082   71.164 -669.463  0.225871 -0.339119  0.328913 -0.834123  0.247324  0.194205 -0.290628 -0.230203  -9.80199 
               124.5 -71.8573 -15.8956 -129.095 -3863.82  4375.25 -36406.3 -0.0713841  -0.387601    88.8383 -0.00917404  -0.0229967   0.0444824 -52.9477  70.5331 -670.145  0.226545 -0.339162  0.328649 -0.834117  0.247216  0.194243 -0.290629 -0.230204  -9.80199 
               124.6 -72.5129 -17.1031  -131.62 -3868.53  4381.53 -36466.2 -0.0713841  -0.387601    88.8383 -0.00917404  -0.0229967   0.0444824 -52.3747  69.9518 -670.754  0.226545 -0.339162  0.328649 -0.834117  0.247216  0.194243 -0.290629 -0.230204  -9.80199 
             124.704 -73.0573  -18.198 -133.879 -3874.1 4388.97  -36538 -0.0713841  -0.387601    88.8383 -0.00917404  -0.0229967   0.0444824 -51.7154  69.2234 -671.493  0.226545 -0.339162  0.328649 -0.834117  0.247216  0.194243 -0.290629 -0.230204  -9.80199 
             124.803 -73.6465 -19.5337 -136.584 -3874.1 4388.97  -36538 -0.0713841  -0.387601    88.8383 -0.00917404  -0.0229967   0.0444824 -51.7154  69.2234 -671.493  0.226545 -0.339162  0.328649 -0.834117  0.247216  0.194243 -0.290629 -0.230204  -9.80199 
               124.9 -73.6454 -19.5268 -136.513 -3874.1 4388.97  -36538 -0.0713711  -0.387553    88.8384 -0.00917411  -0.0229969   0.0444825 -51.7131  69.2283  -671.49    0.2266 -0.339064  0.328581 -0.834087  0.247844  0.194231 -0.290628 -0.230186  -9.80199 
                 125 -73.6459 -19.5258 -136.496 -3889.63  4409.77 -36741.3 -0.0714706   -0.38724    88.8387 -0.00917452  -0.0229988   0.0444801 -49.9284  67.0847 -673.639  0.226411 -0.338785  0.328587 -0.834848  0.246451  0.195771 -0.290699 -0.230211  -9.80199 
               125.1 -75.1056 -23.4552 -144.214 -3894.24  4415.96 -36803.9 -0.0714706   -0.38724    88.8387 -0.00917452  -0.0229988   0.0444801 -49.4574  66.3573 -674.307  0.226411 -0.338785  0.328587 -0.834848  0.246451  0.195771 -0.290699 -0.230211  -9.80199 
             125.203 -75.4002 -24.6905 -146.606  -3899.7  4423.28 -36878.8 -0.0714706   -0.38724    88.8387 -0.00917452  -0.0229988   0.0444801 -48.9325  65.4622 -675.111  0.226411 -0.338785  0.328587 -0.834848  0.246451  0.195771 -0.290699 -0.230211  -9.80199 
               125.3 -75.6834 -26.1802 -149.483 -3904.45  4429.63 -36944.7 -0.0714706   -0.38724    88.8387 -0.00917452  -0.0229988   0.0444801 -48.5032  64.6557 -675.823  0.226411 -0.338785  0.328587 -0.834848  0.246451  0.195771 -0.290699 -0.230211  -9.80199 
             125.399 -75.8005 -27.4911 -152.067 -3909.11  4435.82 -37009.8 -0.0714716  -0.387241    88.8387 -0.00917453  -0.0229988   0.0444801 -48.1101  63.8421 -676.523  0.226372 -0.338809  0.328591 -0.834849  0.246458  0.195773 -0.290699 -0.230211  -9.80199 
               125.5 -75.7023 -28.3199 -146.192 -3913.78  4442.37 -37078.4 -0.0712271  -0.386912    88.8388 -0.00917098  -0.0230009   0.0444781 -47.0668  63.3852 -677.194  0.221764 -0.333138  0.325816 -0.834363  0.250245  0.193051 -0.290564 -0.230169  -9.80199 
             125.602 -75.7719 -29.6835 -148.864 -3918.28  4448.43 -37143.5 -0.0712271  -0.386912    88.8388 -0.00917098  -0.0230009   0.0444781 -46.6216  62.6049 -677.893  0.221764 -0.333138  0.325816 -0.834363  0.250245  0.193051 -0.290564 -0.230169  -9.80199 
               125.7 -75.7826 -30.9715 -151.416 -3923.06  4454.84 -37213.4 -0.0712204  -0.386917    88.8388 -0.00917095  -0.0230009   0.0444781 -46.1765  61.7478 -678.645 0.221894 -0.33306 0.325778 -0.834358  0.250231  0.193047 -0.290564  -0.23017  -9.80199 
               125.8 -75.7012 -32.3493 -154.201 -3927.72  4461.06 -37282.3 -0.0712204  -0.386917    88.8388 -0.00917095  -0.0230009   0.0444781 -45.7736  60.8821  -679.39 0.221894 -0.33306 0.325778 -0.834358  0.250231  0.193047 -0.290564  -0.23017  -9.80199 
             125.901 -75.5438 -33.7086 -156.989 -3932.37  4467.21 -37351.5 -0.0712204  -0.386917    88.8388 -0.00917095  -0.0230009   0.0444781 -45.4028  59.9987 -680.131 0.221894 -0.33306 0.325778 -0.834358  0.250231  0.193047 -0.290564  -0.23017  -9.80199 
                 126    -75.3 -35.0628 -159.845 -3936.79  4473.03 -37417.9 -0.0712204  -0.386917    88.8388 -0.00917095  -0.0230009   0.0444781 -45.0819  59.1362 -680.842 0.221894 -0.33306 0.325778 -0.834358  0.250231  0.193047 -0.290564  -0.23017  -9.80199 
               126.1 -74.9862 -36.3528 -162.634    -3941  4478.54 -37481.8 -0.0712204  -0.386917    88.8388 -0.00917095  -0.0230009   0.0444781 -44.8058  58.2963  -681.52 0.221894 -0.33306 0.325778 -0.834358  0.250231  0.193047 -0.290564  -0.23017  -9.80199 
             126.203 -74.6135  -37.577 -165.362 -3945.96  4484.96 -37557.6 -0.0712204  -0.386917    88.8388 -0.00917095  -0.0230009   0.0444781 -44.5184  57.2884 -682.319 0.221894 -0.33306 0.325778 -0.834358  0.250231  0.193047 -0.290564  -0.23017  -9.80199 
               126.3 -74.0538  -39.003 -168.667 -3950.27  4490.48 -37623.8 -0.0712204  -0.386917    88.8388 -0.00917095  -0.0230009   0.0444781 -44.3041  56.3999 -683.009 0.221894 -0.33306 0.325778 -0.834358  0.250231  0.193047 -0.290564  -0.23017  -9.80199 
               126.4 -73.6686 -39.4523 -167.475 -3954.14  4496.26 -37690.9 -0.0712764  -0.387475    88.8388 -0.00917377  -0.0230005   0.0444752 -43.4151  55.8407 -683.704  0.213046 -0.329623  0.320387 -0.835446  0.251395  0.193654 -0.290609 -0.230167  -9.80199 
             126.499 -76.4727 -44.0079 -178.594 -3960.35  4500.63 -37759.3 -0.0725279  -0.392369    88.8342 -0.00916653  -0.0230006   0.0444931 -45.5567  53.6829 -684.278  0.248301 -0.296131  0.331293 -0.859826   0.25988  0.179357 -0.290928 -0.230367  -9.80198 
               126.6 -75.8889 -45.4539  178.474 -3964.49  4505.48 -37821.6 -0.0725279  -0.392369    88.8342 -0.00916653  -0.0230006   0.0444931 -45.5353  52.8096 -684.956  0.248301 -0.296131  0.331293 -0.859826   0.25988  0.179357 -0.290928 -0.230367  -9.80198 
             126.703  -75.252 -46.7447  175.704 -3969.7 4511.46  -37900 -0.0725279  -0.392369    88.8342 -0.00916653  -0.0230006   0.0444931 -45.5493  51.7147 -685.801  0.248301 -0.296131  0.331293 -0.859826   0.25988  0.179357 -0.290928 -0.230367  -9.80198 
             126.799 -74.2908 -48.3335  172.093 -3974.06  4516.37 -37965.7 -0.0725279  -0.392369    88.8342 -0.00916653  -0.0230006   0.0444931 -45.5978  50.8001 -686.502  0.248301 -0.296131  0.331293 -0.859826   0.25988  0.179357 -0.290928 -0.230367  -9.80198 
               126.9 -72.7815 -50.1095  166.513 -3978.93  4521.01 -38032.2 -0.0724991  -0.392297    88.8342 -0.00916593  -0.0229999   0.0444935 -46.1672  49.7018 -687.181  0.252143 -0.297031  0.334608 -0.860927  0.258216  0.178571 -0.290965  -0.23043  -9.80198 
                 127 -71.6469 -51.3726  163.165 -3983.62  4526.02 -38102.1 -0.0724813  -0.392311    88.8342 -0.0091657 -0.0229998  0.0444936 -46.3067  48.7452 -687.897  0.252177 -0.297145  0.334614 -0.860889  0.258329  0.178353 -0.290956 -0.230433  -9.80198 
             127.102 -70.2953 -52.6585  159.492 -3983.62  4526.02 -38102.1 -0.0724813  -0.392311    88.8342 -0.0091657 -0.0229998  0.0444936 -46.3067  48.7452 -687.897  0.252177 -0.297145  0.334614 -0.860889  0.258329  0.178353 -0.290956 -0.230433  -9.80198 
               127.2 -70.2729 -52.6444  159.433 -3992.82   4535.6 -38238.7 -0.0724375  -0.392371    88.8342 -0.00916508  -0.0229991   0.0444939 -46.6575  46.8754 -689.307  0.252385 -0.297467  0.334664 -0.86103 0.258294 0.177218 -0.290932 -0.230468  -9.80198 
               127.3 -67.2266 -54.9963  151.822 -3992.82   4535.6 -38238.7 -0.0724375  -0.392371    88.8342 -0.00916508  -0.0229991   0.0444939 -46.6575  46.8754 -689.307  0.252385 -0.297467  0.334664 -0.86103 0.258294 0.177218 -0.290932 -0.230468  -9.80198 
             127.401 -67.2188 -54.9968  151.792 -4002.27  4545.09 -38378.3 -0.072289  -0.39241   88.8342 -0.00916436  -0.0229999   0.0444968 -47.1255  44.9921 -690.709  0.25223 -0.29761 0.334642 -0.865155  0.262344  0.173866 -0.290889 -0.230441  -9.80198 
               127.5 -66.6842 -54.9214  156.255 -4006.95   4549.5 -38446.8 -0.0722757  -0.392319    88.8342 -0.00916402      -0.023   0.0444967 -47.2903  44.0678 -691.381  0.251299 -0.296772  0.333947 -0.864356  0.262714  0.173649 -0.290859 -0.230428  -9.80198 
               127.6 -64.8287 -55.9615  152.188 -4011.42  4553.62   -38512 -0.0722757  -0.392319    88.8342 -0.00916402      -0.023   0.0444967 -47.4814  43.1982 -692.008  0.251299 -0.296772  0.333947 -0.864356  0.262714  0.173649 -0.290859 -0.230428  -9.80198 
             127.701 -58.2369 -51.5122  126.866 -4011.47  4553.64   -38512 -0.0720772  -0.392919    88.8341 -0.00916652  -0.0230007   0.0444981 -48.0461  43.3531 -691.861  0.254373 -0.300271  0.334605 -0.867112  0.261327  0.174357 -0.290965 -0.230479  -9.80197 
               127.8 -58.2289 -51.5007  126.657 -4021.52  4562.53 -38655.8 -0.0719775  -0.393138    88.8341 -0.00917665  -0.0230012   0.0444891  -49.093  41.7386 -693.077 0.254338 -0.30019 0.334561   -0.866 0.262267 0.171602 -0.290914 -0.230608  -9.80197 
               127.9 -54.8071 -52.8719  118.191 -4026.22  4566.48   -38722 -0.0719775  -0.393138    88.8341 -0.00917665  -0.0230012   0.0444891 -49.6256  41.0539 -693.611 0.254338 -0.30019 0.334561   -0.866 0.262267 0.171602 -0.290914 -0.230608  -9.80197 
                 128 -46.0854   -58.43  79.2523 -4026.27  4566.51 -38721.9  -0.07213 -0.394166   88.8341 -0.0091718  -0.022994  0.0444863 -50.1902  41.4504 -693.628  0.264334 -0.306726  0.342541 -0.873446  0.258341  0.170999 -0.291191 -0.230794  -9.80196 
               128.1 -46.0838 -58.4382  79.3035 -4035.96  4574.51 -38855.8 -0.0746845  -0.396788    88.8334 -0.00925008  -0.0230391   0.0445243  -51.783  40.6786 -694.719 0.264288 -0.30684 0.342614 -0.873788  0.256872  0.171078 -0.291335 -0.230804  -9.80196 
             128.203 -43.8532 -58.5173  69.3464 -4035.96  4574.51 -38855.8 -0.074401 -0.396515   88.8335 -0.00924998  -0.0230397   0.0445241  -51.783  40.6789 -694.719  0.264659 -0.306894  0.342621 -0.873958  0.256691  0.171082 -0.291337 -0.230806  -9.80196 
               128.3 -43.8614 -58.5208  69.4426 -4046.94  4583.08 -39002.5 -0.0699997  -0.391917    88.8349 -0.00918522  -0.0229807   0.0445153 -53.5866  40.0635  -695.84  0.264825 -0.306827  0.342621 -0.875214  0.256439  0.169914  -0.29136 -0.230802  -9.80195 
               128.4 -38.2661 -58.4653  58.8165 -4046.94  4583.08 -39002.5 -0.0699997  -0.391917    88.8349 -0.00918522  -0.0229807   0.0445153 -53.5866  40.0635  -695.84  0.264825 -0.306827  0.342621 -0.875214  0.256439  0.169914  -0.29136 -0.230802  -9.80195 
               128.5 -38.2651 -58.4538  58.7062 -4046.94  4583.07 -39002.5 -0.0697053  -0.391653     88.835 -0.00918742  -0.0229726   0.0445337 -53.5795   40.055 -695.811  0.264896 -0.306831  0.342625 -0.875961   0.25724  0.169589 -0.291339 -0.230801  -9.80196 
             128.605 -38.2728 -58.4661  58.8257 -4062.77  4594.73 -39205.8 -0.068199 -0.393656   88.8341 -0.00920354  -0.0229969   0.0445283 -56.0316  39.5119 -697.228  0.264868 -0.306827   0.34262 -0.876277  0.257221  0.170136 -0.291298 -0.230791  -9.80196 
             128.704 -30.6528 -57.4959  44.3994 -4069.13  4599.18 -39284.3 -0.068199 -0.393656   88.8341 -0.00920354  -0.0229969   0.0445283  -56.967  39.3963 -697.722  0.264868 -0.306827   0.34262 -0.876277  0.257221  0.170136 -0.291298 -0.230791  -9.80196 
               128.8 -27.9583 -56.8631   39.064 -4074.6 4602.93  -39351 -0.068199 -0.393656   88.8341 -0.00920354  -0.0229969   0.0445283  -57.748   39.334 -698.125  0.264868 -0.306827   0.34262 -0.876277  0.257221  0.170136 -0.291298 -0.230791  -9.80196 
               128.9 -25.7959 -56.2225  34.6552 -4080.31   4606.8 -39419.6 -0.068199 -0.393656   88.8341 -0.00920354  -0.0229969   0.0445283 -58.5455  39.3006 -698.523  0.264868 -0.306827   0.34262 -0.876277  0.257221  0.170136 -0.291298 -0.230791  -9.80196 
                 129 -22.9523 -57.3363  38.2718 -4086.11  4610.51 -39488.4 -0.0689193  -0.393925    88.8339 -0.00920739  -0.0230039    0.044529 -59.3267  38.6489 -698.913   0.26234 -0.305141  0.341293 -0.878357  0.258976  0.169462 -0.291215 -0.230669  -9.80196 
               129.1 -20.7856 -56.4612  33.8282 -4091.81   4614.2 -39555.2 -0.0689193  -0.393925    88.8339 -0.00920739  -0.0230039    0.044529 -60.0815  38.5434 -699.285   0.26234 -0.305141  0.341293 -0.878357  0.258976  0.169462 -0.291215 -0.230669  -9.80196 
             129.201 -18.5173 -55.6387  29.4136 -4098.32  4618.34 -39630.4 -0.0689261  -0.393898     88.834 -0.00920678   -0.023004   0.0445279 -60.9217  38.4502 -699.685  0.261753 -0.304842  0.342556 -0.878137  0.259051  0.169506 -0.291211 -0.230663  -9.80196 
               129.3 -16.5136 -54.4889  24.9085 -4104.52  4622.22 -39701.2 -0.0689261  -0.393898     88.834 -0.00920678   -0.023004   0.0445279 -61.6969  38.4034 -700.043  0.261753 -0.304842  0.342556 -0.878137  0.259051  0.169506 -0.291211 -0.230663  -9.80196 
             129.399 -14.8208  -53.328  20.8563 -4104.52  4622.22 -39701.2 -0.0689261  -0.393898     88.834 -0.00920678   -0.023004   0.0445279 -61.6969  38.4034 -700.043  0.261753 -0.304842  0.342556 -0.878137  0.259051  0.169506 -0.291211 -0.230663  -9.80196 
               129.5 -14.8191 -53.3466  21.0964 -4116.87  4629.85 -39840.4 -0.0688444  -0.393786     88.834 -0.00920637  -0.0230051   0.0445266  -63.196  38.3497 -700.721  0.261029 -0.304643  0.341908 -0.877787  0.259168  0.169681 -0.291186 -0.230647  -9.80196 
               129.6 -11.9998 -50.8621  13.5933 -4123.01  4633.56 -39908.2 -0.0688444  -0.393786     88.834 -0.00920637  -0.0230051   0.0445266 -63.8908  38.3797 -701.005  0.261029 -0.304643  0.341908 -0.877787  0.259168  0.169681 -0.291186 -0.230647  -9.80196 
             129.703  -10.869 -49.5835  10.1653 -4129.91  4637.68 -39983.4 -0.0688444  -0.393786     88.834 -0.00920637  -0.0230051   0.0445266 -64.6351  38.4393 -701.307  0.261029 -0.304643  0.341908 -0.877787  0.259168  0.169681 -0.291186 -0.230647  -9.80196 
             129.799 -9.80703 -48.1278  6.51204 -4136.13  4641.37 -40050.6 -0.0688444  -0.393786     88.834 -0.00920637  -0.0230051   0.0445266 -65.2783  38.5199 -701.559  0.261029 -0.304643  0.341908 -0.877787  0.259168  0.169681 -0.291186 -0.230647  -9.80196 
               129.9 -8.38771 -46.8189  3.17542 -4142.52  4645.11 -40118.9 -0.0688497   -0.39376     88.834 -0.00920626  -0.0230049   0.0445268 -65.9094  38.5867 -701.792  0.260758 -0.304603  0.341979 -0.87818 0.259276 0.169512 -0.291183 -0.230634  -9.80196 
                 130 -7.59156 -45.4691 0.260685 -4148.81  4648.78 -40185.6 -0.0688598   -0.39374     88.834 -0.00920627  -0.0230051   0.0445268 -66.5072  38.6796 -702.008 0.260461 -0.30432 0.342068 -0.877858  0.259425  0.169544 -0.291176 -0.230631  -9.80196 
             130.105 -7.03552 -44.0706 -2.63939 -4155.69  4652.77   -40258 -0.0688598   -0.39374     88.834 -0.00920627  -0.0230051   0.0445268  -67.129  38.8162 -702.226 0.260461 -0.30432 0.342068 -0.877858  0.259425  0.169544 -0.291176 -0.230631  -9.80196 
             130.201 -6.55838 -42.5318 -5.69059 -4155.69  4652.77   -40258 -0.0688598   -0.39374     88.834 -0.00920627  -0.0230051   0.0445268  -67.129  38.8162 -702.226 0.260461 -0.30432 0.342068 -0.877858  0.259425  0.169544 -0.291176 -0.230631  -9.80196 
               130.3  -6.5857 -42.5229 -5.92446 -4155.69  4652.77   -40258 -0.0687307  -0.393899     88.834 -0.00920443  -0.0230054   0.0445215 -67.1212  38.8227  -702.22  0.260989 -0.304321  0.342508 -0.878795  0.260997  0.169705 -0.291126 -0.230749  -9.80196 
               130.4 -6.57775 -42.5234 -5.89582 -4155.69  4652.77   -40258 -0.0688068  -0.394022     88.834 -0.00920435  -0.0230047   0.0445215 -67.1204  38.8227 -702.223  0.260875 -0.304318  0.342443 -0.878599  0.260708  0.170146 -0.291099 -0.230747  -9.80196 
               130.5 -6.57168 -42.5231 -5.89028 -4155.69  4652.77   -40258 -0.069057 -0.394023    88.834 -0.00920488  -0.0230047   0.0445223 -67.1214  38.8237 -702.224  0.260789 -0.304327  0.342418 -0.878244  0.260463   0.17018 -0.291109 -0.230734  -9.80196 
               130.6 -6.56876  -42.522 -5.89917 -4155.69  4652.77   -40258 -0.0691789  -0.394037     88.834 -0.00920486  -0.0230049   0.0445225 -67.1214   38.824 -702.225  0.260782 -0.304336  0.342435 -0.878116  0.260482  0.170208 -0.291111 -0.230737  -9.80196 
             130.701  -6.5659 -42.5218 -5.89722 -4196.62  4676.35 -40682.9 -0.0693288   -0.39407     88.834 -0.00920491   -0.023005   0.0445227  -70.534   39.838 -703.443  0.260768 -0.304341  0.342434 -0.877962  0.260487  0.170281 -0.291111 -0.230742  -9.80196 
               130.8 -6.19471 -33.3597 -22.4466 -4203.69  4680.35 -40753.3 -0.0693288   -0.39407     88.834 -0.00920491   -0.023005   0.0445227 -70.9104  40.0917 -703.565  0.260768 -0.304341  0.342434 -0.877962  0.260487  0.170281 -0.291111 -0.230742  -9.80196 
               130.9 -6.39067  -31.848 -24.9893 -4210.39  4684.14 -40819.6 -0.0693288   -0.39407     88.834 -0.00920491   -0.023005   0.0445227 -71.2365  40.3352 -703.668  0.260768 -0.304341  0.342434 -0.877962  0.260487  0.170281 -0.291111 -0.230742  -9.80196 
                 131 -10.4274 -32.4859 -30.9207 -4210.38  4684.18 -40819.6 -0.0693368   -0.39407     88.834 -0.00920466  -0.0230051   0.0445227 -71.1824  40.5964 -703.727  0.261184 -0.304282  0.342667 -0.878025  0.260293  0.170224  -0.29112 -0.230738  -9.80196 
               131.1 -10.4323 -32.4928 -30.9711 -4224.79  4692.38   -40962 -0.0693331  -0.394124     88.834 -0.00920436  -0.0230033   0.0445218 -71.7921  41.3085 -703.994  0.261226 -0.304272  0.342691 -0.878276  0.260722  0.170248 -0.291118 -0.230773  -9.80196 
             131.203 -10.8327 -30.2296 -35.3487 -4232.41  4696.78 -41037.1 -0.0686296  -0.395492    88.8337 -0.00923462   -0.022827   0.0445719 -71.9202  41.6404 -703.886  0.260964 -0.303552  0.342651 -0.865552  0.263684  0.178963 -0.290751 -0.231459  -9.80196 
               131.3 -11.1433 -28.8148 -38.1211 -4239.37  4700.82 -41105.1 -0.0686296  -0.395492    88.8337 -0.00923462   -0.022827   0.0445719 -72.0953  41.9785 -703.982  0.260964 -0.303552  0.342651 -0.865552  0.263684  0.178963 -0.290751 -0.231459  -9.80196 
               131.4 -10.9824 -27.8424 -40.8991 -4246.32  4704.88 -41172.9 -0.0686154  -0.395482    88.8337 -0.00923498  -0.0228294   0.0445719 -72.2595  42.3073 -704.077  0.258553 -0.301925  0.344539 -0.86472 0.264803 0.178964 -0.290717 -0.231449  -9.80196 
               131.5 -11.3559 -26.5792  -43.361 -4253.33     4709 -41241.2 -0.068615 -0.395483   88.8337 -0.00923498  -0.0228294   0.0445719 -72.3784  42.6361 -704.162  0.258591 -0.301942  0.344525 -0.864731  0.264784  0.178964 -0.290718 -0.231449  -9.80196 
             131.602 -11.7861   -25.33 -45.8202 -4260.62   4713.3   -41312 -0.068615 -0.395483   88.8337 -0.00923498  -0.0228294   0.0445719 -72.4641  42.9745 -704.247  0.258591 -0.301942  0.344525 -0.864731  0.264784  0.178964 -0.290718 -0.231449  -9.80196 
               131.7 -12.2878 -24.0496 -48.3625 -4260.62   4713.3   -41312 -0.068615 -0.395483   88.8337 -0.00923498  -0.0228294   0.0445719 -72.4641  42.9745 -704.247  0.258591 -0.301942  0.344525 -0.864731  0.264784  0.178964 -0.290718 -0.231449  -9.80196 
               131.8 -12.3018 -24.0616 -48.4578 -4260.62   4713.3   -41312 -0.0686363  -0.395542    88.8337 -0.00923605  -0.0228346   0.0445748 -72.4613  42.9662 -704.249  0.258867 -0.302006  0.345002 -0.865131  0.264629   0.17907 -0.290732  -0.23147  -9.80196 
               131.9 -12.3169 -24.0591 -48.5557 -4282.46  4726.31 -41524.2 -0.0679793  -0.394704    88.8336 -0.00923708  -0.0228287   0.0445788 -72.5642  43.9671   -704.5  0.259163 -0.302154  0.345489 -0.865304  0.264624  0.179214  -0.29073 -0.231477  -9.80196 
                 132  -14.133  -20.399 -56.0854 -4289.72  4730.72 -41594.7 -0.0679793  -0.394704    88.8336 -0.00923708  -0.0228287   0.0445788 -72.5088  44.2624 -704.571  0.259163 -0.302154  0.345489 -0.865304  0.264624  0.179214  -0.29073 -0.231477  -9.80196 
               132.1 -14.8435 -19.2236  -58.586 -4297.28  4735.36 -41668.2 -0.0679793  -0.394704    88.8336 -0.00923708  -0.0228287   0.0445788 -72.4159  44.5517 -704.645  0.259163 -0.302154  0.345489 -0.865304  0.264624  0.179214  -0.29073 -0.231477  -9.80196 
             132.201 -15.6406 -18.0309  -61.194 -4304.54  4739.83 -41738.8 -0.0679793  -0.394704    88.8336 -0.00923708  -0.0228287   0.0445788 -72.2881  44.8143 -704.717  0.259163 -0.302154  0.345489 -0.865304  0.264624  0.179214  -0.29073 -0.231477  -9.80196 
               132.3 -16.4472 -16.9189 -63.6918 -4304.54  4739.83 -41738.8 -0.0679793  -0.394704    88.8336 -0.00923708  -0.0228287   0.0445788 -72.2881  44.8143 -704.717  0.259163 -0.302154  0.345489 -0.865304  0.264624  0.179214  -0.29073 -0.231477  -9.80196 
               132.4 -16.4344 -16.9166 -63.6253 -4304.53  4739.83 -41738.8 -0.0679421  -0.394829    88.8336 -0.00923809  -0.0228263    0.044578 -72.2865   44.814 -704.734  0.259104 -0.302141  0.345464 -0.864889  0.264269  0.180426 -0.290707 -0.231558  -9.80196 
               132.5   -16.43 -16.9149 -63.6247 -4304.53  4739.84 -41738.9 -0.0676548  -0.394417    88.8336 -0.00923774   -0.022825   0.0445779 -72.2849  44.8151 -704.741  0.259079 -0.302143   0.34546 -0.864713  0.263959  0.180892 -0.290691 -0.231577  -9.80196 
               132.6 -16.4262  -16.914 -63.6238 -4333.24  4757.68   -42019 -0.0675197  -0.394241    88.8335 -0.00923818  -0.0228242    0.044578 -71.7041  45.7777  -705.03  0.259063 -0.302156  0.345466 -0.864763  0.263501  0.181107 -0.290663 -0.231578  -9.80196 
             132.702 -20.3705 -13.3027 -77.0979 -4340.81  4762.53 -42093.6 -0.0674955  -0.394225    88.8335 -0.00923664  -0.0228231   0.0445777 -71.3849  45.9278 -705.107 0.259183 -0.30213 0.345666 -0.865093  0.263503   0.18067 -0.290651  -0.23156  -9.80196 
               132.8 -21.4255 -12.3476 -79.7781 -4347.67  4766.95 -42161.4 -0.0674955  -0.394225    88.8335 -0.00923664  -0.0228231   0.0445777 -71.0854  46.0379  -705.19 0.259183 -0.30213 0.345666 -0.865093  0.263503   0.18067 -0.290651  -0.23156  -9.80196 
               132.9 -22.4141 -11.7136 -82.2454 -4354.36   4771.3 -42227.9 -0.0678688   -0.39251    88.8335 -0.00923664  -0.0228238    0.044577 -70.7692  46.1318 -705.274  0.259087 -0.300986  0.345997 -0.864589  0.263404  0.180543 -0.290639 -0.231529  -9.80196 
             133.003 -23.4099 -11.5808 -84.7937 -4361.99   4776.3 -42304.2 -0.0686891  -0.388771    88.8335 -0.00923674  -0.0228256   0.0445757  -70.383  46.2269 -705.377  0.258808 -0.297361  0.347172 -0.863118  0.263302  0.180312 -0.290602 -0.231459  -9.80196 
             133.102 -24.5476 -10.7765 -87.5603 -4368.44  4780.55   -42369 -0.0686891  -0.388771    88.8335 -0.00923674  -0.0228256   0.0445757 -70.0369  46.2685 -705.474  0.258808 -0.297361  0.347172 -0.863118  0.263302  0.180312 -0.290602 -0.231459  -9.80196 
               133.2 -25.6251  -10.405 -90.6272 -4375.69  4785.37 -42442.4 -0.0686583  -0.388366    88.8335 -0.00923947  -0.0228264   0.0445759 -69.5913  46.2749 -705.564  0.258919 -0.296843  0.348406 -0.863597  0.262454  0.179338 -0.290521 -0.231397  -9.80197 
             133.299 -26.7964 -9.76059 -93.3046 -4382.71  4790.05 -42513.8 -0.0686583  -0.388366    88.8335 -0.00923947  -0.0228264   0.0445759  -69.183  46.2517 -705.686  0.258919 -0.296843  0.348406 -0.863597  0.262454  0.179338 -0.290521 -0.231397  -9.80197 
             133.401 -27.9745 -9.19518  -95.908 -4389.31  4794.47 -42581.4 -0.0686583  -0.388366    88.8335 -0.00923947  -0.0228264   0.0445759 -68.7781  46.2008 -705.811  0.258919 -0.296843  0.348406 -0.863597  0.262454  0.179338 -0.290521 -0.231397  -9.80197 
               133.5 -29.0956 -8.70535 -98.3776 -4396.27  4799.16 -42653.1 -0.0686583  -0.388366    88.8335 -0.00923947  -0.0228264   0.0445759 -68.3242   46.121 -705.952  0.258919 -0.296843  0.348406 -0.863597  0.262454  0.179338 -0.290521 -0.231397  -9.80197 
               133.6 -30.2903  -8.2119 -101.022 -4396.27  4799.16 -42653.1 -0.0686583  -0.388366    88.8335 -0.00923947  -0.0228264   0.0445759 -68.3242   46.121 -705.952  0.258919 -0.296843  0.348406 -0.863597  0.262454  0.179338 -0.290521 -0.231397  -9.80197 
             133.701 -30.2851 -8.24145 -101.188 -4410.12  4808.51 -42796.5 -0.0686755  -0.388451    88.8335 -0.00923942  -0.0228257   0.0445761 -67.3717  45.8971 -706.243  0.258858 -0.297006  0.348727 -0.863949  0.262415  0.179163 -0.290518 -0.231403  -9.80197 
               133.8 -33.9521 -5.45954 -104.946 -4416.45  4812.83 -42863.1 -0.0686817  -0.388427    88.8335 -0.00923933  -0.0228257   0.0445761 -66.9037  45.7022  -706.42  0.258969 -0.297089  0.348377 -0.863953  0.262379  0.179161 -0.290517 -0.231402  -9.80197 
             133.907 -35.1893 -5.20771  -107.42 -4423.52  4817.67 -42938.1 -0.0686817  -0.388427    88.8335 -0.00923933  -0.0228257   0.0445761 -66.3761  45.4527 -706.631  0.258969 -0.297089  0.348377 -0.863953  0.262379  0.179161 -0.290517 -0.231402  -9.80197 
                 134 -36.5964 -4.99364 -110.203 -4429.92  4822.06 -43006.4 -0.0686817  -0.388427    88.8335 -0.00923933  -0.0228257   0.0445761 -65.8903  45.1936 -706.834  0.258969 -0.297089  0.348377 -0.863953  0.262379  0.179161 -0.290517 -0.231402  -9.80197 
             134.101  -37.885 -4.85439 -112.746 -4436.67  4826.69 -43079.1 -0.0686817  -0.388427    88.8335 -0.00923933  -0.0228257   0.0445761 -65.3716  44.8823 -707.065  0.258969 -0.297089  0.348377 -0.863953  0.262379  0.179161 -0.290517 -0.231402  -9.80197 
             134.202 -39.2546  -4.7708 -115.452 -4443.35  4831.27 -43151.6 -0.0686817  -0.388427    88.8335 -0.00923933  -0.0228257   0.0445761 -64.8511  44.5355 -707.312  0.258969 -0.297089  0.348377 -0.863953  0.262379  0.179161 -0.290517 -0.231402  -9.80197 
               134.3 -40.6278 -4.75616 -118.147 -4449.66  4835.61 -43220.8 -0.0686817  -0.388427    88.8335 -0.00923933  -0.0228257   0.0445761 -64.3591  44.1708 -707.555  0.258969 -0.297089  0.348377 -0.863953  0.262379  0.179161 -0.290517 -0.231402  -9.80197 
               134.4 -41.892 -4.8644 -120.71  -4455.6  4839.68 -43286.3 -0.0686804  -0.388427    88.8335 -0.00923933  -0.0228257   0.0445761 -63.8948   43.805 -707.797  0.258949 -0.297067  0.348395 -0.863942  0.262389  0.179159 -0.290517 -0.231402  -9.80197 
             134.503 -43.1254 -4.95488 -123.146 -4462.65  4844.51 -43364.7 -0.0686804  -0.388427    88.8335 -0.00923933  -0.0228257   0.0445761 -63.3365  43.3194 -708.113  0.258949 -0.297067  0.348395 -0.863942  0.262389  0.179159 -0.290517 -0.231402  -9.80197 
               134.6 -44.5852 -5.13576 -126.056 -4468.22  4848.32 -43427.3 -0.0686804  -0.388427    88.8335 -0.00923933  -0.0228257   0.0445761 -62.9047  42.9081 -708.371  0.258949 -0.297067  0.348395 -0.863942  0.262389  0.179159 -0.290517 -0.231402  -9.80197 
               134.7 -45.6934 -5.92711 -130.714 -4474.91  4852.74 -43502.3 -0.0685948  -0.388618    88.8335 -0.00923916  -0.0228255   0.0445767  -62.503  42.1939 -708.696  0.25893 -0.29758 0.350307 -0.864297  0.262314  0.178779  -0.29051 -0.231386  -9.80197 
               134.8   -47.05 -6.22713 -133.503 -4481.31  4857.05 -43575.2 -0.0685948  -0.388618    88.8335 -0.00923916  -0.0228255   0.0445767 -62.0328  41.6303 -709.031  0.25893 -0.29758 0.350307 -0.864297  0.262314  0.178779  -0.29051 -0.231386  -9.80197 
               134.9 -48.3444 -6.58099 -136.199 -4487.01  4860.86 -43640.5 -0.0685948  -0.388618    88.8335 -0.00923916  -0.0228255   0.0445767 -61.6211     41.1 -709.347  0.25893 -0.29758 0.350307 -0.864297  0.262314  0.178779  -0.29051 -0.231386  -9.80197 
                 135 -49.4891 -7.98405 -141.506 -4493.77  4864.95 -43714.6 -0.0679103  -0.387321    88.8332 -0.00922909  -0.0228428    0.044631 -61.5461  40.1787 -709.063  0.270507 -0.296701  0.358739 -0.871094  0.292859  0.125024 -0.289304 -0.228381  -9.80207 
               135.1 -50.8033 -8.50448 -144.293 -4499.98  4868.99 -43786.4 -0.0679103  -0.387321    88.8332 -0.00922909  -0.0228428    0.044631 -61.1531  39.5197 -709.436  0.270507 -0.296701  0.358739 -0.871094  0.292859  0.125024 -0.289304 -0.228381  -9.80207 
             135.201 -52.0387 -9.06693  -146.96 -4506.15  4872.95 -43858.2 -0.0679103  -0.387321    88.8332 -0.00922909  -0.0228428    0.044631 -60.7773  38.8349 -709.823  0.270507 -0.296701  0.358739 -0.871094  0.292859  0.125024 -0.289304 -0.228381  -9.80207 
               135.3 -53.2502 -9.68188 -149.615 -4512.16  4876.77 -43928.6 -0.0679103  -0.387321    88.8332 -0.00922909  -0.0228428    0.044631 -60.4319  38.1382 -710.216  0.270507 -0.296701  0.358739 -0.871094  0.292859  0.125024 -0.289304 -0.228381  -9.80207 
               135.4 -54.4124 -10.3376 -152.219 -4512.16  4876.77 -43928.6 -0.0679103  -0.387321    88.8332 -0.00922909  -0.0228428    0.044631 -60.4319  38.1382 -710.216  0.270507 -0.296701  0.358739 -0.871094  0.292859  0.125024 -0.289304 -0.228381  -9.80207 
             135.504 -54.4222 -10.3302 -152.178 -4524.06  4884.21   -44069 -0.0680726  -0.387401    88.8332 -0.00923103  -0.0228433   0.0446296  -59.783  36.6919 -711.057  0.270546 -0.296576  0.358619 -0.871244  0.292377  0.126146  -0.28939 -0.228436  -9.80207 
             135.603 -56.7163 -11.8052  -157.33  -4530.4  4888.06 -44144.6 -0.0680726  -0.387401    88.8332 -0.00923103  -0.0228433   0.0446296 -59.4892  35.8674  -711.53  0.270546 -0.296576  0.358619 -0.871244  0.292377  0.126146  -0.28939 -0.228436  -9.80207 
               135.7 -57.8599 -12.6751 -160.085 -4536.07  4891.46 -44212.6 -0.0680726  -0.387401    88.8332 -0.00923103  -0.0228433   0.0446296 -59.2526  35.1067 -711.973  0.270546 -0.296576  0.358619 -0.871244  0.292377  0.126146  -0.28939 -0.228436  -9.80207 
               135.8 -58.8508 -13.5034  -162.56 -4541.97  4894.92 -44283.6 -0.0680726  -0.387401    88.8332 -0.00923103  -0.0228433   0.0446296 -59.0324  34.2943 -712.444  0.270546 -0.296576  0.358619 -0.871244  0.292377  0.126146  -0.28939 -0.228436  -9.80207 
               135.9 -59.8566 -14.4099 -165.133 -4547.48  4898.09 -44350.2 -0.0680726  -0.387401    88.8332 -0.00923103  -0.0228433   0.0446296 -58.8536  33.5173 -712.901  0.270546 -0.296576  0.358619 -0.871244  0.292377  0.126146  -0.28939 -0.228436  -9.80207 
             136.003 -60.7532 -15.2955 -167.536 -4547.48  4898.09 -44350.2 -0.0680726  -0.387401    88.8332 -0.00923103  -0.0228433   0.0446296 -58.8536  33.5173 -712.901  0.270546 -0.296576  0.358619 -0.871244  0.292377  0.126146  -0.28939 -0.228436  -9.80207 
               136.1 -60.7536 -15.3053 -167.538 -4559.76  4905.01 -44499.2 -0.0683423  -0.387325    88.8333 -0.00923249  -0.0228446   0.0446281 -58.5319  31.7538 -713.959  0.270559 -0.296529  0.358623 -0.872036  0.292031  0.127656 -0.289555 -0.228415  -9.80206 
               136.2 -68.6452 -8.38483 -161.308 -4565.31  4907.98 -44567.1 -0.068341  -0.38723   88.8333 -0.00923245  -0.0228455   0.0446275 -58.2887  30.8786 -714.607  0.270766 -0.295637  0.356693 -0.871302  0.292059  0.127814 -0.289537 -0.228382  -9.80207 
               136.3 -75.6504 -18.5382 -148.653 -4571.24  4911.14 -44640.9 -0.0681224   -0.38989    88.8334 -0.00923599   -0.022846   0.0446249 -57.4463  30.0484 -715.465  0.271165 -0.292827  0.357356 -0.870038  0.292386  0.127737 -0.289475 -0.228361  -9.80207 
             136.401 -76.5621 -20.1797 -150.968 -4571.24  4911.14 -44640.9 -0.0681224   -0.38989    88.8334 -0.00923599   -0.022846   0.0446249 -57.4463  30.0484 -715.465  0.271165 -0.292827  0.357356 -0.870038  0.292386  0.127737 -0.289475 -0.228361  -9.80207 
               136.5 -76.5612 -20.1865 -151.117 -4582.57  4917.03 -44782.6 -0.0680633  -0.389748    88.8336 -0.00928418  -0.0228396   0.0446279 -56.6398  28.3661 -716.931  0.271347 -0.292894  0.357294 -0.869162  0.293524  0.128008 -0.289372 -0.228249  -9.80207 
               136.6 -78.2474 -23.4372 -155.534 -4588.39   4919.9 -44856.4 -0.0680633  -0.389748    88.8336 -0.00928418  -0.0228396   0.0446279 -56.2942   27.441 -717.717  0.271347 -0.292894  0.357294 -0.869162  0.293524  0.128008 -0.289372 -0.228249  -9.80207 
               136.7 -78.9762 -25.1659 -157.842 -4593.95  4922.58 -44927.5 -0.0680633  -0.389748    88.8336 -0.00928418  -0.0228396   0.0446279 -55.9938  26.5346 -718.481  0.271347 -0.292894  0.357294 -0.869162  0.293524  0.128008 -0.289372 -0.228249  -9.80207 
               136.8 -74.1883 -33.3234 -140.216 -4599.27  4925.25 -44998.4 -0.0683803  -0.387602    88.8331 -0.00927591  -0.0228409   0.0446252 -54.5564  26.2342 -718.915 0.267901 -0.28874 0.357231 -0.866339  0.295316   0.12769 -0.289269 -0.228142  -9.80208 
               136.9 -74.3457 -34.8292 -142.769  -4604.4   4927.7 -45066.5 -0.0683803  -0.387602    88.8331 -0.00927591  -0.0228409   0.0446252 -54.0132  25.5397 -719.586 0.267901 -0.28874 0.357231 -0.866339  0.295316   0.12769 -0.289269 -0.228142  -9.80208 
             137.002 -74.4121 -36.2744 -145.261 -4610.32  4930.47 -45145.7 -0.0683803  -0.387602    88.8331 -0.00927591  -0.0228409   0.0446252 -53.4132  24.7036 -720.372 0.267901 -0.28874 0.357231 -0.866339  0.295316   0.12769 -0.289269 -0.228142  -9.80208 
               137.1 -74.3954 -37.9616 -148.217 -4615.48  4932.83 -45215.7 -0.0683803  -0.387602    88.8331 -0.00927591  -0.0228409   0.0446252 -52.9107   23.945 -721.061 0.267901 -0.28874 0.357231 -0.866339  0.295316   0.12769 -0.289269 -0.228142  -9.80208 
               137.2 -74.0542  -39.592 -151.494 -4620.65  4935.13 -45286.3 -0.0684487  -0.387569    88.8331 -0.00927659  -0.0228407   0.0446249 -52.4788  23.1339 -721.744 0.268085 -0.28891 0.357458 -0.866443   0.29519  0.127692  -0.28927 -0.228148  -9.80208 
               137.3 -75.4242 -39.3369 -147.635 -4620.46  4935.24 -45286.3 -0.0684446  -0.384337    88.8334 -0.00924534  -0.0228466   0.0446467 -51.9591  23.4351 -721.863  0.264076 -0.287899  0.352311 -0.864881   0.29839  0.127835 -0.289236 -0.227959  -9.80208 
               137.4 -75.4766 -39.3027 -147.403 -4630.44  4939.72 -45425.6 -0.0653446  -0.428969    88.8207 -0.00928939  -0.0228246   0.0446064 -50.9055  21.9488 -723.305  0.263775 -0.287859  0.352366 -0.865209  0.305389  0.128245 -0.289285 -0.228265  -9.80208 
             137.503 -74.3613 -42.6588 -136.262 -4636.14  4942.17 -45507.3 -0.0650907  -0.431994    88.8199 -0.00929299  -0.0228234   0.0446035 -50.0724   21.273 -724.116  0.262515 -0.286532  0.351836 -0.864207  0.306725  0.128154 -0.289246 -0.228246  -9.80208 
               137.6 -73.8545 -44.3475 -139.577 -4636.14  4942.17 -45507.3 -0.0650907  -0.431994    88.8199 -0.00929299  -0.0228234   0.0446035 -50.0724   21.273 -724.116  0.262515 -0.286532  0.351836 -0.864207  0.306725  0.128154 -0.289246 -0.228246  -9.80208 
               137.7 -73.8591 -44.3454 -139.503 -4636.15  4942.17 -45507.3 -0.065842 -0.429338   88.8208 -0.00927641   -0.022858   0.0445976 -50.0896   21.279 -724.152  0.262255 -0.286384  0.352376 -0.863051  0.304181  0.129573 -0.289436  -0.22826  -9.80207 
               137.8 -73.8626  -44.338 -139.503 -4636.14  4942.17 -45507.3 -0.0653165  -0.430262    88.8204 -0.00929244  -0.0228593   0.0446112 -50.0753  21.2933 -724.132  0.262498 -0.286596  0.351997 -0.863074  0.306198  0.129505 -0.289304  -0.22813  -9.80208 
             137.901 -73.8657 -44.3349 -139.503 -4636.14  4942.18 -45507.3 -0.0651494   -0.42966    88.8206 -0.00930475  -0.0228747   0.0446167 -50.0724  21.3059 -724.118   0.26263 -0.286684  0.351714 -0.863259  0.307326  0.129908 -0.289267 -0.228006  -9.80208 
                 138 -73.8703 -44.3336  -139.48 -4660.54   4952.4 -45864.3 -0.0650999  -0.428711    88.8209 -0.00931304  -0.0228822   0.0446116 -46.8982  18.0145 -727.668   0.26266 -0.286625  0.351459 -0.864109  0.307863  0.129965  -0.28928 -0.227959  -9.80208 
               138.1 -70.0516 -51.3876 -155.452 -4665.41  4954.24 -45940.3 -0.0650999  -0.428711    88.8209 -0.00931304  -0.0228822   0.0446116 -46.3627  17.2033 -728.389   0.26266 -0.286625  0.351459 -0.864109  0.307863  0.129965  -0.28928 -0.227959  -9.80208 
               138.2 -68.6936 -52.7575 -159.265 -4669.96   4955.9 -46012.3 -0.0650999  -0.428711    88.8209 -0.00931304  -0.0228822   0.0446116 -45.8888  16.4196  -729.06   0.26266 -0.286625  0.351459 -0.864109  0.307863  0.129965  -0.28928 -0.227959  -9.80208 
               138.3 -65.4678 -65.5325 -159.557 -4674.36  4957.54   -46084 -0.0651127   -0.42867    88.8209 -0.00931428  -0.0228839   0.0446123 -44.9742  15.9158 -729.835  0.262404 -0.286227   0.35214 -0.863979  0.307997  0.129926 -0.289269 -0.227953  -9.80208 
               138.4 -61.7883 -66.6039 -165.275 -4678.65  4959.03   -46154 -0.0651127   -0.42867    88.8209 -0.00931428  -0.0228839   0.0446123 -44.4533  15.1923 -730.499  0.262404 -0.286227   0.35214 -0.863979  0.307997  0.129926 -0.289269 -0.227953  -9.80208 
             138.501 -57.7976 -67.4919 -171.248 -4678.65  4959.03   -46154 -0.0651127   -0.42867    88.8209 -0.00931428  -0.0228839   0.0446123 -44.4533  15.1923 -730.499  0.262404 -0.286227   0.35214 -0.863979  0.307997  0.129926 -0.289269 -0.227953  -9.80208 
               138.6 -57.7803 -67.4957  -171.28 -4687.82  4962.11 -46305.5 -0.0651187  -0.428639    88.8209 -0.00931515  -0.0228831   0.0446131 -43.3763  13.5955 -731.929  0.262402 -0.286224  0.352148 -0.864203  0.308068  0.129879 -0.289271 -0.227951  -9.80208 
               138.7 -48.0917 -68.8292  174.688 -4687.82  4962.11 -46305.5 -0.0651187  -0.428639    88.8209 -0.00931515  -0.0228831   0.0446131 -43.3763  13.5955 -731.929  0.262402 -0.286224  0.352148 -0.864203  0.308068  0.129879 -0.289271 -0.227951  -9.80208 
               138.8 -48.1478 -68.8348  175.042 -4687.83  4962.11 -46305.5 -0.0651777  -0.427758    88.8212 -0.00933371  -0.0229149   0.0446268 -43.3891  13.6031 -731.915  0.262362 -0.286166  0.352206 -0.865016  0.308018  0.130269 -0.289311 -0.227884  -9.80208 
             138.899 -48.1361 -68.8408  174.957 -4700.62  4965.99 -46522.9 -0.065031 -0.426836   88.8213 -0.00935458  -0.0229542   0.0446432 -42.0737  11.2383 -733.825  0.262349 -0.286105  0.352303 -0.866117   0.30788  0.130809 -0.289372 -0.227807  -9.80208 
             139.003 -36.8328 -70.0717  175.157    -4705  4967.15 -46600.4 -0.065014 -0.426923   88.8213 -0.00935701  -0.0229569   0.0446463  -41.225  10.6431 -734.489  0.260481 -0.285345  0.351462 -0.865335  0.308939  0.130741 -0.289335 -0.227767  -9.80209 
               139.1      -31 -69.8329  167.189    -4705  4967.15 -46600.4 -0.065014 -0.426923   88.8213 -0.00935701  -0.0229569   0.0446463  -41.225  10.6431 -734.489  0.260481 -0.285345  0.351462 -0.865335  0.308939  0.130741 -0.289335 -0.227767  -9.80209 
             139.199 -30.9368 -69.8209  166.863 -4712.86  4969.16 -46741.2 -0.0647708  -0.427129    88.8211 -0.00936218  -0.0229129   0.0446819 -40.0807  9.33676 -735.588  0.260525 -0.285408  0.351504 -0.865935  0.309874   0.12992  -0.2892 -0.22773 -9.80209 
               139.3 -21.1468  -68.706  153.201 -4716.86  4970.06 -46815.2 -0.0647708  -0.427129    88.8211 -0.00936218  -0.0229129   0.0446819 -39.5568   8.6361 -736.139  0.260525 -0.285408  0.351504 -0.865935  0.309874   0.12992  -0.2892 -0.22773 -9.80209 
             139.404 -16.5853  -67.813  146.593 -4721.05  4970.94 -46893.7 -0.0647708  -0.427129    88.8211 -0.00936218  -0.0229129   0.0446819 -39.0307  7.88415 -736.699  0.260525 -0.285408  0.351504 -0.865935  0.309874   0.12992  -0.2892 -0.22773 -9.80209 
             139.503 -12.2517 -66.6621  140.088    -4725  4971.71 -46968.7 -0.0647708  -0.427129    88.8211 -0.00936218  -0.0229129   0.0446819 -38.5593  7.15806 -737.207  0.260525 -0.285408  0.351504 -0.865935  0.309874   0.12992  -0.2892 -0.22773 -9.80209 
               139.6 -8.62256 -65.4027  134.371 -4728.71  4972.37   -47040 -0.0647708  -0.427129    88.8211 -0.00936218  -0.0229129   0.0446819 -38.1355  6.46939 -737.669  0.260525 -0.285408  0.351504 -0.865935  0.309874   0.12992  -0.2892 -0.22773 -9.80209 
               139.7 -5.62513 -64.0855  129.383 -4732.43  4972.97 -47112.3 -0.0647708  -0.427129    88.8211 -0.00936218  -0.0229129   0.0446819  -37.737  5.76404 -738.117  0.260525 -0.285408  0.351504 -0.865935  0.309874   0.12992  -0.2892 -0.22773 -9.80209 
               139.8  3.41676 -66.0962  118.804 -4732.37  4972.97 -47112.4 -0.0646525  -0.427184    88.8211 -0.0093621 -0.0229154  0.0446821 -37.5384  5.73171 -738.369  0.260073 -0.283978  0.352601 -0.865448  0.310209  0.129818 -0.289159 -0.227706  -9.80209 
               139.9  3.45809 -66.0935  118.686 -4732.38  4972.97 -47112.4 -0.0646831  -0.427189    88.8211 -0.00935977  -0.0229079   0.0446816 -37.5465   5.7312 -738.363  0.260108 -0.283907  0.352638 -0.865809  0.310171  0.129878 -0.289171 -0.227684  -9.80209 
             140.001  3.43348 -66.0987  118.839 -4743.64  4974.58 -47335.3 -0.065327 -0.428177   88.8209 -0.0093655 -0.0229134  0.0446954 -36.2905  3.49812 -739.851   0.25998 -0.283909  0.352624 -0.865802  0.310022  0.129742 -0.289208 -0.227725  -9.80209 
             140.099  9.60135 -60.5448  106.499 -4747.27  4974.89 -47409.6 -0.065327 -0.428177   88.8209 -0.0093655 -0.0229134  0.0446954 -35.9506  2.77766 -740.264   0.25998 -0.283909  0.352624 -0.865802  0.310022  0.129742 -0.289208 -0.227725  -9.80209 
             140.199  10.9379 -58.5852  103.123 -4750.62  4975.12 -47478.9 -0.065327 -0.428177   88.8209 -0.0093655 -0.0229134  0.0446954  -35.659  2.11071 -740.627   0.25998 -0.283909  0.352624 -0.865802  0.310022  0.129742 -0.289208 -0.227725  -9.80209 
               140.3  16.6551 -56.4523  88.4662 -4750.64  4975.11 -47478.9 -0.0652826  -0.428179    88.8209 -0.00936484  -0.0229134   0.0446958 -35.8196  2.00316 -740.655  0.260787 -0.283822  0.353705 -0.866034  0.309631  0.129747 -0.289214  -0.22774  -9.80209 
               140.4 16.6325 -56.447 88.4711 -4750.64  4975.11 -47478.9 -0.0652742  -0.428156    88.8209 -0.00936326  -0.0229133    0.044693 -35.8186   2.0042 -740.664 0.260792  -0.2839 0.353685 -0.865615  0.309747  0.129898 -0.289206 -0.227756  -9.80209 
             140.503  16.6223 -56.4319  88.3312 -4750.64  4975.11 -47478.9 -0.0652498  -0.427775     88.821 -0.00935978  -0.0229132   0.0446879 -35.8084  2.00804 -740.653  0.260987 -0.283832  0.353681 -0.865945  0.310295   0.12962 -0.289115 -0.227687  -9.80209 
             140.601  16.6255 -56.4289  88.3038 -4750.64  4975.11 -47478.9 -0.0652063  -0.427694     88.821 -0.00936257   -0.022913   0.0446927 -35.8133  2.00836 -740.643  0.260984 -0.283731   0.35371 -0.866495  0.310109   0.12954 -0.289132  -0.22766  -9.80209 
               140.7  16.6259 -56.4278  88.2886 -4768.59  4975.94 -47851.3 -0.0653032  -0.427543     88.821 -0.00936378  -0.0229113   0.0446946 -34.7422 -1.74228 -742.544  0.261014 -0.283659  0.353725 -0.866856  0.310088  0.129514 -0.289131 -0.227627   -9.8021 
             140.799  17.5567 -45.6122  76.6044 -4771.89  4975.74   -47922 -0.0653032  -0.427543     88.821 -0.00936378  -0.0229113   0.0446946 -34.6332 -2.36406 -742.784  0.261014 -0.283659  0.353725 -0.866856  0.310088  0.129514 -0.289131 -0.227627   -9.8021 
             140.905  17.4206 -43.5622   74.664 -4771.89  4975.74   -47922 -0.0653032  -0.427543     88.821 -0.00936378  -0.0229113   0.0446946 -34.6332 -2.36406 -742.784  0.261014 -0.283659  0.353725 -0.866856  0.310088  0.129514 -0.289131 -0.227627   -9.8021 
             141.001  17.4163 -43.5598  74.6371 -4779.13  4975.18 -48077.5 -0.0652949  -0.427546     88.821 -0.00936591  -0.0229072   0.0446966 -34.4228  -3.6835 -743.255 0.261004 -0.28364  0.35372 -0.866779  0.310186    0.1295 -0.289122 -0.227633   -9.8021 
               141.1   16.838 -39.0978  70.5622 -4782.53  4974.78 -48151.1 -0.0652949  -0.427546     88.821 -0.00936591  -0.0229072   0.0446966 -34.3591 -4.25571  -743.44 0.261004 -0.28364  0.35372 -0.866779  0.310186    0.1295 -0.289122 -0.227633   -9.8021 
               141.2  16.5335 -36.9421  68.5979 -4785.86  4974.35 -48223.1 -0.0652955  -0.427548     88.821 -0.00936588  -0.0229071   0.0446965 -34.3098 -4.79278 -743.605  0.260994 -0.283648  0.353753 -0.866787  0.310188  0.129501 -0.289122 -0.227633   -9.8021 
               141.3  16.0008 -34.9154  66.8393 -4785.86  4974.35 -48223.1 -0.0652948  -0.427546     88.821 -0.0093659 -0.0229071  0.0446966 -34.3122 -4.79325 -743.605 0.261015 -0.28364 0.353736 -0.866783  0.310181  0.129501 -0.289122 -0.227633   -9.8021 
               141.4  15.9957 -34.9161  66.9334 -4792.54  4973.38 -48368.1 -0.065223  -0.42755    88.821 -0.00936519  -0.0229108   0.0446958 -34.2549 -5.85746 -743.932  0.261005 -0.283687  0.353691 -0.866649   0.31028  0.129543 -0.289116 -0.227647   -9.8021 
             141.501 13.6214 -31.631 44.5789  -4796.2  4972.73 -48447.5 -0.0650427  -0.427648    88.8209 -0.00933521  -0.0228966   0.0446712 -34.4591 -6.34625 -744.069  0.262767 -0.283135  0.356224 -0.866378  0.310186  0.129953  -0.28907 -0.227728  -9.80209 
               141.6  12.962 -29.453 42.5772 -4799.72  4972.07 -48523.2 -0.0650427  -0.427648    88.8209 -0.00933521  -0.0228966   0.0446712 -34.6205 -6.77375 -744.176  0.262767 -0.283135  0.356224 -0.866378  0.310186  0.129953  -0.28907 -0.227728  -9.80209 
               141.7 12.2594 -27.397 40.6808 -4799.72  4972.07 -48523.2 -0.0650427  -0.427648    88.8209 -0.00933521  -0.0228966   0.0446712 -34.6205 -6.77375 -744.176  0.262767 -0.283135  0.356224 -0.866378  0.310186  0.129953  -0.28907 -0.227728  -9.80209 
               141.8  12.2591 -27.3995  40.7141 -4806.59  4970.68 -48670.7 -0.0650196  -0.427691     88.821 -0.00932962  -0.0229027   0.0446698 -34.9428 -7.55309 -744.368  0.262678 -0.283107  0.356062 -0.865803  0.310469   0.13013 -0.289064 -0.227782  -9.80209 
               141.9  10.6304 -23.4565  37.0208 -4806.59  4970.68 -48670.7 -0.0650196  -0.427691     88.821 -0.00932962  -0.0229027   0.0446698 -34.9428 -7.55309 -744.368  0.262678 -0.283107  0.356062 -0.865803  0.310469   0.13013 -0.289064 -0.227782  -9.80209 
             142.003 10.6369 -23.457 37.1227 -4813.76  4969.13 -48823.1 -0.0650976  -0.427776     88.821 -0.00932705  -0.0228968    0.044662 -35.2893 -8.25931 -744.533  0.262475 -0.283068  0.355701 -0.864478   0.31041  0.130581  -0.28914 -0.227886  -9.80209 
               142.1  7.94985 -18.8606  34.6174 -4813.76  4969.13 -48823.1 -0.0651068   -0.42777     88.821 -0.00932692  -0.0228969   0.0446618 -35.2893 -8.25916 -744.533  0.262492 -0.283152  0.355565 -0.86448 0.310394  0.13059 -0.289142 -0.227887  -9.80209 
               142.2  7.94362 -18.8606  34.5688 -4820.62  4967.49 -48967.8 -0.0648531  -0.428023     88.821 -0.00937101  -0.0228736   0.0446826 -35.5307 -8.73679 -744.635  0.262279 -0.283042   0.35542 -0.863365  0.312195  0.131388 -0.289018 -0.228094  -9.80209 
               142.3  5.90335 -15.2621  30.8365 -4820.62  4967.49 -48967.8 -0.0648531  -0.428023     88.821 -0.00937101  -0.0228736   0.0446826 -35.5307 -8.73679 -744.635  0.262279 -0.283042   0.35542 -0.863365  0.312195  0.131388 -0.289018 -0.228094  -9.80209 
             142.401  5.90793 -15.2651   30.939 -4827.85   4965.7 -49119.4 -0.0646531  -0.428072     88.821 -0.00938208  -0.0228831   0.0446952 -35.7528 -9.11622 -744.713  0.262215 -0.283057  0.355401 -0.86369 0.312857  0.13191 -0.288906 -0.228118  -9.80209 
               142.5  4.16986 -11.8991  40.9159 -4831.34   4964.8 -49192.1 -0.0646908  -0.428034    88.8209 -0.00938468  -0.0228816   0.0446936 -35.7994 -9.24943 -744.731  0.261607 -0.283075  0.353346 -0.863257  0.313148  0.131925   -0.2889 -0.228114  -9.80209 
               142.6  2.99711 -10.2061  39.0023 -4834.94  4963.87 -49266.9 -0.0646908  -0.428034    88.8209 -0.00938468  -0.0228816   0.0446936 -35.8436 -9.34498  -744.74  0.261607 -0.283075  0.353346 -0.863257  0.313148  0.131925   -0.2889 -0.228114  -9.80209 
               142.7    1.738 -8.50437  37.0073 -4838.38  4962.97 -49338.4 -0.0646908  -0.428034    88.8209 -0.00938468  -0.0228816   0.0446936 -35.8845 -9.40151 -744.749  0.261607 -0.283075  0.353346 -0.863257  0.313148  0.131925   -0.2889 -0.228114  -9.80209 
               142.8 0.484759 -6.91426  35.0743 -4841.98  4962.03 -49413.1 -0.0646908  -0.428034    88.8209 -0.00938468  -0.0228816   0.0446936 -35.9146 -9.42699 -744.758  0.261607 -0.283075  0.353346 -0.863257  0.313148  0.131925   -0.2889 -0.228114  -9.80209 
               142.9 -0.876871  -5.29924   33.0259 -4841.98  4962.03 -49413.1 -0.0646908  -0.428034    88.8209 -0.00938468  -0.0228816   0.0446936 -35.9146 -9.42699 -744.758  0.261607 -0.283075  0.353346 -0.863257  0.313148  0.131925   -0.2889 -0.228114  -9.80209 
                 143 -0.865482  -5.30644   33.1489 -4849.29  4960.11 -49564.7 -0.064616 -0.428076   88.8209 -0.00938331  -0.0228842   0.0446916 -35.9345 -9.40101 -744.804  0.261622 -0.283004  0.353222 -0.863154  0.313216  0.132528 -0.288868 -0.228145  -9.80209 
               143.1  8.83361 -4.69396  36.9261 -4852.92  4959.13 -49640.1 -0.0646261  -0.428128    88.8209 -0.00938247  -0.0228857    0.044687 -35.7877 -9.67908 -744.816  0.257816 -0.282237   0.35013 -0.862202  0.314643  0.132464 -0.288816 -0.228081  -9.80209 
               143.2  7.39202 -2.78954   35.135 -4856.26  4958.22 -49709.8 -0.0646261  -0.428128    88.8209 -0.00938247  -0.0228857    0.044687 -35.7026 -9.75334 -744.833  0.257816 -0.282237   0.35013 -0.862202  0.314643  0.132464 -0.288816 -0.228081  -9.80209 
               143.3  6.32314 -1.94626  33.3648 -4856.27  4958.21 -49709.8 -0.064594 -0.428159   88.8209 -0.00938248   -0.022886   0.0446871 -35.7276 -9.78804 -744.831   0.25764 -0.281795   0.35009 -0.862028  0.314736  0.132436 -0.288806 -0.228074  -9.80209 
             143.399  6.33225 -1.95374  33.2834 -4863.54  4956.23 -49861.6 -0.0643384  -0.427802    88.8211 -0.00938946  -0.0229174   0.0446379 -35.5361 -9.89496 -744.878  0.257629 -0.281802  0.350148 -0.86323 0.312679 0.133662 -0.288783  -0.22786   -9.8021 
             143.502 3.87235 0.82476 46.0698 -4867.26  4955.19 -49939.7 -0.0643164   -0.42778    88.8211 -0.00939275  -0.0229214   0.0446388 -35.4354 -9.85243 -744.898  0.257279 -0.281788  0.346398 -0.862644  0.313021  0.133683 -0.288765  -0.22786   -9.8021 
               143.6 2.18823 2.61862 44.0755  -4870.7  4954.24 -50012.1 -0.0643164   -0.42778    88.8211 -0.00939275  -0.0229214   0.0446388 -35.3386 -9.78693  -744.92  0.257279 -0.281788  0.346398 -0.862644  0.313021  0.133683 -0.288765  -0.22786   -9.8021 
               143.7 0.570357  4.23005  42.1739 -4873.97  4953.34 -50081.1 -0.0643159   -0.42778    88.8211 -0.00939274  -0.0229214   0.0446388 -35.2377 -9.69362 -744.945  0.257282 -0.281789  0.346401 -0.862645  0.313019  0.133683 -0.288765  -0.22786   -9.8021 
             143.803 -1.02467  5.71599  40.3179 -4877.82  4952.28 -50162.7 -0.0643159   -0.42778    88.8211 -0.00939274  -0.0229214   0.0446388 -35.1112 -9.54787 -744.978  0.257282 -0.281789  0.346401 -0.862645  0.313019  0.133683 -0.288765  -0.22786   -9.8021 
             143.902 -2.97917  7.39622  38.0626 -4877.82  4952.28 -50162.7 -0.0643159   -0.42778    88.8211 -0.00939274  -0.0229214   0.0446388 -35.1112 -9.54787 -744.978  0.257282 -0.281789  0.346401 -0.862645  0.313019  0.133683 -0.288765  -0.22786   -9.8021 
                 144 -2.98151  7.39195  38.0957 -4884.72   4950.4 -50309.2 -0.0642512  -0.427854    88.8211 -0.00938962    -0.02291   0.0446328 -34.9085 -9.24504 -745.052  0.257321 -0.281754  0.346364 -0.862556  0.313245  0.134306 -0.288742 -0.227929   -9.8021 
               144.1 -6.79861  10.2145  33.8601 -4884.72   4950.4 -50309.2 -0.0642512  -0.427854    88.8211 -0.00938962    -0.02291   0.0446328 -34.9085 -9.24504 -745.052  0.257321 -0.281754  0.346364 -0.862556  0.313245  0.134306 -0.288742 -0.227929   -9.8021 
               144.2 -6.79835  10.2126  33.8637 -4884.72  4950.41 -50309.2 -0.0641845  -0.427702     88.821 -0.00940927  -0.0228901   0.0446351 -34.9039 -9.23612 -745.054  0.257394 -0.281791  0.346456 -0.863753  0.312558  0.134382 -0.288687 -0.227783   -9.8021 
               144.3 -6.79706    10.21  33.8316 -4895.08  4947.71   -50531 -0.0638292  -0.427698     88.821 -0.0094531 -0.0228691  0.0446432 -34.4603 -8.50874 -745.237  0.257503 -0.281859  0.346631 -0.865224   0.31117  0.133822 -0.288676  -0.22751  -9.80211 
               144.4 -12.8489  13.9221  27.0001 -4895.08  4947.71   -50531 -0.0638292  -0.427698     88.821 -0.0094531 -0.0228691  0.0446432 -34.4603 -8.50874 -745.237  0.257503 -0.281859  0.346631 -0.865224   0.31117  0.133822 -0.288676  -0.22751  -9.80211 
               144.5 -12.8505  13.9214  26.9665 -4902.04     4946 -50681.7 -0.0638147  -0.427739     88.821 -0.00945188  -0.0228696   0.0446431 -34.1537  -7.8352 -745.438  0.257501 -0.281863  0.346635 -0.865238  0.311209  0.134084  -0.28867 -0.227537  -9.80211 
               144.6 -16.8263  16.1417  26.2578 -4905.28  4945.27 -50752.6 -0.0638229  -0.427721     88.821 -0.00945242  -0.0228698   0.0446431  -33.994 -7.45685 -745.557  0.257548 -0.281747  0.346046 -0.865128  0.311213  0.134068 -0.288667 -0.227533  -9.80211 
             144.707 -18.9692  17.0192  23.8935 -4908.89   4944.5 -50831.8 -0.0638229  -0.427721     88.821 -0.00945242  -0.0228698   0.0446431 -33.7973  -7.0066 -745.705  0.257548 -0.281747  0.346046 -0.865128  0.311213  0.134068 -0.288667 -0.227533  -9.80211 
               144.8 -21.4235  17.8952  21.1993 -4912.18  4943.84 -50904.7 -0.0638229  -0.427721     88.821 -0.00945242  -0.0228698   0.0446431 -33.6046  -6.5618 -745.866  0.257548 -0.281747  0.346046 -0.865128  0.311213  0.134068 -0.288667 -0.227533  -9.80211 
               144.9 -23.7247  18.5998  18.6809  -4915.6   4943.2 -50980.8 -0.0638229  -0.427721     88.821 -0.00945242  -0.0228698   0.0446431 -33.3871 -6.07435 -746.053  0.257548 -0.281747  0.346046 -0.865128  0.311213  0.134068 -0.288667 -0.227533  -9.80211 
             145.001 -26.1672  19.2306  16.0106 -4918.96  4942.61 -51056.2 -0.0638229  -0.427721     88.821 -0.00945242  -0.0228698   0.0446431 -33.1577 -5.56837  -746.26  0.257548 -0.281747  0.346046 -0.865128  0.311213  0.134068 -0.288667 -0.227533  -9.80211 
               145.1 -28.647 19.8888 13.1632  -4922.2  4942.08 -51129.5 -0.0638531   -0.42762    88.8209 -0.00945246  -0.0228692   0.0446428 -32.9026 -5.05468 -746.482 0.257478 -0.28256 0.345778 -0.86536 0.311191 0.134083 -0.288677 -0.227537  -9.80211 
               145.2 -31.0755  20.2899  10.5241 -4925.28  4941.63 -51199.7 -0.0638531   -0.42762    88.8209 -0.00945246  -0.0228692   0.0446428 -32.6568 -4.53512 -746.716 0.257478 -0.28256 0.345778 -0.86536 0.311191 0.134083 -0.288677 -0.227537  -9.80211 
             145.302 -33.4084   20.578  7.97988 -4928.86  4941.17 -51281.9 -0.0638531   -0.42762    88.8209 -0.00945246  -0.0228692   0.0446428 -32.3429 -3.91624 -747.012 0.257478 -0.28256 0.345778 -0.86536 0.311191 0.134083 -0.288677 -0.227537  -9.80211 
               145.4 -36.1807  20.7864  4.98381    -4932  4940.81 -51354.8 -0.0638531   -0.42762    88.8209 -0.00945246  -0.0228692   0.0446428 -32.0482 -3.34591 -747.301 0.257478 -0.28256 0.345778 -0.86536 0.311191 0.134083 -0.288677 -0.227537  -9.80211 
               145.5 -38.6435  20.8544  2.32344 -4935.04  4940.52   -51426 -0.0638531   -0.42762    88.8209 -0.00945246  -0.0228692   0.0446428 -31.7473  -2.7728 -747.605 0.257478 -0.28256 0.345778 -0.86536 0.311191 0.134083 -0.288677 -0.227537  -9.80211 
             145.601 -41.3957   16.151 -19.7113 -4937.49  4939.89 -51504.9 -0.0636337   -0.43002    88.8221 -0.00944091  -0.0228653   0.0446313 -29.7419 -2.94375 -747.997  0.248088 -0.301592  0.363125 -0.872015  0.313083  0.134988  -0.28903 -0.227809  -9.80209 
               145.7 -43.7876  15.9998 -22.6746 -4940.19  4939.65 -51573.1 -0.0636337   -0.43002    88.8221 -0.00944091  -0.0228653   0.0446313 -29.2763  -2.5068 -748.311  0.248088 -0.301592  0.363125 -0.872015  0.313083  0.134988  -0.28903 -0.227809  -9.80209 
               145.8 -46.7091  15.3119 -23.6792 -4943.31  4939.49 -51650.2 -0.0650241  -0.429082    88.8226 -0.00942732  -0.0228792   0.0446582 -28.9164 -1.83454 -748.216  0.252387 -0.297255  0.365248 -0.864068  0.318773  0.120113 -0.289318 -0.226677  -9.80211 
               145.9 -49.0376  14.8781 -26.5509 -4946.26  4939.33 -51727.4 -0.0650241  -0.429082    88.8226 -0.00942732  -0.0228792   0.0446582 -28.3569 -1.30906  -748.63  0.252387 -0.297255  0.365248 -0.864068  0.318773  0.120113 -0.289318 -0.226677  -9.80211 
             146.001 -51.3209  14.3382 -29.3651 -4949.07  4939.23 -51802.2 -0.0650241  -0.429082    88.8226 -0.00942732  -0.0228792   0.0446582  -27.7883 -0.797277  -749.062  0.252387 -0.297255  0.365248 -0.864068  0.318773  0.120113 -0.289318 -0.226677  -9.80211 
               146.1 -53.2043  13.4526 -32.9544 -4951.73  4939.12   -51877 -0.064984 -0.428793   88.8226 -0.00942644  -0.0228782   0.0446567    -27.09 -0.375853  -749.505  0.250902 -0.298642   0.36605 -0.864321  0.319157  0.120095 -0.289349 -0.226686  -9.80211 
               146.2 -55.3126  12.7443 -35.6268 -4954.16  4939.11   -51945 -0.064984 -0.428793   88.8226 -0.00942644  -0.0228782   0.0446567  -26.5245 0.0661614  -749.934  0.250902 -0.298642   0.36605 -0.864321  0.319157  0.120095 -0.289349 -0.226686  -9.80211 
             146.303 -57.2027  12.0194 -38.0235 -4957.08  4939.15 -52028.4 -0.064984 -0.428793   88.8226 -0.00942644  -0.0228782   0.0446567 -25.8034 0.608418 -750.494  0.250902 -0.298642   0.36605 -0.864321  0.319157  0.120095 -0.289349 -0.226686  -9.80211 
             146.403 -59.4599  11.0251  -40.924 -4959.68  4939.23 -52105.1 -0.064984 -0.428793   88.8226 -0.00942644  -0.0228782   0.0446567 -25.115 1.09046 -751.03  0.250902 -0.298642   0.36605 -0.864321  0.319157  0.120095 -0.289349 -0.226686  -9.80211 
               146.5 -61.4789  10.0161 -43.5359 -4959.68  4939.23 -52105.1 -0.064984 -0.428793   88.8226 -0.00942644  -0.0228782   0.0446567 -25.115 1.09046 -751.03  0.250902 -0.298642   0.36605 -0.864321  0.319157  0.120095 -0.289349 -0.226686  -9.80211 
               146.6 -61.4774  10.0222 -43.5246 -4959.68  4939.24 -52105.1 -0.0649976  -0.428745    88.8226 -0.00942684  -0.0228783   0.0446569 -25.1168  1.09284 -751.027 0.250886 -0.29862 0.366053 -0.864213  0.319308  0.119851 -0.289352 -0.226654  -9.80211 
               146.7 -61.4716  10.0401 -43.4967 -4966.88   4939.6 -52321.2 -0.0652063  -0.428247    88.8226 -0.00942885   -0.022878   0.0446575 -23.1429  2.44698 -752.583  0.250784 -0.298593  0.366254 -0.863529  0.319998   0.11863 -0.289388 -0.226499  -9.80211 
             146.803 -66.8657  6.72286 -50.6116 -4969.45   4939.9   -52406 -0.0652063  -0.428247    88.8226 -0.00942885   -0.022878   0.0446575 -22.2843  2.92194  -753.29  0.250784 -0.298593  0.366254 -0.863529  0.319998   0.11863 -0.289388 -0.226499  -9.80211 
               146.9 -68.8465  5.25491 -53.3006 -4971.58   4940.2 -52479.4 -0.0652063  -0.428247    88.8226 -0.00942885   -0.022878   0.0446575 -21.5232  3.31469 -753.925  0.250784 -0.298593  0.366254 -0.863529  0.319998   0.11863 -0.289388 -0.226499  -9.80211 
                 147 -70.5545  3.60368 -58.3395 -4973.56  4940.51 -52550.4 -0.0652107  -0.428266    88.8226 -0.0094289  -0.022878  0.0446575 -20.7053  3.55322 -754.561  0.250767 -0.298815  0.366424 -0.863607  0.320045  0.118594 -0.289389 -0.226497  -9.80211 
               147.1 -72.2256  2.49768 -59.9937 -4975.72  4940.91 -52630.4 -0.065133 -0.428307   88.8227 -0.00942898  -0.0228778   0.0446583 -19.8327  3.92367 -755.303  0.251131 -0.298794  0.366398 -0.863444  0.320207  0.118504 -0.289404 -0.226493  -9.80211 
             147.199 -73.8979 0.894116  -62.374 -4977.64  4941.31 -52705.1 -0.065133 -0.428307   88.8227 -0.00942898  -0.0228778   0.0446583 -18.9892  4.22319  -756.02  0.251131 -0.298794  0.366398 -0.863444  0.320207  0.118504 -0.289404 -0.226493  -9.80211 
               147.3  -75.1489 -0.748893  -64.5659 -4979.43  4941.73   -52778 -0.0650398  -0.428535    88.8227 -0.00942876  -0.0228784    0.044658 -18.1582  4.49229 -756.723   0.25024 -0.298705  0.366892 -0.863401  0.320646  0.118421 -0.289398 -0.226478  -9.80211 
               147.4 -76.5474  -2.3151 -66.6592 -4981.27  4942.21 -52856.8 -0.0650398  -0.428535    88.8227 -0.00942876  -0.0228784    0.044658 -17.2436  4.75589  -757.51   0.25024 -0.298705  0.366892 -0.863401  0.320646  0.118421 -0.289398 -0.226478  -9.80211 
               147.5 -77.9921 -4.06127 -68.8724 -4982.92  4942.69   -52931 -0.0650398  -0.428535    88.8227 -0.00942876  -0.0228784    0.044658 -16.3716  4.97817 -758.274   0.25024 -0.298705  0.366892 -0.863401  0.320646  0.118421 -0.289398 -0.226478  -9.80211 
               147.6 -79.3834 -6.27699 -71.0174 -4984.51   4943.2 -53006.5 -0.0652281  -0.426313     88.823 -0.00943803  -0.0228922   0.0446775 -15.459 5.17136 -758.63 0.250166  -0.2979 0.369723 -0.856503  0.342027  0.106217 -0.289622 -0.225181  -9.80214 
               147.7 -80.6258 -8.07059 -73.0726 -4984.51   4943.2 -53006.5 -0.0652281  -0.426313     88.823 -0.00943803  -0.0228922   0.0446775 -15.459 5.17136 -758.63 0.250166  -0.2979 0.369723 -0.856503  0.342027  0.106217 -0.289622 -0.225181  -9.80214 
             147.801 -80.6261 -8.08893 -73.0605 -4984.51  4943.19 -53006.5 -0.0652622  -0.426429     88.823 -0.00943885  -0.0228902    0.044678 -15.4602  5.16122 -758.631  0.250158 -0.297794  0.369742 -0.856632  0.342233  0.106638 -0.289651  -0.22529  -9.80213 
               147.9 -80.6353 -8.08573 -73.0462 -4988.96  4944.78 -53235.6 -0.0653147  -0.426495     88.823 -0.00943883  -0.0228884   0.0446783 -12.7279  5.62455 -761.075  0.250162 -0.297797  0.369801 -0.856363  0.342565  0.106856 -0.289696  -0.22533  -9.80213 
                 148 -84.0372 -13.7159 -79.0789 -4990.17  4945.34 -53310.2 -0.0653147  -0.426495     88.823 -0.00943883  -0.0228884   0.0446783 -11.8113  5.69337 -761.913  0.250162 -0.297797  0.369801 -0.856363  0.342565  0.106856 -0.289696  -0.22533  -9.80213 
             148.099 -84.7976 -16.1059 -93.3714 -4991.29  4945.82 -53386.3 -0.0654078  -0.426656    88.8231 -0.00943742  -0.0228861   0.0446773 -10.8396  5.13079 -762.815  0.250493 -0.299211  0.370141 -0.856565  0.340883  0.106962 -0.289713 -0.225404  -9.80213 
             148.199 -85.7254 -18.0735 -95.3365 -4991.29  4945.82 -53386.3 -0.0654078  -0.426656    88.8231 -0.00943742  -0.0228861   0.0446773 -10.8396  5.13079 -762.815  0.250493 -0.299211  0.370141 -0.856565  0.340883  0.106962 -0.289713 -0.225404  -9.80213 
             148.303 -85.7198 -18.0864 -95.4398 -4993.43  4946.84 -53542.9 -0.0653398   -0.42681    88.8231 -0.00944155  -0.0228857   0.0446947 -8.92943   4.7141 -764.631  0.250515 -0.299003  0.370155 -0.857692   0.34116  0.106864 -0.289696 -0.225479  -9.80213 
               148.4 -87.5441 -22.2401  -99.443 -4994.25  4947.29 -53617.1 -0.0653398   -0.42681    88.8231 -0.00944155  -0.0228857   0.0446947 -8.04651  4.44917 -765.506  0.250515 -0.299003  0.370155 -0.857692   0.34116  0.106864 -0.289696 -0.225479  -9.80213 
               148.5 -88.2661 -24.2382 -101.319 -4994.99   4947.7 -53690.9 -0.0653398   -0.42681    88.8231 -0.00944155  -0.0228857   0.0446947 -7.17764  4.15599 -766.383  0.250515 -0.299003  0.370155 -0.857692   0.34116  0.106864 -0.289696 -0.225479  -9.80213 
               148.6 -88.9521 -26.2216 -103.214 -4995.67   4948.1 -53767.9 -0.0653398   -0.42681    88.8231 -0.00944154  -0.0228857   0.0446947 -6.28158  3.81366 -767.312  0.250523 -0.299006   0.37015 -0.857693  0.341158  0.106863 -0.289696 -0.225479  -9.80213 
             148.703 -89.5642 -28.3338 -105.175 -4996.29  4948.49 -53850.4 -0.0653398   -0.42681    88.8231 -0.00944154  -0.0228857   0.0446947 -5.33713  3.41445 -768.301  0.250523 -0.299006   0.37015 -0.857693  0.341158  0.106863 -0.289696 -0.225479  -9.80213 
               148.8 -90.1571  -30.607 -107.285 -4996.77   4948.8 -53924.1 -0.0653398   -0.42681    88.8231 -0.00944154  -0.0228857   0.0446947 -4.50928    3.024 -769.193  0.250523 -0.299006   0.37015 -0.857693  0.341158  0.106863 -0.289696 -0.225479  -9.80213 
               148.9 -90.5475 -32.3695 -109.314 -4996.77   4948.8 -53924.1 -0.0653254  -0.426831    88.8231 -0.0094418 -0.0228858  0.0446945 -4.51315  3.01461 -769.184 0.250884 -0.29884 0.369587 -0.85754 0.341042 0.106851 -0.289703 -0.225476  -9.80213 
                 149 -90.5481 -32.3757 -109.395 -4997.56  4949.34 -54076.8 -0.0648356  -0.425956    88.8221 -0.00944206  -0.0228832   0.0446952  -2.8385  2.11598 -771.022  0.250963 -0.298865   0.36961 -0.857662  0.341204  0.106809 -0.289695 -0.225452  -9.80213 
               149.1 -91.2452 -36.6423 -113.444  -4997.8  4949.53 -54152.7 -0.0648356  -0.425956    88.8221 -0.00944206  -0.0228832   0.0446952 -2.03782  1.61874 -771.939  0.250963 -0.298865   0.36961 -0.857662  0.341204  0.106809 -0.289695 -0.225452  -9.80213 
               149.2 -91.4643 -38.7658 -115.504 -4997.96  4949.66 -54226.4 -0.0648356  -0.425956    88.8221 -0.00944206  -0.0228832   0.0446952 -1.27679  1.10679 -772.831  0.250963 -0.298865   0.36961 -0.857662  0.341204  0.106809 -0.289695 -0.225452  -9.80213 
             149.301 -91.5834 -40.8327 -117.556 -4997.96  4949.66 -54226.4 -0.0648356  -0.425956    88.8221 -0.00944206  -0.0228832   0.0446952 -1.27679  1.10679 -772.831  0.250963 -0.298865   0.36961 -0.857662  0.341204  0.106809 -0.289695 -0.225452  -9.80213 
               149.4 -91.5847 -40.8326 -117.604 -4997.96  4949.66 -54226.4 -0.0647881  -0.425938    88.8221 -0.00944029  -0.0228838   0.0446962 -1.2734   1.109 -772.83  0.251021 -0.298943  0.369611 -0.857463  0.341428  0.106621 -0.289651 -0.225409  -9.80213 
               149.5 -91.5866 -40.8359 -117.495 -4998.18  4949.88 -54460.6 -0.0649894  -0.425209    88.8217 -0.00944528  -0.0228835   0.0446949   1.06832 -0.605476  -775.662  0.250952 -0.298784   0.36965 -0.857933  0.341147  0.107232 -0.289769 -0.225469  -9.80213 
               149.6  -91.452 -47.4273 -124.462 -4998.04  4949.78 -54541.3 -0.0649894  -0.425209    88.8217 -0.00944528  -0.0228835   0.0446949  1.80974 -1.28375 -776.616  0.250952 -0.298784   0.36965 -0.857933  0.341147  0.107232 -0.289769 -0.225469  -9.80213 
               149.7 -91.0686 -49.6712 -127.067 -4998.04  4949.78 -54541.3 -0.0649894  -0.425209    88.8217 -0.00944528  -0.0228835   0.0446949  1.80974 -1.28375 -776.616  0.250952 -0.298784   0.36965 -0.857933  0.341147  0.107232 -0.289769 -0.225469  -9.80213 
             149.803 -91.0589 -49.6713 -127.272 -4997.65   4949.5 -54699.3 -0.0648316  -0.425101    88.8216 -0.00944672  -0.0228845   0.0446957   3.2378 -2.65964 -778.487  0.251027 -0.298807   0.36967 -0.858022  0.341606  0.106716 -0.289688 -0.225445  -9.80213 
               149.9 -89.1852 -53.9544 -134.296 -4997.34  4949.24 -54768.4 -0.0648317  -0.425106    88.8216 -0.00944678  -0.0228844   0.0446957  3.78809 -3.31652 -779.267  0.251072 -0.298871  0.369672 -0.858041  0.341599  0.106717 -0.289688 -0.225447  -9.80213 
             150.009 -88.3107 -55.7957 -136.995 -4996.87  4948.82 -54856.7 -0.0648317  -0.425106    88.8216 -0.00944678  -0.0228844   0.0446957   4.4629 -4.18156 -780.256  0.251072 -0.298871  0.369672 -0.858041  0.341599  0.106717 -0.289688 -0.225447  -9.80213 
               150.1 -86.8932 -58.1148 -140.721 -4996.44  4948.41 -54927.2 -0.0648317  -0.425106    88.8216 -0.00944678  -0.0228844   0.0446957  4.97395 -4.88742 -781.034  0.251072 -0.298871  0.369672 -0.858041  0.341599  0.106717 -0.289688 -0.225447  -9.80213 
             150.204 -85.0482 -59.7713 -139.258 -4995.83  4947.89 -55010.6 -0.0648816  -0.425051    88.8216 -0.00944656  -0.0228852   0.0446953   5.8123 -5.52231 -781.908 0.250285 -0.29843 0.369633 -0.85788 0.341759 0.106713 -0.289681 -0.225427  -9.80213 
             150.303 -83.0084 -61.8363 -143.434 -4995.25  4947.32   -55086 -0.0648816  -0.425051    88.8216 -0.00944656  -0.0228852   0.0446953  6.37408 -6.26121 -782.701 0.250285 -0.29843 0.369633 -0.85788 0.341759 0.106713 -0.289681 -0.225427  -9.80213 
               150.4   -80.75 -63.6271 -147.602 -4994.57  4946.64 -55165.9 -0.0648816  -0.425051    88.8216 -0.00944656  -0.0228852   0.0446953  6.94137 -7.06392 -783.527 0.250285 -0.29843 0.369633 -0.85788 0.341759 0.106713 -0.289681 -0.225427  -9.80213 
               150.5 -78.2909  -65.526 -150.679 -4993.82  4945.95 -55242.6 -0.0648925  -0.424957    88.8216 -0.00944619  -0.0228854   0.0446951  7.58315 -7.74767 -784.309  0.250027 -0.297971  0.369683 -0.857729  0.341802  0.106691 -0.289673 -0.225414  -9.80213 
               150.6   -73.71 -68.1327 -155.714 -4992.97  4945.19 -55320.2 -0.0651862  -0.424859    88.8218  -0.009446 -0.0228836  0.0447007  8.26726 -8.41733 -784.988  0.248666 -0.300112  0.373896 -0.861231  0.343558  0.106613 -0.289662 -0.225438  -9.80213 
               150.7 -69.2995 -69.6127 -162.036 -4992.15  4944.34 -55395.9 -0.0651862  -0.424859    88.8218  -0.009446 -0.0228836  0.0447007  8.76058 -9.19318 -785.718  0.248666 -0.300112  0.373896 -0.861231  0.343558  0.106613 -0.289662 -0.225438  -9.80213 
               150.8 -62.6733 -68.4337 -180.002 -4991.74  4943.04 -55479.1 -0.0644565  -0.423963    88.8209 -0.00944707  -0.0228942    0.044707    8.148 -10.7565 -786.388  0.257659 -0.305062  0.370959 -0.868412  0.345969   0.10944 -0.289984 -0.224953  -9.80213 
               150.9 -57.2421 -69.4644  172.445  -4990.9   4941.9 -55558.8 -0.0644565  -0.423963    88.8209 -0.00944707  -0.0228942    0.044707  8.45423 -11.6574 -787.086  0.257659 -0.305062  0.370959 -0.868412  0.345969   0.10944 -0.289984 -0.224953  -9.80213 
                 151 -51.4797 -70.1883  164.634 -4990.09  4940.77 -55632.9 -0.0644565  -0.423963    88.8209 -0.00944707  -0.0228942    0.044707  8.71051 -12.4997 -787.715  0.257659 -0.305062  0.370959 -0.868412  0.345969   0.10944 -0.289984 -0.224953  -9.80213 
               151.1 -50.4108 -69.0581  -162.72 -4986.04  4941.78 -55713.6  -0.06292 -0.430386   88.8235 -0.0094767 -0.0230742  0.0447848  14.2652 -9.89183 -787.338  0.225039 -0.315431  0.343167 -0.925483  0.376894  0.108574 -0.291783 -0.223413  -9.80211 
               151.2   -44.54  -69.303 -170.517 -4986.04  4941.78 -55713.6  -0.06292 -0.430386   88.8235 -0.0094767 -0.0230742  0.0447848  14.2652 -9.89183 -787.338  0.225039 -0.315431  0.343167 -0.925483  0.376894  0.108574 -0.291783 -0.223413  -9.80211 
             151.302  -44.549 -69.2979 -170.619 -4983.06  4939.71   -55875 -0.0628631  -0.430367    88.8235 -0.00947807   -0.023076   0.0447878  15.6527 -11.1178 -788.648 0.225432 -0.31555  0.34328 -0.925766  0.377092  0.108564 -0.291772 -0.223391  -9.80211 
               151.4 -33.0938 -68.9606  174.053 -4981.52  4938.61 -55951.3 -0.0628631  -0.430367    88.8235 -0.00947807   -0.023076   0.0447878  16.2521 -11.7198 -789.208 0.225432 -0.31555  0.34328 -0.925766  0.377092  0.108564 -0.291772 -0.223391  -9.80211 
               151.5 -27.9261 -68.4377  167.096 -4979.94  4937.46 -56026.7 -0.0628627  -0.430367    88.8235 -0.00947807   -0.023076   0.0447878   16.823 -12.3247  -789.74  0.225432 -0.315549  0.343281 -0.925765  0.377092  0.108563 -0.291772 -0.223391  -9.80211 
               151.6 -22.8727 -67.7526  162.204 -4978.29  4936.26 -56102.8 -0.0628789  -0.430361    88.8235 -0.00947785  -0.0230759   0.0447877  17.4462 -12.8677 -790.248  0.225102 -0.315482   0.34316 -0.925707  0.377164  0.108568  -0.29177 -0.223382  -9.80211 
             151.705 -18.4867  -66.796  156.031 -4976.29  4934.78 -56191.4 -0.0628789  -0.430361    88.8235 -0.00947785  -0.0230759   0.0447877  18.0828   -13.57 -790.818  0.225102 -0.315482   0.34316 -0.925707  0.377164  0.108568  -0.29177 -0.223382  -9.80211 
             151.801 -13.9407 -65.4704  149.393 -4974.53  4933.44 -56267.6 -0.0628789  -0.430361    88.8235 -0.00947785  -0.0230759   0.0447877   18.605 -14.1764 -791.281  0.225102 -0.315482   0.34316 -0.925707  0.377164  0.108568  -0.29177 -0.223382  -9.80211 
             151.901 -10.5368 -64.1746  144.178 -4972.63  4931.98 -56347.4 -0.0628789  -0.430361    88.8235 -0.00947785  -0.0230759   0.0447877  19.1251 -14.8171  -791.74  0.225102 -0.315482   0.34316 -0.925707  0.377164  0.108568  -0.29177 -0.223382  -9.80211 
                 152 -7.36067 -62.6796  139.123 -4972.63  4931.98 -56347.4 -0.0628796  -0.430362    88.8235 -0.00947786  -0.0230759   0.0447877  19.1263 -14.8153 -791.739  0.225087 -0.315497    0.3432 -0.925717  0.377169   0.10857 -0.291769 -0.223382  -9.80211 
               152.1 -7.37172  -62.676  138.915 -4968.78     4929 -56505.2 -0.0623909  -0.430271    88.8234 -0.00948266  -0.0230857   0.0447743  20.1198 -16.0948 -792.632  0.225418 -0.315497  0.343361 -0.924015   0.37745  0.108554 -0.291607 -0.223378  -9.80212 
             152.199 -2.44853 -59.3625  130.202 -4968.78     4929 -56505.2 -0.0623909  -0.430271    88.8234 -0.00948266  -0.0230857   0.0447743  20.1198 -16.0948 -792.632  0.225418 -0.315497  0.343361 -0.924015   0.37745  0.108554 -0.291607 -0.223378  -9.80212 
               152.3 -2.45447 -59.3617  130.102 -4964.77  4925.76 -56662.1 -0.0624565  -0.430258    88.8234 -0.00948154  -0.0230843   0.0447739  20.9798 -17.3736 -793.409  0.225398 -0.315484  0.343356 -0.924475  0.377357  0.108595 -0.291649 -0.223366  -9.80212 
               152.4  0.97859 -55.8279  122.712 -4962.62  4923.97 -56742.7 -0.0624565  -0.430258    88.8234 -0.00948154  -0.0230843   0.0447739  21.3627 -18.0125 -793.752  0.225398 -0.315484  0.343356 -0.924475  0.377357  0.108595 -0.291649 -0.223366  -9.80212 
               152.5  2.36056 -53.9416  119.329  -4960.6  4922.25 -56817.2 -0.0624565  -0.430258    88.8234 -0.00948154  -0.0230843   0.0447739  21.6906 -18.5983  -794.05  0.225398 -0.315484  0.343356 -0.924475  0.377357  0.108595 -0.291649 -0.223366  -9.80212 
               152.6  3.24579 -52.2121  116.226 -4958.31  4920.27 -56900.2 -0.0624541  -0.430258    88.8234 -0.00948151  -0.0230843   0.0447739  22.0179 -19.2496 -794.356  0.225461 -0.315476  0.343379 -0.924485   0.37734  0.108592  -0.29165 -0.223367  -9.80212 
               152.7  4.23175 -50.2003  113.142 -4956.11  4918.33 -56979.2 -0.0624541  -0.430258    88.8234 -0.00948151  -0.0230843   0.0447739  22.3103 -19.8504 -794.624  0.225461 -0.315476  0.343379 -0.924485   0.37734  0.108592  -0.29165 -0.223367  -9.80212 
             152.802  4.97035 -48.2591   110.37 -4953.76  4916.22 -57062.5 -0.0624541  -0.430258    88.8234 -0.00948151  -0.0230843   0.0447739  22.5956 -20.4701 -794.885  0.225461 -0.315476  0.343379 -0.924485   0.37734  0.108592  -0.29165 -0.223367  -9.80212 
             152.899  5.56923 -46.1891  107.599 -4951.57  4914.22 -57138.9 -0.0624541  -0.430258    88.8234 -0.00948151  -0.0230843   0.0447739  22.8344 -21.0211 -795.101  0.225461 -0.315476  0.343379 -0.924485   0.37734  0.108592  -0.29165 -0.223367  -9.80212 
                 153  5.86995 -44.3223  105.281 -4949.41  4912.22 -57213.8 -0.0624561  -0.430256    88.8234 -0.0094815 -0.0230843  0.0447739  23.0433  -21.552 -795.298  0.225469 -0.315443  0.343352 -0.924471  0.377338  0.108589  -0.29165 -0.223366  -9.80212 
             153.103  6.15784 -42.4394   102.99 -4949.41  4912.22 -57213.8 -0.0624561  -0.430256    88.8234 -0.0094815 -0.0230843  0.0447739  23.0433  -21.552 -795.298  0.225469 -0.315443  0.343352 -0.924471  0.377338  0.108589  -0.29165 -0.223366  -9.80212 
             153.201  6.14493 -42.4545  102.519  -4944.6  4907.69 -57379.6 -0.0624379  -0.430043    88.8233 -0.00948134  -0.0230857   0.0447768  23.4281 -22.7004 -795.681  0.225987 -0.315152   0.34356 -0.925432  0.377648  0.108479 -0.291644  -0.22323  -9.80212 
               153.3  7.43836 -37.7592  123.506 -4942.27  4905.44 -57457.3 -0.0623632  -0.430415    88.8234 -0.00947088    -0.02305    0.044754  23.9248 -23.0109 -795.902  0.223303 -0.315555   0.34128 -0.919601  0.378939  0.111366 -0.291352 -0.223561  -9.80212 
               153.4  7.36201 -35.7668  121.427 -4939.83  4903.09 -57538.1 -0.0623632  -0.430415    88.8234 -0.00947088    -0.02305    0.044754  24.2484 -23.3659 -796.034  0.223303 -0.315555   0.34128 -0.919601  0.378939  0.111366 -0.291352 -0.223561  -9.80212 
               153.5  7.19384 -33.6999  119.314 -4937.53  4900.87 -57613.2 -0.0623632  -0.430415    88.8234 -0.00947088    -0.02305    0.044754  24.5224 -23.6835 -796.141  0.223303 -0.315555   0.34128 -0.919601  0.378939  0.111366 -0.291352 -0.223561  -9.80212 
               153.6 6.96151 -31.788 117.387 -4935.05  4898.47 -57693.3 -0.0623632  -0.430415    88.8234 -0.00947088    -0.02305    0.044754   24.782 -24.0142 -796.244  0.223303 -0.315555   0.34128 -0.919601  0.378939  0.111366 -0.291352 -0.223561  -9.80212 
               153.7 6.63633 -29.753 115.355 -4932.45  4895.95 -57776.3 -0.0623632  -0.430415    88.8234 -0.00947088    -0.02305    0.044754  25.0227 -24.3381 -796.332  0.223303 -0.315555   0.34128 -0.919601  0.378939  0.111366 -0.291352 -0.223561  -9.80212 
               153.8  6.01367 -27.9394  113.098 -4929.96  4893.52 -57855.3 -0.0623788  -0.430417    88.8234 -0.00947041  -0.0230501   0.0447541  25.2053 -24.6549 -796.408  0.223636 -0.314685  0.340942 -0.919269  0.378863  0.111328 -0.291348  -0.22355  -9.80212 
               153.9  7.68347 -26.6218  112.874 -4927.34  4891.06 -57935.8 -0.0625481   -0.42976    88.8232 -0.00947041  -0.0230525   0.0447563  25.6139 -24.8109 -796.397  0.220007 -0.312421  0.342068 -0.924606  0.378948  0.106845 -0.291614 -0.222973  -9.80213 
                 154  7.16014 -24.5787  110.949 -4924.93  4888.73 -58010.4 -0.0625481   -0.42976    88.8232 -0.00947041  -0.0230525   0.0447563  25.7901 -25.0463  -796.45  0.220007 -0.312421  0.342068 -0.924606  0.378948  0.106845 -0.291614 -0.222973  -9.80213 
               154.1  7.70153 -24.5268  101.158 -4922.34  4885.97 -58093.2 -0.0580494  -0.434093    88.8222 -0.00947599  -0.0230601   0.0447724  25.7752 -25.6314 -796.511  0.215568 -0.306342  0.351092 -0.926481   0.38294   0.10518 -0.291208 -0.222487  -9.80215 
               154.2  7.15006 -22.4456  99.1507 -4919.73  4883.37 -58173.6 -0.0580494  -0.434093    88.8222 -0.00947599  -0.0230601   0.0447724  25.9099  -25.888 -796.556  0.215568 -0.306342  0.351092 -0.926481   0.38294   0.10518 -0.291208 -0.222487  -9.80215 
             154.302  6.54175 -20.4491  97.2044 -4917.06  4880.69 -58255.7 -0.0580494  -0.434093    88.8222 -0.00947599  -0.0230601   0.0447724  26.0226 -26.1258 -796.594  0.215568 -0.306342  0.351092 -0.926481   0.38294   0.10518 -0.291208 -0.222487  -9.80215 
             154.401  5.84873 -18.4294  95.2258 -4917.06  4880.69 -58255.7 -0.0580494  -0.434093    88.8222 -0.00947599  -0.0230601   0.0447724  26.0226 -26.1258 -796.594  0.215568 -0.306342  0.351092 -0.926481   0.38294   0.10518 -0.291208 -0.222487  -9.80215 
               154.5 5.84396 -18.428 95.2077 -4912.09  4875.69 -58407.8 -0.0580129  -0.434153    88.8222 -0.00947799  -0.0230561   0.0447738  26.1763 -26.5405  -796.65 0.215548 -0.30634 0.351088 -0.926286  0.382978   0.10491 -0.291199 -0.222526  -9.80215 
             154.603  5.31067 -14.8396  117.239 -4909.21  4872.78   -58495 -0.0582761  -0.434101    88.8224 -0.00958591  -0.0230233   0.0447869  26.3303 -26.6307 -796.674  0.214756 -0.306384  0.349037 -0.925265  0.384082  0.104764 -0.291062 -0.222526  -9.80216 
             154.701  4.38064 -12.7439  115.157 -4906.61  4870.14 -58573.6 -0.0582761  -0.434101    88.8224 -0.00958591  -0.0230233   0.0447869  26.4086 -26.7051 -796.687  0.214756 -0.306384  0.349037 -0.925265  0.384082  0.104764 -0.291062 -0.222526  -9.80216 
               154.8 3.27282 -10.739 113.248 -4906.61  4870.14 -58573.6 -0.0579773  -0.434424    88.8223 -0.00958456  -0.0230216   0.0447883  26.4032 -26.7042 -796.685  0.215403 -0.306837  0.349144 -0.925529   0.38382  0.104675 -0.291096 -0.222559  -9.80215 
               154.9 3.26732 -10.739 113.103 -4901.34  4864.82 -58732.4 -0.0575998  -0.434043    88.8222 -0.00957806  -0.0230245    0.044788  26.5089 -26.8524 -796.713  0.215506 -0.306837  0.349503 -0.925594  0.383649  0.105003 -0.291093 -0.222576  -9.80215 
                 155  1.15227 -7.09191  109.179 -4901.34  4864.82 -58732.4 -0.0575998  -0.434043    88.8222 -0.00957806  -0.0230245    0.044788  26.5089 -26.8524 -796.713  0.215506 -0.306837  0.349503 -0.925594  0.383649  0.105003 -0.291093 -0.222576  -9.80215 
             155.099   1.1478 -7.09243  109.043 -4896.16  4859.56 -58888.3 -0.0576105   -0.43406    88.8222 -0.00958676  -0.0230226   0.0447923   26.513 -26.8847 -796.707  0.215528 -0.306844  0.349539 -0.925733  0.383444  0.104921 -0.291128 -0.222569  -9.80215 
               155.2 -0.448819  -2.06283   118.399  -4893.4  4856.77 -58971.2 -0.057693 -0.434011   88.8222 -0.00958751  -0.0230264   0.0447915  26.4329 -26.8317 -796.716  0.215344 -0.306905  0.348623 -0.925544  0.383635  0.104955 -0.291108 -0.222558  -9.80215 
               155.3  -1.76347 -0.278374   116.284  -4893.4  4856.77 -58971.2 -0.057693 -0.434011   88.8222 -0.00958751  -0.0230264   0.0447915  26.4329 -26.8317 -796.716  0.215344 -0.306905  0.348623 -0.925544  0.383635  0.104955 -0.291108 -0.222558  -9.80215 
               155.4  -1.75138 -0.278839   116.415 -4893.41  4856.77 -58971.2 -0.0577527  -0.434067    88.8222 -0.00958692  -0.0230234   0.0447972  26.4148 -26.8356 -796.731  0.215382 -0.306906  0.348652 -0.925595  0.383323  0.105163 -0.29114 -0.22259 -9.80215 
             155.506  -1.74298 -0.282844   116.392 -4885.35  4848.56 -59215.3 -0.0575761  -0.434198    88.8222 -0.00958808  -0.0230192   0.0448053  26.0506 -26.5704 -796.799  0.215436 -0.306913  0.348708 -0.925775  0.382874  0.105271 -0.291198 -0.222617  -9.80215 
             159.113 -5.99427  4.62159  109.898    -4792  4753.15 -62089.4 -0.0575761  -0.434198    88.8222 -0.00958808  -0.0230192   0.0448053  19.7209 -21.7787 -798.815  0.215436 -0.306913  0.348708 -0.925775  0.382874  0.105271 -0.291198 -0.222617  -9.80215 
             159.113 -76.9734   4.3058  17.5064    -4792  4753.15 -62089.4 -0.0575761  -0.434198    88.8222 -0.00958808  -0.0230192   0.0448053  19.7209 -21.7787 -798.815  0.215436 -0.306913  0.348708 -0.925775  0.382874  0.105271 -0.291198 -0.222617  -9.80215 
             159.114 -76.9564  4.28269  16.9385    -4792  4753.15 -62089.4 -0.0575776  -0.434198    88.8222 -0.0095875 -0.0230192   0.044805  19.7361 -21.7819 -798.805  0.215435 -0.306915   0.34871 -0.925775  0.382876  0.105248   -0.2912 -0.222615  -9.80215 
             159.114 -76.9591  4.28015  16.8705 -4791.99  4753.14 -62089.3 -0.0575982  -0.434171    88.8221 -0.00958324  -0.0230185   0.0448032  19.7826 -21.8259 -798.731  0.215433 -0.306909  0.348706 -0.925772  0.382883  0.105087 -0.291213 -0.222601  -9.80215 
             159.114 -76.9865  4.30886  17.5901    -4792  4753.15 -62089.3 -0.0583508  -0.446343     88.825 -0.00958274  -0.0230245   0.0448077  19.7662  -21.817 -798.722  0.215436 -0.306911  0.348707 -0.925617  0.384879  0.105064 -0.291228 -0.222661  -9.80215 
             159.115 -76.9861  4.35224  18.4606 -4791.98  4753.13 -62089.3 -0.0571022  -0.428539    88.8206 -0.00957575  -0.0230151    0.044798   19.845 -21.9253 -798.596   0.21543 -0.306887  0.348693 -0.925867  0.381981    0.1048 -0.291229 -0.222548  -9.80215 
              159.12 -76.9888  4.35489  18.5286 -4791.91  4753.05 -62092.2 -0.0572342  -0.430194     88.821 -0.00957596  -0.0230159   0.0447987  19.8314 -21.8874 -798.629  0.215431 -0.306888  0.348693 -0.925841  0.382251  0.104809  -0.29123 -0.222557  -9.80215 
